nohup: ignoring input
/opt/mamba/envs/lcc/lib/python3.10/site-packages/google/api_core/_python_version_support.py:266: FutureWarning: You are using a Python version (3.10.19) which Google will stop supporting in new releases of google.api_core once it reaches its end of life (2026-10-04). Please upgrade to the latest Python version, or at least Python 3.11, to continue receiving updates for google.api_core past that date.
  warnings.warn(message, FutureWarning)
/opt/mamba/envs/lcc/lib/python3.10/site-packages/google/api_core/_python_version_support.py:266: FutureWarning: You are using a Python version (3.10.19) which Google will stop supporting in new releases of google.cloud.aiplatform_v1beta1 once it reaches its end of life (2026-10-04). Please upgrade to the latest Python version, or at least Python 3.11, to continue receiving updates for google.cloud.aiplatform_v1beta1 past that date.
  warnings.warn(message, FutureWarning)
/opt/mamba/envs/lcc/lib/python3.10/site-packages/google/api_core/_python_version_support.py:266: FutureWarning: You are using a Python version (3.10.19) which Google will stop supporting in new releases of google.cloud.aiplatform_v1 once it reaches its end of life (2026-10-04). Please upgrade to the latest Python version, or at least Python 3.11, to continue receiving updates for google.cloud.aiplatform_v1 past that date.
  warnings.warn(message, FutureWarning)
/opt/mamba/envs/lcc/lib/python3.10/site-packages/google/api_core/_python_version_support.py:266: FutureWarning: You are using a Python version (3.10.19) which Google will stop supporting in new releases of google.cloud.aiplatform.v1.schema.predict.instance_v1 once it reaches its end of life (2026-10-04). Please upgrade to the latest Python version, or at least Python 3.11, to continue receiving updates for google.cloud.aiplatform.v1.schema.predict.instance_v1 past that date.
  warnings.warn(message, FutureWarning)
/opt/mamba/envs/lcc/lib/python3.10/site-packages/google/api_core/_python_version_support.py:266: FutureWarning: You are using a Python version (3.10.19) which Google will stop supporting in new releases of google.cloud.aiplatform.v1.schema.predict.params_v1 once it reaches its end of life (2026-10-04). Please upgrade to the latest Python version, or at least Python 3.11, to continue receiving updates for google.cloud.aiplatform.v1.schema.predict.params_v1 past that date.
  warnings.warn(message, FutureWarning)
/opt/mamba/envs/lcc/lib/python3.10/site-packages/google/api_core/_python_version_support.py:266: FutureWarning: You are using a Python version (3.10.19) which Google will stop supporting in new releases of google.cloud.aiplatform.v1.schema.predict.prediction_v1 once it reaches its end of life (2026-10-04). Please upgrade to the latest Python version, or at least Python 3.11, to continue receiving updates for google.cloud.aiplatform.v1.schema.predict.prediction_v1 past that date.
  warnings.warn(message, FutureWarning)
/opt/mamba/envs/lcc/lib/python3.10/site-packages/google/api_core/_python_version_support.py:266: FutureWarning: You are using a Python version (3.10.19) which Google will stop supporting in new releases of google.cloud.aiplatform.v1.schema.trainingjob.definition_v1 once it reaches its end of life (2026-10-04). Please upgrade to the latest Python version, or at least Python 3.11, to continue receiving updates for google.cloud.aiplatform.v1.schema.trainingjob.definition_v1 past that date.
  warnings.warn(message, FutureWarning)
/opt/mamba/envs/lcc/lib/python3.10/site-packages/google/api_core/_python_version_support.py:266: FutureWarning: You are using a Python version (3.10.19) which Google will stop supporting in new releases of google.cloud.aiplatform.v1beta1.schema.predict.instance_v1beta1 once it reaches its end of life (2026-10-04). Please upgrade to the latest Python version, or at least Python 3.11, to continue receiving updates for google.cloud.aiplatform.v1beta1.schema.predict.instance_v1beta1 past that date.
  warnings.warn(message, FutureWarning)
/opt/mamba/envs/lcc/lib/python3.10/site-packages/google/api_core/_python_version_support.py:266: FutureWarning: You are using a Python version (3.10.19) which Google will stop supporting in new releases of google.cloud.aiplatform.v1beta1.schema.predict.params_v1beta1 once it reaches its end of life (2026-10-04). Please upgrade to the latest Python version, or at least Python 3.11, to continue receiving updates for google.cloud.aiplatform.v1beta1.schema.predict.params_v1beta1 past that date.
  warnings.warn(message, FutureWarning)
/opt/mamba/envs/lcc/lib/python3.10/site-packages/google/api_core/_python_version_support.py:266: FutureWarning: You are using a Python version (3.10.19) which Google will stop supporting in new releases of google.cloud.aiplatform.v1beta1.schema.predict.prediction_v1beta1 once it reaches its end of life (2026-10-04). Please upgrade to the latest Python version, or at least Python 3.11, to continue receiving updates for google.cloud.aiplatform.v1beta1.schema.predict.prediction_v1beta1 past that date.
  warnings.warn(message, FutureWarning)
/opt/mamba/envs/lcc/lib/python3.10/site-packages/google/api_core/_python_version_support.py:266: FutureWarning: You are using a Python version (3.10.19) which Google will stop supporting in new releases of google.cloud.aiplatform.v1beta1.schema.trainingjob.definition_v1beta1 once it reaches its end of life (2026-10-04). Please upgrade to the latest Python version, or at least Python 3.11, to continue receiving updates for google.cloud.aiplatform.v1beta1.schema.trainingjob.definition_v1beta1 past that date.
  warnings.warn(message, FutureWarning)
2026-03-03 15:21:31,539 INFO Running property_extract_pipeline categories thermal,optical,mechanical,electrical,other base_dir /share/lcc/paper/10.1002 entry_file 
2026-03-03 15:21:50,761 INFO Prepared input_jsonl category thermal files 937 rows 937 path /share/lcc/paper/10.1002/thermal_input.jsonl
2026-03-03 15:21:50,761 INFO Running category thermal entry_file /share/lcc/paper/10.1002/thermal_input.jsonl prompt_dir /share/lcc/dataflow-dp/prompts schema_dir /share/lcc/dataflow-dp/schemas
2026-03-03 15:21:51,106 INFO Running ExtractCategoryProperties category thermal prompts 1
2026-03-03 15:21:51,106 INFO ExtractCategoryProperties stage llm_run category thermal key thermal
2026-03-03 15:21:51,106 INFO Running ChunkedPromptedGenerator...
2026-03-03 15:21:52,043 INFO Loaded DataFrame with 937 rows.
2026-03-03 15:21:52,044 INFO Row 0: chunking disabled, using 1 chunk
2026-03-03 15:21:52,062 INFO Row 1: chunking disabled, using 1 chunk
2026-03-03 15:21:52,064 INFO Row 2: chunking disabled, using 1 chunk
2026-03-03 15:21:52,068 INFO Row 3: chunking disabled, using 1 chunk
2026-03-03 15:21:52,072 INFO Row 4: chunking disabled, using 1 chunk
2026-03-03 15:21:52,076 INFO Row 5: chunking disabled, using 1 chunk
2026-03-03 15:21:52,081 INFO Row 6: chunking disabled, using 1 chunk
2026-03-03 15:21:52,085 INFO Row 7: chunking disabled, using 1 chunk
2026-03-03 15:21:52,088 INFO Row 8: chunking disabled, using 1 chunk
2026-03-03 15:21:52,091 INFO Row 9: chunking disabled, using 1 chunk
2026-03-03 15:21:52,094 INFO Row 10: chunking disabled, using 1 chunk
2026-03-03 15:21:52,098 INFO Row 11: chunking disabled, using 1 chunk
2026-03-03 15:21:52,102 INFO Row 12: chunking disabled, using 1 chunk
2026-03-03 15:21:52,105 INFO Row 13: chunking disabled, using 1 chunk
2026-03-03 15:21:52,108 INFO Row 14: chunking disabled, using 1 chunk
2026-03-03 15:21:52,111 INFO Row 15: chunking disabled, using 1 chunk
2026-03-03 15:21:52,115 INFO Row 16: chunking disabled, using 1 chunk
2026-03-03 15:21:52,118 INFO Row 17: chunking disabled, using 1 chunk
2026-03-03 15:21:52,129 INFO Row 18: chunking disabled, using 1 chunk
2026-03-03 15:21:52,130 INFO Row 19: chunking disabled, using 1 chunk
2026-03-03 15:21:52,135 INFO Row 20: chunking disabled, using 1 chunk
2026-03-03 15:21:52,138 INFO Row 21: chunking disabled, using 1 chunk
2026-03-03 15:21:52,141 INFO Row 22: chunking disabled, using 1 chunk
2026-03-03 15:21:52,157 INFO Row 23: chunking disabled, using 1 chunk
2026-03-03 15:21:52,164 INFO Row 24: chunking disabled, using 1 chunk
2026-03-03 15:21:52,165 INFO Row 25: chunking disabled, using 1 chunk
2026-03-03 15:21:52,172 INFO Row 26: chunking disabled, using 1 chunk
2026-03-03 15:21:52,181 INFO Row 27: chunking disabled, using 1 chunk
2026-03-03 15:21:52,207 INFO Row 28: chunking disabled, using 1 chunk
2026-03-03 15:21:52,219 INFO Row 29: chunking disabled, using 1 chunk
2026-03-03 15:21:52,220 INFO Row 30: chunking disabled, using 1 chunk
2026-03-03 15:21:52,222 INFO Row 31: chunking disabled, using 1 chunk
2026-03-03 15:21:52,237 INFO Row 32: chunking disabled, using 1 chunk
2026-03-03 15:21:52,238 INFO Row 33: chunking disabled, using 1 chunk
2026-03-03 15:21:52,239 INFO Row 34: chunking disabled, using 1 chunk
2026-03-03 15:21:52,246 INFO Row 35: chunking disabled, using 1 chunk
2026-03-03 15:21:52,270 INFO Row 36: chunking disabled, using 1 chunk
2026-03-03 15:21:52,281 INFO Row 37: chunking disabled, using 1 chunk
2026-03-03 15:21:52,299 INFO Row 38: chunking disabled, using 1 chunk
2026-03-03 15:21:52,301 INFO Row 39: chunking disabled, using 1 chunk
2026-03-03 15:21:52,302 INFO Row 40: chunking disabled, using 1 chunk
2026-03-03 15:21:52,304 INFO Row 41: chunking disabled, using 1 chunk
2026-03-03 15:21:52,305 INFO Row 42: chunking disabled, using 1 chunk
2026-03-03 15:21:52,317 INFO Row 43: chunking disabled, using 1 chunk
2026-03-03 15:21:52,319 INFO Row 44: chunking disabled, using 1 chunk
2026-03-03 15:21:52,323 INFO Row 45: chunking disabled, using 1 chunk
2026-03-03 15:21:52,327 INFO Row 46: chunking disabled, using 1 chunk
2026-03-03 15:21:52,331 INFO Row 47: chunking disabled, using 1 chunk
2026-03-03 15:21:52,334 INFO Row 48: chunking disabled, using 1 chunk
2026-03-03 15:21:52,337 INFO Row 49: chunking disabled, using 1 chunk
2026-03-03 15:21:52,340 INFO Row 50: chunking disabled, using 1 chunk
2026-03-03 15:21:52,344 INFO Row 51: chunking disabled, using 1 chunk
2026-03-03 15:21:52,346 INFO Row 52: chunking disabled, using 1 chunk
2026-03-03 15:21:52,350 INFO Row 53: chunking disabled, using 1 chunk
2026-03-03 15:21:52,354 INFO Row 54: chunking disabled, using 1 chunk
2026-03-03 15:21:52,357 INFO Row 55: chunking disabled, using 1 chunk
2026-03-03 15:21:52,361 INFO Row 56: chunking disabled, using 1 chunk
2026-03-03 15:21:52,364 INFO Row 57: chunking disabled, using 1 chunk
2026-03-03 15:21:52,372 INFO Row 58: chunking disabled, using 1 chunk
2026-03-03 15:21:52,373 INFO Row 59: chunking disabled, using 1 chunk
2026-03-03 15:21:52,376 INFO Row 60: chunking disabled, using 1 chunk
2026-03-03 15:21:52,380 INFO Row 61: chunking disabled, using 1 chunk
2026-03-03 15:21:52,383 INFO Row 62: chunking disabled, using 1 chunk
2026-03-03 15:21:52,387 INFO Row 63: chunking disabled, using 1 chunk
2026-03-03 15:21:52,390 INFO Row 64: chunking disabled, using 1 chunk
2026-03-03 15:21:52,407 INFO Row 65: chunking disabled, using 1 chunk
2026-03-03 15:21:52,410 INFO Row 66: chunking disabled, using 1 chunk
2026-03-03 15:21:52,414 INFO Row 67: chunking disabled, using 1 chunk
2026-03-03 15:21:52,417 INFO Row 68: chunking disabled, using 1 chunk
2026-03-03 15:21:52,420 INFO Row 69: chunking disabled, using 1 chunk
2026-03-03 15:21:52,424 INFO Row 70: chunking disabled, using 1 chunk
2026-03-03 15:21:52,427 INFO Row 71: chunking disabled, using 1 chunk
2026-03-03 15:21:52,430 INFO Row 72: chunking disabled, using 1 chunk
2026-03-03 15:21:52,434 INFO Row 73: chunking disabled, using 1 chunk
2026-03-03 15:21:52,437 INFO Row 74: chunking disabled, using 1 chunk
2026-03-03 15:21:52,441 INFO Row 75: chunking disabled, using 1 chunk
2026-03-03 15:21:52,444 INFO Row 76: chunking disabled, using 1 chunk
2026-03-03 15:21:52,448 INFO Row 77: chunking disabled, using 1 chunk
2026-03-03 15:21:52,451 INFO Row 78: chunking disabled, using 1 chunk
2026-03-03 15:21:52,463 INFO Row 79: chunking disabled, using 1 chunk
2026-03-03 15:21:52,476 INFO Row 80: chunking disabled, using 1 chunk
2026-03-03 15:21:52,490 INFO Row 81: chunking disabled, using 1 chunk
2026-03-03 15:21:52,501 INFO Row 82: chunking disabled, using 1 chunk
2026-03-03 15:21:52,513 INFO Row 83: chunking disabled, using 1 chunk
2026-03-03 15:21:52,525 INFO Row 84: chunking disabled, using 1 chunk
2026-03-03 15:21:52,537 INFO Row 85: chunking disabled, using 1 chunk
2026-03-03 15:21:52,539 INFO Row 86: chunking disabled, using 1 chunk
2026-03-03 15:21:52,541 INFO Row 87: chunking disabled, using 1 chunk
2026-03-03 15:21:52,543 INFO Row 88: chunking disabled, using 1 chunk
2026-03-03 15:21:52,545 INFO Row 89: chunking disabled, using 1 chunk
2026-03-03 15:21:52,547 INFO Row 90: chunking disabled, using 1 chunk
2026-03-03 15:21:52,549 INFO Row 91: chunking disabled, using 1 chunk
2026-03-03 15:21:52,553 INFO Row 92: chunking disabled, using 1 chunk
2026-03-03 15:21:52,556 INFO Row 93: chunking disabled, using 1 chunk
2026-03-03 15:21:52,559 INFO Row 94: chunking disabled, using 1 chunk
2026-03-03 15:21:52,564 INFO Row 95: chunking disabled, using 1 chunk
2026-03-03 15:21:52,582 INFO Row 96: chunking disabled, using 1 chunk
2026-03-03 15:21:52,586 INFO Row 97: chunking disabled, using 1 chunk
2026-03-03 15:21:52,589 INFO Row 98: chunking disabled, using 1 chunk
2026-03-03 15:21:52,594 INFO Row 99: chunking disabled, using 1 chunk
2026-03-03 15:21:52,598 INFO Row 100: chunking disabled, using 1 chunk
2026-03-03 15:21:52,602 INFO Row 101: chunking disabled, using 1 chunk
2026-03-03 15:21:52,606 INFO Row 102: chunking disabled, using 1 chunk
2026-03-03 15:21:52,608 INFO Row 103: chunking disabled, using 1 chunk
2026-03-03 15:21:52,611 INFO Row 104: chunking disabled, using 1 chunk
2026-03-03 15:21:52,615 INFO Row 105: chunking disabled, using 1 chunk
2026-03-03 15:21:52,618 INFO Row 106: chunking disabled, using 1 chunk
2026-03-03 15:21:52,621 INFO Row 107: chunking disabled, using 1 chunk
2026-03-03 15:21:52,624 INFO Row 108: chunking disabled, using 1 chunk
2026-03-03 15:21:52,627 INFO Row 109: chunking disabled, using 1 chunk
2026-03-03 15:21:52,630 INFO Row 110: chunking disabled, using 1 chunk
2026-03-03 15:21:52,634 INFO Row 111: chunking disabled, using 1 chunk
2026-03-03 15:21:52,637 INFO Row 112: chunking disabled, using 1 chunk
2026-03-03 15:21:52,640 INFO Row 113: chunking disabled, using 1 chunk
2026-03-03 15:21:52,643 INFO Row 114: chunking disabled, using 1 chunk
2026-03-03 15:21:52,646 INFO Row 115: chunking disabled, using 1 chunk
2026-03-03 15:21:52,649 INFO Row 116: chunking disabled, using 1 chunk
2026-03-03 15:21:52,652 INFO Row 117: chunking disabled, using 1 chunk
2026-03-03 15:21:52,656 INFO Row 118: chunking disabled, using 1 chunk
2026-03-03 15:21:52,659 INFO Row 119: chunking disabled, using 1 chunk
2026-03-03 15:21:52,663 INFO Row 120: chunking disabled, using 1 chunk
2026-03-03 15:21:52,666 INFO Row 121: chunking disabled, using 1 chunk
2026-03-03 15:21:52,669 INFO Row 122: chunking disabled, using 1 chunk
2026-03-03 15:21:52,672 INFO Row 123: chunking disabled, using 1 chunk
2026-03-03 15:21:52,676 INFO Row 124: chunking disabled, using 1 chunk
2026-03-03 15:21:52,679 INFO Row 125: chunking disabled, using 1 chunk
2026-03-03 15:21:52,682 INFO Row 126: chunking disabled, using 1 chunk
2026-03-03 15:21:52,685 INFO Row 127: chunking disabled, using 1 chunk
2026-03-03 15:21:52,689 INFO Row 128: chunking disabled, using 1 chunk
2026-03-03 15:21:52,692 INFO Row 129: chunking disabled, using 1 chunk
2026-03-03 15:21:52,696 INFO Row 130: chunking disabled, using 1 chunk
2026-03-03 15:21:52,699 INFO Row 131: chunking disabled, using 1 chunk
2026-03-03 15:21:52,703 INFO Row 132: chunking disabled, using 1 chunk
2026-03-03 15:21:52,706 INFO Row 133: chunking disabled, using 1 chunk
2026-03-03 15:21:52,710 INFO Row 134: chunking disabled, using 1 chunk
2026-03-03 15:21:52,713 INFO Row 135: chunking disabled, using 1 chunk
2026-03-03 15:21:52,716 INFO Row 136: chunking disabled, using 1 chunk
2026-03-03 15:21:52,719 INFO Row 137: chunking disabled, using 1 chunk
2026-03-03 15:21:52,722 INFO Row 138: chunking disabled, using 1 chunk
2026-03-03 15:21:52,726 INFO Row 139: chunking disabled, using 1 chunk
2026-03-03 15:21:52,729 INFO Row 140: chunking disabled, using 1 chunk
2026-03-03 15:21:52,732 INFO Row 141: chunking disabled, using 1 chunk
2026-03-03 15:21:52,736 INFO Row 142: chunking disabled, using 1 chunk
2026-03-03 15:21:52,739 INFO Row 143: chunking disabled, using 1 chunk
2026-03-03 15:21:52,741 INFO Row 144: chunking disabled, using 1 chunk
2026-03-03 15:21:52,743 INFO Row 145: chunking disabled, using 1 chunk
2026-03-03 15:21:52,745 INFO Row 146: chunking disabled, using 1 chunk
2026-03-03 15:21:52,746 INFO Row 147: chunking disabled, using 1 chunk
2026-03-03 15:21:52,748 INFO Row 148: chunking disabled, using 1 chunk
2026-03-03 15:21:52,752 INFO Row 149: chunking disabled, using 1 chunk
2026-03-03 15:21:52,755 INFO Row 150: chunking disabled, using 1 chunk
2026-03-03 15:21:52,757 INFO Row 151: chunking disabled, using 1 chunk
2026-03-03 15:21:52,761 INFO Row 152: chunking disabled, using 1 chunk
2026-03-03 15:21:52,764 INFO Row 153: chunking disabled, using 1 chunk
2026-03-03 15:21:52,767 INFO Row 154: chunking disabled, using 1 chunk
2026-03-03 15:21:52,771 INFO Row 155: chunking disabled, using 1 chunk
2026-03-03 15:21:52,779 INFO Row 156: chunking disabled, using 1 chunk
2026-03-03 15:21:52,782 INFO Row 157: chunking disabled, using 1 chunk
2026-03-03 15:21:52,785 INFO Row 158: chunking disabled, using 1 chunk
2026-03-03 15:21:52,789 INFO Row 159: chunking disabled, using 1 chunk
2026-03-03 15:21:52,793 INFO Row 160: chunking disabled, using 1 chunk
2026-03-03 15:21:52,796 INFO Row 161: chunking disabled, using 1 chunk
2026-03-03 15:21:52,799 INFO Row 162: chunking disabled, using 1 chunk
2026-03-03 15:21:52,802 INFO Row 163: chunking disabled, using 1 chunk
2026-03-03 15:21:52,808 INFO Row 164: chunking disabled, using 1 chunk
2026-03-03 15:21:52,811 INFO Row 165: chunking disabled, using 1 chunk
2026-03-03 15:21:52,814 INFO Row 166: chunking disabled, using 1 chunk
2026-03-03 15:21:52,818 INFO Row 167: chunking disabled, using 1 chunk
2026-03-03 15:21:52,821 INFO Row 168: chunking disabled, using 1 chunk
2026-03-03 15:21:52,825 INFO Row 169: chunking disabled, using 1 chunk
2026-03-03 15:21:52,828 INFO Row 170: chunking disabled, using 1 chunk
2026-03-03 15:21:52,841 INFO Row 171: chunking disabled, using 1 chunk
2026-03-03 15:21:52,844 INFO Row 172: chunking disabled, using 1 chunk
2026-03-03 15:21:52,847 INFO Row 173: chunking disabled, using 1 chunk
2026-03-03 15:21:52,850 INFO Row 174: chunking disabled, using 1 chunk
2026-03-03 15:21:52,859 INFO Row 175: chunking disabled, using 1 chunk
2026-03-03 15:21:52,863 INFO Row 176: chunking disabled, using 1 chunk
2026-03-03 15:21:52,866 INFO Row 177: chunking disabled, using 1 chunk
2026-03-03 15:21:52,878 INFO Row 178: chunking disabled, using 1 chunk
2026-03-03 15:21:52,882 INFO Row 179: chunking disabled, using 1 chunk
2026-03-03 15:21:52,883 INFO Row 180: chunking disabled, using 1 chunk
2026-03-03 15:21:52,884 INFO Row 181: chunking disabled, using 1 chunk
2026-03-03 15:21:52,904 INFO Row 182: chunking disabled, using 1 chunk
2026-03-03 15:21:52,915 INFO Row 183: chunking disabled, using 1 chunk
2026-03-03 15:21:52,927 INFO Row 184: chunking disabled, using 1 chunk
2026-03-03 15:21:52,931 INFO Row 185: chunking disabled, using 1 chunk
2026-03-03 15:21:52,935 INFO Row 186: chunking disabled, using 1 chunk
2026-03-03 15:21:52,948 INFO Row 187: chunking disabled, using 1 chunk
2026-03-03 15:21:52,953 INFO Row 188: chunking disabled, using 1 chunk
2026-03-03 15:21:52,957 INFO Row 189: chunking disabled, using 1 chunk
2026-03-03 15:21:52,960 INFO Row 190: chunking disabled, using 1 chunk
2026-03-03 15:21:52,965 INFO Row 191: chunking disabled, using 1 chunk
2026-03-03 15:21:52,969 INFO Row 192: chunking disabled, using 1 chunk
2026-03-03 15:21:52,973 INFO Row 193: chunking disabled, using 1 chunk
2026-03-03 15:21:52,976 INFO Row 194: chunking disabled, using 1 chunk
2026-03-03 15:21:52,980 INFO Row 195: chunking disabled, using 1 chunk
2026-03-03 15:21:52,984 INFO Row 196: chunking disabled, using 1 chunk
2026-03-03 15:21:52,988 INFO Row 197: chunking disabled, using 1 chunk
2026-03-03 15:21:52,992 INFO Row 198: chunking disabled, using 1 chunk
2026-03-03 15:21:52,996 INFO Row 199: chunking disabled, using 1 chunk
2026-03-03 15:21:53,001 INFO Row 200: chunking disabled, using 1 chunk
2026-03-03 15:21:53,003 INFO Row 201: chunking disabled, using 1 chunk
2026-03-03 15:21:53,005 INFO Row 202: chunking disabled, using 1 chunk
2026-03-03 15:21:53,008 INFO Row 203: chunking disabled, using 1 chunk
2026-03-03 15:21:53,011 INFO Row 204: chunking disabled, using 1 chunk
2026-03-03 15:21:53,013 INFO Row 205: chunking disabled, using 1 chunk
2026-03-03 15:21:53,015 INFO Row 206: chunking disabled, using 1 chunk
2026-03-03 15:21:53,018 INFO Row 207: chunking disabled, using 1 chunk
2026-03-03 15:21:53,021 INFO Row 208: chunking disabled, using 1 chunk
2026-03-03 15:21:53,024 INFO Row 209: chunking disabled, using 1 chunk
2026-03-03 15:21:53,028 INFO Row 210: chunking disabled, using 1 chunk
2026-03-03 15:21:53,030 INFO Row 211: chunking disabled, using 1 chunk
2026-03-03 15:21:53,034 INFO Row 212: chunking disabled, using 1 chunk
2026-03-03 15:21:53,038 INFO Row 213: chunking disabled, using 1 chunk
2026-03-03 15:21:53,042 INFO Row 214: chunking disabled, using 1 chunk
2026-03-03 15:21:53,045 INFO Row 215: chunking disabled, using 1 chunk
2026-03-03 15:21:53,049 INFO Row 216: chunking disabled, using 1 chunk
2026-03-03 15:21:53,051 INFO Row 217: chunking disabled, using 1 chunk
2026-03-03 15:21:53,055 INFO Row 218: chunking disabled, using 1 chunk
2026-03-03 15:21:53,058 INFO Row 219: chunking disabled, using 1 chunk
2026-03-03 15:21:53,061 INFO Row 220: chunking disabled, using 1 chunk
2026-03-03 15:21:53,064 INFO Row 221: chunking disabled, using 1 chunk
2026-03-03 15:21:53,068 INFO Row 222: chunking disabled, using 1 chunk
2026-03-03 15:21:53,072 INFO Row 223: chunking disabled, using 1 chunk
2026-03-03 15:21:53,074 INFO Row 224: chunking disabled, using 1 chunk
2026-03-03 15:21:53,078 INFO Row 225: chunking disabled, using 1 chunk
2026-03-03 15:21:53,081 INFO Row 226: chunking disabled, using 1 chunk
2026-03-03 15:21:53,085 INFO Row 227: chunking disabled, using 1 chunk
2026-03-03 15:21:53,088 INFO Row 228: chunking disabled, using 1 chunk
2026-03-03 15:21:53,091 INFO Row 229: chunking disabled, using 1 chunk
2026-03-03 15:21:53,094 INFO Row 230: chunking disabled, using 1 chunk
2026-03-03 15:21:53,098 INFO Row 231: chunking disabled, using 1 chunk
2026-03-03 15:21:53,101 INFO Row 232: chunking disabled, using 1 chunk
2026-03-03 15:21:53,104 INFO Row 233: chunking disabled, using 1 chunk
2026-03-03 15:21:53,107 INFO Row 234: chunking disabled, using 1 chunk
2026-03-03 15:21:53,111 INFO Row 235: chunking disabled, using 1 chunk
2026-03-03 15:21:53,115 INFO Row 236: chunking disabled, using 1 chunk
2026-03-03 15:21:53,118 INFO Row 237: chunking disabled, using 1 chunk
2026-03-03 15:21:53,121 INFO Row 238: chunking disabled, using 1 chunk
2026-03-03 15:21:53,124 INFO Row 239: chunking disabled, using 1 chunk
2026-03-03 15:21:53,127 INFO Row 240: chunking disabled, using 1 chunk
2026-03-03 15:21:53,130 INFO Row 241: chunking disabled, using 1 chunk
2026-03-03 15:21:53,134 INFO Row 242: chunking disabled, using 1 chunk
2026-03-03 15:21:53,138 INFO Row 243: chunking disabled, using 1 chunk
2026-03-03 15:21:53,141 INFO Row 244: chunking disabled, using 1 chunk
2026-03-03 15:21:53,144 INFO Row 245: chunking disabled, using 1 chunk
2026-03-03 15:21:53,147 INFO Row 246: chunking disabled, using 1 chunk
2026-03-03 15:21:53,150 INFO Row 247: chunking disabled, using 1 chunk
2026-03-03 15:21:53,153 INFO Row 248: chunking disabled, using 1 chunk
2026-03-03 15:21:53,156 INFO Row 249: chunking disabled, using 1 chunk
2026-03-03 15:21:53,160 INFO Row 250: chunking disabled, using 1 chunk
2026-03-03 15:21:53,162 INFO Row 251: chunking disabled, using 1 chunk
2026-03-03 15:21:53,167 INFO Row 252: chunking disabled, using 1 chunk
2026-03-03 15:21:53,169 INFO Row 253: chunking disabled, using 1 chunk
2026-03-03 15:21:53,173 INFO Row 254: chunking disabled, using 1 chunk
2026-03-03 15:21:53,177 INFO Row 255: chunking disabled, using 1 chunk
2026-03-03 15:21:53,180 INFO Row 256: chunking disabled, using 1 chunk
2026-03-03 15:21:53,183 INFO Row 257: chunking disabled, using 1 chunk
2026-03-03 15:21:53,188 INFO Row 258: chunking disabled, using 1 chunk
2026-03-03 15:21:53,190 INFO Row 259: chunking disabled, using 1 chunk
2026-03-03 15:21:53,191 INFO Row 260: chunking disabled, using 1 chunk
2026-03-03 15:21:53,193 INFO Row 261: chunking disabled, using 1 chunk
2026-03-03 15:21:53,195 INFO Row 262: chunking disabled, using 1 chunk
2026-03-03 15:21:53,197 INFO Row 263: chunking disabled, using 1 chunk
2026-03-03 15:21:53,199 INFO Row 264: chunking disabled, using 1 chunk
2026-03-03 15:21:53,203 INFO Row 265: chunking disabled, using 1 chunk
2026-03-03 15:21:53,206 INFO Row 266: chunking disabled, using 1 chunk
2026-03-03 15:21:53,209 INFO Row 267: chunking disabled, using 1 chunk
2026-03-03 15:21:53,212 INFO Row 268: chunking disabled, using 1 chunk
2026-03-03 15:21:53,216 INFO Row 269: chunking disabled, using 1 chunk
2026-03-03 15:21:53,219 INFO Row 270: chunking disabled, using 1 chunk
2026-03-03 15:21:53,223 INFO Row 271: chunking disabled, using 1 chunk
2026-03-03 15:21:53,237 INFO Row 272: chunking disabled, using 1 chunk
2026-03-03 15:21:53,241 INFO Row 273: chunking disabled, using 1 chunk
2026-03-03 15:21:53,244 INFO Row 274: chunking disabled, using 1 chunk
2026-03-03 15:21:53,247 INFO Row 275: chunking disabled, using 1 chunk
2026-03-03 15:21:53,251 INFO Row 276: chunking disabled, using 1 chunk
2026-03-03 15:21:53,265 INFO Row 277: chunking disabled, using 1 chunk
2026-03-03 15:21:53,269 INFO Row 278: chunking disabled, using 1 chunk
2026-03-03 15:21:53,272 INFO Row 279: chunking disabled, using 1 chunk
2026-03-03 15:21:53,276 INFO Row 280: chunking disabled, using 1 chunk
2026-03-03 15:21:53,279 INFO Row 281: chunking disabled, using 1 chunk
2026-03-03 15:21:53,283 INFO Row 282: chunking disabled, using 1 chunk
2026-03-03 15:21:53,286 INFO Row 283: chunking disabled, using 1 chunk
2026-03-03 15:21:53,289 INFO Row 284: chunking disabled, using 1 chunk
2026-03-03 15:21:53,292 INFO Row 285: chunking disabled, using 1 chunk
2026-03-03 15:21:53,296 INFO Row 286: chunking disabled, using 1 chunk
2026-03-03 15:21:53,298 INFO Row 287: chunking disabled, using 1 chunk
2026-03-03 15:21:53,302 INFO Row 288: chunking disabled, using 1 chunk
2026-03-03 15:21:53,305 INFO Row 289: chunking disabled, using 1 chunk
2026-03-03 15:21:53,322 INFO Row 290: chunking disabled, using 1 chunk
2026-03-03 15:21:53,327 INFO Row 291: chunking disabled, using 1 chunk
2026-03-03 15:21:53,330 INFO Row 292: chunking disabled, using 1 chunk
2026-03-03 15:21:53,336 INFO Row 293: chunking disabled, using 1 chunk
2026-03-03 15:21:53,340 INFO Row 294: chunking disabled, using 1 chunk
2026-03-03 15:21:53,344 INFO Row 295: chunking disabled, using 1 chunk
2026-03-03 15:21:53,347 INFO Row 296: chunking disabled, using 1 chunk
2026-03-03 15:21:53,350 INFO Row 297: chunking disabled, using 1 chunk
2026-03-03 15:21:53,353 INFO Row 298: chunking disabled, using 1 chunk
2026-03-03 15:21:53,357 INFO Row 299: chunking disabled, using 1 chunk
2026-03-03 15:21:53,360 INFO Row 300: chunking disabled, using 1 chunk
2026-03-03 15:21:53,364 INFO Row 301: chunking disabled, using 1 chunk
2026-03-03 15:21:53,368 INFO Row 302: chunking disabled, using 1 chunk
2026-03-03 15:21:53,371 INFO Row 303: chunking disabled, using 1 chunk
2026-03-03 15:21:53,374 INFO Row 304: chunking disabled, using 1 chunk
2026-03-03 15:21:53,378 INFO Row 305: chunking disabled, using 1 chunk
2026-03-03 15:21:53,381 INFO Row 306: chunking disabled, using 1 chunk
2026-03-03 15:21:53,384 INFO Row 307: chunking disabled, using 1 chunk
2026-03-03 15:21:53,387 INFO Row 308: chunking disabled, using 1 chunk
2026-03-03 15:21:53,390 INFO Row 309: chunking disabled, using 1 chunk
2026-03-03 15:21:53,395 INFO Row 310: chunking disabled, using 1 chunk
2026-03-03 15:21:53,398 INFO Row 311: chunking disabled, using 1 chunk
2026-03-03 15:21:53,410 INFO Row 312: chunking disabled, using 1 chunk
2026-03-03 15:21:53,421 INFO Row 313: chunking disabled, using 1 chunk
2026-03-03 15:21:53,425 INFO Row 314: chunking disabled, using 1 chunk
2026-03-03 15:21:53,426 INFO Row 315: chunking disabled, using 1 chunk
2026-03-03 15:21:53,427 INFO Row 316: chunking disabled, using 1 chunk
2026-03-03 15:21:53,439 INFO Row 317: chunking disabled, using 1 chunk
2026-03-03 15:21:53,443 INFO Row 318: chunking disabled, using 1 chunk
2026-03-03 15:21:53,446 INFO Row 319: chunking disabled, using 1 chunk
2026-03-03 15:21:53,448 INFO Row 320: chunking disabled, using 1 chunk
2026-03-03 15:21:53,460 INFO Row 321: chunking disabled, using 1 chunk
2026-03-03 15:21:53,462 INFO Row 322: chunking disabled, using 1 chunk
2026-03-03 15:21:53,463 INFO Row 323: chunking disabled, using 1 chunk
2026-03-03 15:21:53,465 INFO Row 324: chunking disabled, using 1 chunk
2026-03-03 15:21:53,476 INFO Row 325: chunking disabled, using 1 chunk
2026-03-03 15:21:53,481 INFO Row 326: chunking disabled, using 1 chunk
2026-03-03 15:21:53,492 INFO Row 327: chunking disabled, using 1 chunk
2026-03-03 15:21:53,503 INFO Row 328: chunking disabled, using 1 chunk
2026-03-03 15:21:53,515 INFO Row 329: chunking disabled, using 1 chunk
2026-03-03 15:21:53,517 INFO Row 330: chunking disabled, using 1 chunk
2026-03-03 15:21:53,518 INFO Row 331: chunking disabled, using 1 chunk
2026-03-03 15:21:53,520 INFO Row 332: chunking disabled, using 1 chunk
2026-03-03 15:21:53,521 INFO Row 333: chunking disabled, using 1 chunk
2026-03-03 15:21:53,522 INFO Row 334: chunking disabled, using 1 chunk
2026-03-03 15:21:53,525 INFO Row 335: chunking disabled, using 1 chunk
2026-03-03 15:21:53,537 INFO Row 336: chunking disabled, using 1 chunk
2026-03-03 15:21:53,549 INFO Row 337: chunking disabled, using 1 chunk
2026-03-03 15:21:53,557 INFO Row 338: chunking disabled, using 1 chunk
2026-03-03 15:21:53,562 INFO Row 339: chunking disabled, using 1 chunk
2026-03-03 15:21:53,566 INFO Row 340: chunking disabled, using 1 chunk
2026-03-03 15:21:53,568 INFO Row 341: chunking disabled, using 1 chunk
2026-03-03 15:21:53,571 INFO Row 342: chunking disabled, using 1 chunk
2026-03-03 15:21:53,576 INFO Row 343: chunking disabled, using 1 chunk
2026-03-03 15:21:53,581 INFO Row 344: chunking disabled, using 1 chunk
2026-03-03 15:21:53,585 INFO Row 345: chunking disabled, using 1 chunk
2026-03-03 15:21:53,589 INFO Row 346: chunking disabled, using 1 chunk
2026-03-03 15:21:53,592 INFO Row 347: chunking disabled, using 1 chunk
2026-03-03 15:21:53,595 INFO Row 348: chunking disabled, using 1 chunk
2026-03-03 15:21:53,598 INFO Row 349: chunking disabled, using 1 chunk
2026-03-03 15:21:53,601 INFO Row 350: chunking disabled, using 1 chunk
2026-03-03 15:21:53,605 INFO Row 351: chunking disabled, using 1 chunk
2026-03-03 15:21:53,608 INFO Row 352: chunking disabled, using 1 chunk
2026-03-03 15:21:53,611 INFO Row 353: chunking disabled, using 1 chunk
2026-03-03 15:21:53,615 INFO Row 354: chunking disabled, using 1 chunk
2026-03-03 15:21:53,618 INFO Row 355: chunking disabled, using 1 chunk
2026-03-03 15:21:53,622 INFO Row 356: chunking disabled, using 1 chunk
2026-03-03 15:21:53,626 INFO Row 357: chunking disabled, using 1 chunk
2026-03-03 15:21:53,628 INFO Row 358: chunking disabled, using 1 chunk
2026-03-03 15:21:53,632 INFO Row 359: chunking disabled, using 1 chunk
2026-03-03 15:21:53,635 INFO Row 360: chunking disabled, using 1 chunk
2026-03-03 15:21:53,641 INFO Row 361: chunking disabled, using 1 chunk
2026-03-03 15:21:53,642 INFO Row 362: chunking disabled, using 1 chunk
2026-03-03 15:21:53,646 INFO Row 363: chunking disabled, using 1 chunk
2026-03-03 15:21:53,650 INFO Row 364: chunking disabled, using 1 chunk
2026-03-03 15:21:53,653 INFO Row 365: chunking disabled, using 1 chunk
2026-03-03 15:21:53,656 INFO Row 366: chunking disabled, using 1 chunk
2026-03-03 15:21:53,659 INFO Row 367: chunking disabled, using 1 chunk
2026-03-03 15:21:53,663 INFO Row 368: chunking disabled, using 1 chunk
2026-03-03 15:21:53,667 INFO Row 369: chunking disabled, using 1 chunk
2026-03-03 15:21:53,671 INFO Row 370: chunking disabled, using 1 chunk
2026-03-03 15:21:53,674 INFO Row 371: chunking disabled, using 1 chunk
2026-03-03 15:21:53,677 INFO Row 372: chunking disabled, using 1 chunk
2026-03-03 15:21:53,681 INFO Row 373: chunking disabled, using 1 chunk
2026-03-03 15:21:53,683 INFO Row 374: chunking disabled, using 1 chunk
2026-03-03 15:21:53,685 INFO Row 375: chunking disabled, using 1 chunk
2026-03-03 15:21:53,688 INFO Row 376: chunking disabled, using 1 chunk
2026-03-03 15:21:53,690 INFO Row 377: chunking disabled, using 1 chunk
2026-03-03 15:21:53,692 INFO Row 378: chunking disabled, using 1 chunk
2026-03-03 15:21:53,694 INFO Row 379: chunking disabled, using 1 chunk
2026-03-03 15:21:53,696 INFO Row 380: chunking disabled, using 1 chunk
2026-03-03 15:21:53,699 INFO Row 381: chunking disabled, using 1 chunk
2026-03-03 15:21:53,703 INFO Row 382: chunking disabled, using 1 chunk
2026-03-03 15:21:53,706 INFO Row 383: chunking disabled, using 1 chunk
2026-03-03 15:21:53,710 INFO Row 384: chunking disabled, using 1 chunk
2026-03-03 15:21:53,713 INFO Row 385: chunking disabled, using 1 chunk
2026-03-03 15:21:53,716 INFO Row 386: chunking disabled, using 1 chunk
2026-03-03 15:21:53,719 INFO Row 387: chunking disabled, using 1 chunk
2026-03-03 15:21:53,722 INFO Row 388: chunking disabled, using 1 chunk
2026-03-03 15:21:53,725 INFO Row 389: chunking disabled, using 1 chunk
2026-03-03 15:21:53,729 INFO Row 390: chunking disabled, using 1 chunk
2026-03-03 15:21:53,733 INFO Row 391: chunking disabled, using 1 chunk
2026-03-03 15:21:53,737 INFO Row 392: chunking disabled, using 1 chunk
2026-03-03 15:21:53,741 INFO Row 393: chunking disabled, using 1 chunk
2026-03-03 15:21:53,744 INFO Row 394: chunking disabled, using 1 chunk
2026-03-03 15:21:53,748 INFO Row 395: chunking disabled, using 1 chunk
2026-03-03 15:21:53,752 INFO Row 396: chunking disabled, using 1 chunk
2026-03-03 15:21:53,762 INFO Row 397: chunking disabled, using 1 chunk
2026-03-03 15:21:53,766 INFO Row 398: chunking disabled, using 1 chunk
2026-03-03 15:21:53,769 INFO Row 399: chunking disabled, using 1 chunk
2026-03-03 15:21:53,775 INFO Row 400: chunking disabled, using 1 chunk
2026-03-03 15:21:53,776 INFO Row 401: chunking disabled, using 1 chunk
2026-03-03 15:21:53,782 INFO Row 402: chunking disabled, using 1 chunk
2026-03-03 15:21:53,793 INFO Row 403: chunking disabled, using 1 chunk
2026-03-03 15:21:53,796 INFO Row 404: chunking disabled, using 1 chunk
2026-03-03 15:21:53,797 INFO Row 405: chunking disabled, using 1 chunk
2026-03-03 15:21:53,799 INFO Row 406: chunking disabled, using 1 chunk
2026-03-03 15:21:53,800 INFO Row 407: chunking disabled, using 1 chunk
2026-03-03 15:21:53,802 INFO Row 408: chunking disabled, using 1 chunk
2026-03-03 15:21:53,804 INFO Row 409: chunking disabled, using 1 chunk
2026-03-03 15:21:53,807 INFO Row 410: chunking disabled, using 1 chunk
2026-03-03 15:21:53,814 INFO Row 411: chunking disabled, using 1 chunk
2026-03-03 15:21:53,820 INFO Row 412: chunking disabled, using 1 chunk
2026-03-03 15:21:53,825 INFO Row 413: chunking disabled, using 1 chunk
2026-03-03 15:21:53,829 INFO Row 414: chunking disabled, using 1 chunk
2026-03-03 15:21:53,842 INFO Row 415: chunking disabled, using 1 chunk
2026-03-03 15:21:53,864 INFO Row 416: chunking disabled, using 1 chunk
2026-03-03 15:21:53,872 INFO Row 417: chunking disabled, using 1 chunk
2026-03-03 15:21:53,874 INFO Row 418: chunking disabled, using 1 chunk
2026-03-03 15:21:53,876 INFO Row 419: chunking disabled, using 1 chunk
2026-03-03 15:21:53,877 INFO Row 420: chunking disabled, using 1 chunk
2026-03-03 15:21:53,879 INFO Row 421: chunking disabled, using 1 chunk
2026-03-03 15:21:53,881 INFO Row 422: chunking disabled, using 1 chunk
2026-03-03 15:21:53,896 INFO Row 423: chunking disabled, using 1 chunk
2026-03-03 15:21:53,899 INFO Row 424: chunking disabled, using 1 chunk
2026-03-03 15:21:53,903 INFO Row 425: chunking disabled, using 1 chunk
2026-03-03 15:21:53,910 INFO Row 426: chunking disabled, using 1 chunk
2026-03-03 15:21:53,913 INFO Row 427: chunking disabled, using 1 chunk
2026-03-03 15:21:53,919 INFO Row 428: chunking disabled, using 1 chunk
2026-03-03 15:21:53,921 INFO Row 429: chunking disabled, using 1 chunk
2026-03-03 15:21:53,925 INFO Row 430: chunking disabled, using 1 chunk
2026-03-03 15:21:53,929 INFO Row 431: chunking disabled, using 1 chunk
2026-03-03 15:21:53,932 INFO Row 432: chunking disabled, using 1 chunk
2026-03-03 15:21:53,934 INFO Row 433: chunking disabled, using 1 chunk
2026-03-03 15:21:53,936 INFO Row 434: chunking disabled, using 1 chunk
2026-03-03 15:21:53,938 INFO Row 435: chunking disabled, using 1 chunk
2026-03-03 15:21:53,941 INFO Row 436: chunking disabled, using 1 chunk
2026-03-03 15:21:53,943 INFO Row 437: chunking disabled, using 1 chunk
2026-03-03 15:21:53,948 INFO Row 438: chunking disabled, using 1 chunk
2026-03-03 15:21:53,969 INFO Row 439: chunking disabled, using 1 chunk
2026-03-03 15:21:53,979 INFO Row 440: chunking disabled, using 1 chunk
2026-03-03 15:21:53,991 INFO Row 441: chunking disabled, using 1 chunk
2026-03-03 15:21:53,993 INFO Row 442: chunking disabled, using 1 chunk
2026-03-03 15:21:53,997 INFO Row 443: chunking disabled, using 1 chunk
2026-03-03 15:21:54,001 INFO Row 444: chunking disabled, using 1 chunk
2026-03-03 15:21:54,006 INFO Row 445: chunking disabled, using 1 chunk
2026-03-03 15:21:54,010 INFO Row 446: chunking disabled, using 1 chunk
2026-03-03 15:21:54,044 INFO Row 447: chunking disabled, using 1 chunk
2026-03-03 15:21:54,046 INFO Row 448: chunking disabled, using 1 chunk
2026-03-03 15:21:54,060 INFO Row 449: chunking disabled, using 1 chunk
2026-03-03 15:21:54,089 INFO Row 450: chunking disabled, using 1 chunk
2026-03-03 15:21:54,092 INFO Row 451: chunking disabled, using 1 chunk
2026-03-03 15:21:54,095 INFO Row 452: chunking disabled, using 1 chunk
2026-03-03 15:21:54,096 INFO Row 453: chunking disabled, using 1 chunk
2026-03-03 15:21:54,098 INFO Row 454: chunking disabled, using 1 chunk
2026-03-03 15:21:54,101 INFO Row 455: chunking disabled, using 1 chunk
2026-03-03 15:21:54,104 INFO Row 456: chunking disabled, using 1 chunk
2026-03-03 15:21:54,119 INFO Row 457: chunking disabled, using 1 chunk
2026-03-03 15:21:54,131 INFO Row 458: chunking disabled, using 1 chunk
2026-03-03 15:21:54,140 INFO Row 459: chunking disabled, using 1 chunk
2026-03-03 15:21:54,150 INFO Row 460: chunking disabled, using 1 chunk
2026-03-03 15:21:54,165 INFO Row 461: chunking disabled, using 1 chunk
2026-03-03 15:21:54,180 INFO Row 462: chunking disabled, using 1 chunk
2026-03-03 15:21:54,189 INFO Row 463: chunking disabled, using 1 chunk
2026-03-03 15:21:54,191 INFO Row 464: chunking disabled, using 1 chunk
2026-03-03 15:21:54,193 INFO Row 465: chunking disabled, using 1 chunk
2026-03-03 15:21:54,220 INFO Row 466: chunking disabled, using 1 chunk
2026-03-03 15:21:54,222 INFO Row 467: chunking disabled, using 1 chunk
2026-03-03 15:21:54,224 INFO Row 468: chunking disabled, using 1 chunk
2026-03-03 15:21:54,225 INFO Row 469: chunking disabled, using 1 chunk
2026-03-03 15:21:54,228 INFO Row 470: chunking disabled, using 1 chunk
2026-03-03 15:21:54,242 INFO Row 471: chunking disabled, using 1 chunk
2026-03-03 15:21:54,255 INFO Row 472: chunking disabled, using 1 chunk
2026-03-03 15:21:54,257 INFO Row 473: chunking disabled, using 1 chunk
2026-03-03 15:21:54,259 INFO Row 474: chunking disabled, using 1 chunk
2026-03-03 15:21:54,261 INFO Row 475: chunking disabled, using 1 chunk
2026-03-03 15:21:54,262 INFO Row 476: chunking disabled, using 1 chunk
2026-03-03 15:21:54,264 INFO Row 477: chunking disabled, using 1 chunk
2026-03-03 15:21:54,302 INFO Row 478: chunking disabled, using 1 chunk
2026-03-03 15:21:54,306 INFO Row 479: chunking disabled, using 1 chunk
2026-03-03 15:21:54,309 INFO Row 480: chunking disabled, using 1 chunk
2026-03-03 15:21:54,313 INFO Row 481: chunking disabled, using 1 chunk
2026-03-03 15:21:54,317 INFO Row 482: chunking disabled, using 1 chunk
2026-03-03 15:21:54,320 INFO Row 483: chunking disabled, using 1 chunk
2026-03-03 15:21:54,330 INFO Row 484: chunking disabled, using 1 chunk
2026-03-03 15:21:54,363 INFO Row 485: chunking disabled, using 1 chunk
2026-03-03 15:21:54,367 INFO Row 486: chunking disabled, using 1 chunk
2026-03-03 15:21:54,383 INFO Row 487: chunking disabled, using 1 chunk
2026-03-03 15:21:54,395 INFO Row 488: chunking disabled, using 1 chunk
2026-03-03 15:21:54,406 INFO Row 489: chunking disabled, using 1 chunk
2026-03-03 15:21:54,409 INFO Row 490: chunking disabled, using 1 chunk
2026-03-03 15:21:54,411 INFO Row 491: chunking disabled, using 1 chunk
2026-03-03 15:21:54,412 INFO Row 492: chunking disabled, using 1 chunk
2026-03-03 15:21:54,426 INFO Row 493: chunking disabled, using 1 chunk
2026-03-03 15:21:54,438 INFO Row 494: chunking disabled, using 1 chunk
2026-03-03 15:21:54,450 INFO Row 495: chunking disabled, using 1 chunk
2026-03-03 15:21:54,462 INFO Row 496: chunking disabled, using 1 chunk
2026-03-03 15:21:54,475 INFO Row 497: chunking disabled, using 1 chunk
2026-03-03 15:21:54,488 INFO Row 498: chunking disabled, using 1 chunk
2026-03-03 15:21:54,490 INFO Row 499: chunking disabled, using 1 chunk
2026-03-03 15:21:54,492 INFO Row 500: chunking disabled, using 1 chunk
2026-03-03 15:21:54,495 INFO Row 501: chunking disabled, using 1 chunk
2026-03-03 15:21:54,497 INFO Row 502: chunking disabled, using 1 chunk
2026-03-03 15:21:54,531 INFO Row 503: chunking disabled, using 1 chunk
2026-03-03 15:21:54,538 INFO Row 504: chunking disabled, using 1 chunk
2026-03-03 15:21:54,543 INFO Row 505: chunking disabled, using 1 chunk
2026-03-03 15:21:54,547 INFO Row 506: chunking disabled, using 1 chunk
2026-03-03 15:21:54,552 INFO Row 507: chunking disabled, using 1 chunk
2026-03-03 15:21:54,555 INFO Row 508: chunking disabled, using 1 chunk
2026-03-03 15:21:54,559 INFO Row 509: chunking disabled, using 1 chunk
2026-03-03 15:21:54,561 INFO Row 510: chunking disabled, using 1 chunk
2026-03-03 15:21:54,566 INFO Row 511: chunking disabled, using 1 chunk
2026-03-03 15:21:54,579 INFO Row 512: chunking disabled, using 1 chunk
2026-03-03 15:21:54,590 INFO Row 513: chunking disabled, using 1 chunk
2026-03-03 15:21:54,591 INFO Row 514: chunking disabled, using 1 chunk
2026-03-03 15:21:54,601 INFO Row 515: chunking disabled, using 1 chunk
2026-03-03 15:21:54,606 INFO Row 516: chunking disabled, using 1 chunk
2026-03-03 15:21:54,608 INFO Row 517: chunking disabled, using 1 chunk
2026-03-03 15:21:54,627 INFO Row 518: chunking disabled, using 1 chunk
2026-03-03 15:21:54,629 INFO Row 519: chunking disabled, using 1 chunk
2026-03-03 15:21:54,632 INFO Row 520: chunking disabled, using 1 chunk
2026-03-03 15:21:54,636 INFO Row 521: chunking disabled, using 1 chunk
2026-03-03 15:21:54,640 INFO Row 522: chunking disabled, using 1 chunk
2026-03-03 15:21:54,643 INFO Row 523: chunking disabled, using 1 chunk
2026-03-03 15:21:54,649 INFO Row 524: chunking disabled, using 1 chunk
2026-03-03 15:21:54,651 INFO Row 525: chunking disabled, using 1 chunk
2026-03-03 15:21:54,655 INFO Row 526: chunking disabled, using 1 chunk
2026-03-03 15:21:54,659 INFO Row 527: chunking disabled, using 1 chunk
2026-03-03 15:21:54,663 INFO Row 528: chunking disabled, using 1 chunk
2026-03-03 15:21:54,666 INFO Row 529: chunking disabled, using 1 chunk
2026-03-03 15:21:54,679 INFO Row 530: chunking disabled, using 1 chunk
2026-03-03 15:21:54,688 INFO Row 531: chunking disabled, using 1 chunk
2026-03-03 15:21:54,699 INFO Row 532: chunking disabled, using 1 chunk
2026-03-03 15:21:54,710 INFO Row 533: chunking disabled, using 1 chunk
2026-03-03 15:21:54,723 INFO Row 534: chunking disabled, using 1 chunk
2026-03-03 15:21:54,732 INFO Row 535: chunking disabled, using 1 chunk
2026-03-03 15:21:54,745 INFO Row 536: chunking disabled, using 1 chunk
2026-03-03 15:21:54,754 INFO Row 537: chunking disabled, using 1 chunk
2026-03-03 15:21:54,767 INFO Row 538: chunking disabled, using 1 chunk
2026-03-03 15:21:54,779 INFO Row 539: chunking disabled, using 1 chunk
2026-03-03 15:21:54,791 INFO Row 540: chunking disabled, using 1 chunk
2026-03-03 15:21:54,795 INFO Row 541: chunking disabled, using 1 chunk
2026-03-03 15:21:54,796 INFO Row 542: chunking disabled, using 1 chunk
2026-03-03 15:21:54,798 INFO Row 543: chunking disabled, using 1 chunk
2026-03-03 15:21:54,802 INFO Row 544: chunking disabled, using 1 chunk
2026-03-03 15:21:54,805 INFO Row 545: chunking disabled, using 1 chunk
2026-03-03 15:21:54,821 INFO Row 546: chunking disabled, using 1 chunk
2026-03-03 15:21:54,828 INFO Row 547: chunking disabled, using 1 chunk
2026-03-03 15:21:54,833 INFO Row 548: chunking disabled, using 1 chunk
2026-03-03 15:21:54,834 INFO Row 549: chunking disabled, using 1 chunk
2026-03-03 15:21:54,837 INFO Row 550: chunking disabled, using 1 chunk
2026-03-03 15:21:54,838 INFO Row 551: chunking disabled, using 1 chunk
2026-03-03 15:21:54,840 INFO Row 552: chunking disabled, using 1 chunk
2026-03-03 15:21:54,842 INFO Row 553: chunking disabled, using 1 chunk
2026-03-03 15:21:54,854 INFO Row 554: chunking disabled, using 1 chunk
2026-03-03 15:21:54,858 INFO Row 555: chunking disabled, using 1 chunk
2026-03-03 15:21:54,866 INFO Row 556: chunking disabled, using 1 chunk
2026-03-03 15:21:54,879 INFO Row 557: chunking disabled, using 1 chunk
2026-03-03 15:21:54,883 INFO Row 558: chunking disabled, using 1 chunk
2026-03-03 15:21:54,900 INFO Row 559: chunking disabled, using 1 chunk
2026-03-03 15:21:54,903 INFO Row 560: chunking disabled, using 1 chunk
2026-03-03 15:21:54,910 INFO Row 561: chunking disabled, using 1 chunk
2026-03-03 15:21:54,935 INFO Row 562: chunking disabled, using 1 chunk
2026-03-03 15:21:54,963 INFO Row 563: chunking disabled, using 1 chunk
2026-03-03 15:21:54,979 INFO Row 564: chunking disabled, using 1 chunk
2026-03-03 15:21:54,993 INFO Row 565: chunking disabled, using 1 chunk
2026-03-03 15:21:54,997 INFO Row 566: chunking disabled, using 1 chunk
2026-03-03 15:21:55,001 INFO Row 567: chunking disabled, using 1 chunk
2026-03-03 15:21:55,005 INFO Row 568: chunking disabled, using 1 chunk
2026-03-03 15:21:55,023 INFO Row 569: chunking disabled, using 1 chunk
2026-03-03 15:21:55,027 INFO Row 570: chunking disabled, using 1 chunk
2026-03-03 15:21:55,037 INFO Row 571: chunking disabled, using 1 chunk
2026-03-03 15:21:55,048 INFO Row 572: chunking disabled, using 1 chunk
2026-03-03 15:21:55,051 INFO Row 573: chunking disabled, using 1 chunk
2026-03-03 15:21:55,055 INFO Row 574: chunking disabled, using 1 chunk
2026-03-03 15:21:55,063 INFO Row 575: chunking disabled, using 1 chunk
2026-03-03 15:21:55,084 INFO Row 576: chunking disabled, using 1 chunk
2026-03-03 15:21:55,089 INFO Row 577: chunking disabled, using 1 chunk
2026-03-03 15:21:55,093 INFO Row 578: chunking disabled, using 1 chunk
2026-03-03 15:21:55,098 INFO Row 579: chunking disabled, using 1 chunk
2026-03-03 15:21:55,103 INFO Row 580: chunking disabled, using 1 chunk
2026-03-03 15:21:55,107 INFO Row 581: chunking disabled, using 1 chunk
2026-03-03 15:21:55,111 INFO Row 582: chunking disabled, using 1 chunk
2026-03-03 15:21:55,114 INFO Row 583: chunking disabled, using 1 chunk
2026-03-03 15:21:55,118 INFO Row 584: chunking disabled, using 1 chunk
2026-03-03 15:21:55,132 INFO Row 585: chunking disabled, using 1 chunk
2026-03-03 15:21:55,136 INFO Row 586: chunking disabled, using 1 chunk
2026-03-03 15:21:55,140 INFO Row 587: chunking disabled, using 1 chunk
2026-03-03 15:21:55,146 INFO Row 588: chunking disabled, using 1 chunk
2026-03-03 15:21:55,150 INFO Row 589: chunking disabled, using 1 chunk
2026-03-03 15:21:55,170 INFO Row 590: chunking disabled, using 1 chunk
2026-03-03 15:21:55,181 INFO Row 591: chunking disabled, using 1 chunk
2026-03-03 15:21:55,183 INFO Row 592: chunking disabled, using 1 chunk
2026-03-03 15:21:55,206 INFO Row 593: chunking disabled, using 1 chunk
2026-03-03 15:21:55,208 INFO Row 594: chunking disabled, using 1 chunk
2026-03-03 15:21:55,224 INFO Row 595: chunking disabled, using 1 chunk
2026-03-03 15:21:55,248 INFO Row 596: chunking disabled, using 1 chunk
2026-03-03 15:21:55,249 INFO Row 597: chunking disabled, using 1 chunk
2026-03-03 15:21:55,253 INFO Row 598: chunking disabled, using 1 chunk
2026-03-03 15:21:55,264 INFO Row 599: chunking disabled, using 1 chunk
2026-03-03 15:21:55,281 INFO Row 600: chunking disabled, using 1 chunk
2026-03-03 15:21:55,287 INFO Row 601: chunking disabled, using 1 chunk
2026-03-03 15:21:55,291 INFO Row 602: chunking disabled, using 1 chunk
2026-03-03 15:21:55,294 INFO Row 603: chunking disabled, using 1 chunk
2026-03-03 15:21:55,299 INFO Row 604: chunking disabled, using 1 chunk
2026-03-03 15:21:55,301 INFO Row 605: chunking disabled, using 1 chunk
2026-03-03 15:21:55,303 INFO Row 606: chunking disabled, using 1 chunk
2026-03-03 15:21:55,305 INFO Row 607: chunking disabled, using 1 chunk
2026-03-03 15:21:55,309 INFO Row 608: chunking disabled, using 1 chunk
2026-03-03 15:21:55,311 INFO Row 609: chunking disabled, using 1 chunk
2026-03-03 15:21:55,313 INFO Row 610: chunking disabled, using 1 chunk
2026-03-03 15:21:55,317 INFO Row 611: chunking disabled, using 1 chunk
2026-03-03 15:21:55,328 INFO Row 612: chunking disabled, using 1 chunk
2026-03-03 15:21:55,333 INFO Row 613: chunking disabled, using 1 chunk
2026-03-03 15:21:55,338 INFO Row 614: chunking disabled, using 1 chunk
2026-03-03 15:21:55,354 INFO Row 615: chunking disabled, using 1 chunk
2026-03-03 15:21:55,376 INFO Row 616: chunking disabled, using 1 chunk
2026-03-03 15:21:55,387 INFO Row 617: chunking disabled, using 1 chunk
2026-03-03 15:21:55,409 INFO Row 618: chunking disabled, using 1 chunk
2026-03-03 15:21:55,410 INFO Row 619: chunking disabled, using 1 chunk
2026-03-03 15:21:55,412 INFO Row 620: chunking disabled, using 1 chunk
2026-03-03 15:21:55,413 INFO Row 621: chunking disabled, using 1 chunk
2026-03-03 15:21:55,414 INFO Row 622: chunking disabled, using 1 chunk
2026-03-03 15:21:55,416 INFO Row 623: chunking disabled, using 1 chunk
2026-03-03 15:21:55,417 INFO Row 624: chunking disabled, using 1 chunk
2026-03-03 15:21:55,431 INFO Row 625: chunking disabled, using 1 chunk
2026-03-03 15:21:55,434 INFO Row 626: chunking disabled, using 1 chunk
2026-03-03 15:21:55,436 INFO Row 627: chunking disabled, using 1 chunk
2026-03-03 15:21:55,438 INFO Row 628: chunking disabled, using 1 chunk
2026-03-03 15:21:55,441 INFO Row 629: chunking disabled, using 1 chunk
2026-03-03 15:21:55,451 INFO Row 630: chunking disabled, using 1 chunk
2026-03-03 15:21:55,453 INFO Row 631: chunking disabled, using 1 chunk
2026-03-03 15:21:55,465 INFO Row 632: chunking disabled, using 1 chunk
2026-03-03 15:21:55,470 INFO Row 633: chunking disabled, using 1 chunk
2026-03-03 15:21:55,471 INFO Row 634: chunking disabled, using 1 chunk
2026-03-03 15:21:55,483 INFO Row 635: chunking disabled, using 1 chunk
2026-03-03 15:21:55,495 INFO Row 636: chunking disabled, using 1 chunk
2026-03-03 15:21:55,497 INFO Row 637: chunking disabled, using 1 chunk
2026-03-03 15:21:55,498 INFO Row 638: chunking disabled, using 1 chunk
2026-03-03 15:21:55,500 INFO Row 639: chunking disabled, using 1 chunk
2026-03-03 15:21:55,502 INFO Row 640: chunking disabled, using 1 chunk
2026-03-03 15:21:55,503 INFO Row 641: chunking disabled, using 1 chunk
2026-03-03 15:21:55,517 INFO Row 642: chunking disabled, using 1 chunk
2026-03-03 15:21:55,519 INFO Row 643: chunking disabled, using 1 chunk
2026-03-03 15:21:55,532 INFO Row 644: chunking disabled, using 1 chunk
2026-03-03 15:21:55,534 INFO Row 645: chunking disabled, using 1 chunk
2026-03-03 15:21:55,536 INFO Row 646: chunking disabled, using 1 chunk
2026-03-03 15:21:55,538 INFO Row 647: chunking disabled, using 1 chunk
2026-03-03 15:21:55,540 INFO Row 648: chunking disabled, using 1 chunk
2026-03-03 15:21:55,542 INFO Row 649: chunking disabled, using 1 chunk
2026-03-03 15:21:55,559 INFO Row 650: chunking disabled, using 1 chunk
2026-03-03 15:21:55,562 INFO Row 651: chunking disabled, using 1 chunk
2026-03-03 15:21:55,564 INFO Row 652: chunking disabled, using 1 chunk
2026-03-03 15:21:55,578 INFO Row 653: chunking disabled, using 1 chunk
2026-03-03 15:21:55,580 INFO Row 654: chunking disabled, using 1 chunk
2026-03-03 15:21:55,583 INFO Row 655: chunking disabled, using 1 chunk
2026-03-03 15:21:55,595 INFO Row 656: chunking disabled, using 1 chunk
2026-03-03 15:21:55,597 INFO Row 657: chunking disabled, using 1 chunk
2026-03-03 15:21:55,599 INFO Row 658: chunking disabled, using 1 chunk
2026-03-03 15:21:55,617 INFO Row 659: chunking disabled, using 1 chunk
2026-03-03 15:21:55,619 INFO Row 660: chunking disabled, using 1 chunk
2026-03-03 15:21:55,621 INFO Row 661: chunking disabled, using 1 chunk
2026-03-03 15:21:55,623 INFO Row 662: chunking disabled, using 1 chunk
2026-03-03 15:21:55,633 INFO Row 663: chunking disabled, using 1 chunk
2026-03-03 15:21:55,643 INFO Row 664: chunking disabled, using 1 chunk
2026-03-03 15:21:55,659 INFO Row 665: chunking disabled, using 1 chunk
2026-03-03 15:21:55,689 INFO Row 666: chunking disabled, using 1 chunk
2026-03-03 15:21:55,692 INFO Row 667: chunking disabled, using 1 chunk
2026-03-03 15:21:55,709 INFO Row 668: chunking disabled, using 1 chunk
2026-03-03 15:21:55,719 INFO Row 669: chunking disabled, using 1 chunk
2026-03-03 15:21:55,738 INFO Row 670: chunking disabled, using 1 chunk
2026-03-03 15:21:55,751 INFO Row 671: chunking disabled, using 1 chunk
2026-03-03 15:21:55,753 INFO Row 672: chunking disabled, using 1 chunk
2026-03-03 15:21:55,757 INFO Row 673: chunking disabled, using 1 chunk
2026-03-03 15:21:55,760 INFO Row 674: chunking disabled, using 1 chunk
2026-03-03 15:21:55,763 INFO Row 675: chunking disabled, using 1 chunk
2026-03-03 15:21:55,766 INFO Row 676: chunking disabled, using 1 chunk
2026-03-03 15:21:55,769 INFO Row 677: chunking disabled, using 1 chunk
2026-03-03 15:21:55,773 INFO Row 678: chunking disabled, using 1 chunk
2026-03-03 15:21:55,776 INFO Row 679: chunking disabled, using 1 chunk
2026-03-03 15:21:55,784 INFO Row 680: chunking disabled, using 1 chunk
2026-03-03 15:21:55,787 INFO Row 681: chunking disabled, using 1 chunk
2026-03-03 15:21:55,791 INFO Row 682: chunking disabled, using 1 chunk
2026-03-03 15:21:55,793 INFO Row 683: chunking disabled, using 1 chunk
2026-03-03 15:21:55,795 INFO Row 684: chunking disabled, using 1 chunk
2026-03-03 15:21:55,797 INFO Row 685: chunking disabled, using 1 chunk
2026-03-03 15:21:55,799 INFO Row 686: chunking disabled, using 1 chunk
2026-03-03 15:21:55,801 INFO Row 687: chunking disabled, using 1 chunk
2026-03-03 15:21:55,809 INFO Row 688: chunking disabled, using 1 chunk
2026-03-03 15:21:55,810 INFO Row 689: chunking disabled, using 1 chunk
2026-03-03 15:21:55,812 INFO Row 690: chunking disabled, using 1 chunk
2026-03-03 15:21:55,814 INFO Row 691: chunking disabled, using 1 chunk
2026-03-03 15:21:55,828 INFO Row 692: chunking disabled, using 1 chunk
2026-03-03 15:21:55,839 INFO Row 693: chunking disabled, using 1 chunk
2026-03-03 15:21:55,850 INFO Row 694: chunking disabled, using 1 chunk
2026-03-03 15:21:55,855 INFO Row 695: chunking disabled, using 1 chunk
2026-03-03 15:21:55,860 INFO Row 696: chunking disabled, using 1 chunk
2026-03-03 15:21:55,872 INFO Row 697: chunking disabled, using 1 chunk
2026-03-03 15:21:55,874 INFO Row 698: chunking disabled, using 1 chunk
2026-03-03 15:21:55,876 INFO Row 699: chunking disabled, using 1 chunk
2026-03-03 15:21:55,878 INFO Row 700: chunking disabled, using 1 chunk
2026-03-03 15:21:55,881 INFO Row 701: chunking disabled, using 1 chunk
2026-03-03 15:21:55,885 INFO Row 702: chunking disabled, using 1 chunk
2026-03-03 15:21:55,886 INFO Row 703: chunking disabled, using 1 chunk
2026-03-03 15:21:55,889 INFO Row 704: chunking disabled, using 1 chunk
2026-03-03 15:21:55,892 INFO Row 705: chunking disabled, using 1 chunk
2026-03-03 15:21:55,894 INFO Row 706: chunking disabled, using 1 chunk
2026-03-03 15:21:55,895 INFO Row 707: chunking disabled, using 1 chunk
2026-03-03 15:21:55,898 INFO Row 708: chunking disabled, using 1 chunk
2026-03-03 15:21:55,904 INFO Row 709: chunking disabled, using 1 chunk
2026-03-03 15:21:55,907 INFO Row 710: chunking disabled, using 1 chunk
2026-03-03 15:21:55,908 INFO Row 711: chunking disabled, using 1 chunk
2026-03-03 15:21:55,910 INFO Row 712: chunking disabled, using 1 chunk
2026-03-03 15:21:55,912 INFO Row 713: chunking disabled, using 1 chunk
2026-03-03 15:21:55,918 INFO Row 714: chunking disabled, using 1 chunk
2026-03-03 15:21:55,920 INFO Row 715: chunking disabled, using 1 chunk
2026-03-03 15:21:55,922 INFO Row 716: chunking disabled, using 1 chunk
2026-03-03 15:21:55,936 INFO Row 717: chunking disabled, using 1 chunk
2026-03-03 15:21:55,941 INFO Row 718: chunking disabled, using 1 chunk
2026-03-03 15:21:55,944 INFO Row 719: chunking disabled, using 1 chunk
2026-03-03 15:21:55,958 INFO Row 720: chunking disabled, using 1 chunk
2026-03-03 15:21:55,960 INFO Row 721: chunking disabled, using 1 chunk
2026-03-03 15:21:55,962 INFO Row 722: chunking disabled, using 1 chunk
2026-03-03 15:21:55,964 INFO Row 723: chunking disabled, using 1 chunk
2026-03-03 15:21:55,969 INFO Row 724: chunking disabled, using 1 chunk
2026-03-03 15:21:55,972 INFO Row 725: chunking disabled, using 1 chunk
2026-03-03 15:21:55,974 INFO Row 726: chunking disabled, using 1 chunk
2026-03-03 15:21:55,976 INFO Row 727: chunking disabled, using 1 chunk
2026-03-03 15:21:55,981 INFO Row 728: chunking disabled, using 1 chunk
2026-03-03 15:21:55,983 INFO Row 729: chunking disabled, using 1 chunk
2026-03-03 15:21:55,985 INFO Row 730: chunking disabled, using 1 chunk
2026-03-03 15:21:55,987 INFO Row 731: chunking disabled, using 1 chunk
2026-03-03 15:21:55,999 INFO Row 732: chunking disabled, using 1 chunk
2026-03-03 15:21:56,002 INFO Row 733: chunking disabled, using 1 chunk
2026-03-03 15:21:56,003 INFO Row 734: chunking disabled, using 1 chunk
2026-03-03 15:21:56,005 INFO Row 735: chunking disabled, using 1 chunk
2026-03-03 15:21:56,007 INFO Row 736: chunking disabled, using 1 chunk
2026-03-03 15:21:56,011 INFO Row 737: chunking disabled, using 1 chunk
2026-03-03 15:21:56,013 INFO Row 738: chunking disabled, using 1 chunk
2026-03-03 15:21:56,015 INFO Row 739: chunking disabled, using 1 chunk
2026-03-03 15:21:56,016 INFO Row 740: chunking disabled, using 1 chunk
2026-03-03 15:21:56,019 INFO Row 741: chunking disabled, using 1 chunk
2026-03-03 15:21:56,031 INFO Row 742: chunking disabled, using 1 chunk
2026-03-03 15:21:56,033 INFO Row 743: chunking disabled, using 1 chunk
2026-03-03 15:21:56,035 INFO Row 744: chunking disabled, using 1 chunk
2026-03-03 15:21:56,037 INFO Row 745: chunking disabled, using 1 chunk
2026-03-03 15:21:56,039 INFO Row 746: chunking disabled, using 1 chunk
2026-03-03 15:21:56,041 INFO Row 747: chunking disabled, using 1 chunk
2026-03-03 15:21:56,053 INFO Row 748: chunking disabled, using 1 chunk
2026-03-03 15:21:56,064 INFO Row 749: chunking disabled, using 1 chunk
2026-03-03 15:21:56,067 INFO Row 750: chunking disabled, using 1 chunk
2026-03-03 15:21:56,069 INFO Row 751: chunking disabled, using 1 chunk
2026-03-03 15:21:56,071 INFO Row 752: chunking disabled, using 1 chunk
2026-03-03 15:21:56,074 INFO Row 753: chunking disabled, using 1 chunk
2026-03-03 15:21:56,089 INFO Row 754: chunking disabled, using 1 chunk
2026-03-03 15:21:56,111 INFO Row 755: chunking disabled, using 1 chunk
2026-03-03 15:21:56,144 INFO Row 756: chunking disabled, using 1 chunk
2026-03-03 15:21:56,166 INFO Row 757: chunking disabled, using 1 chunk
2026-03-03 15:21:56,173 INFO Row 758: chunking disabled, using 1 chunk
2026-03-03 15:21:56,182 INFO Row 759: chunking disabled, using 1 chunk
2026-03-03 15:21:56,204 INFO Row 760: chunking disabled, using 1 chunk
2026-03-03 15:21:56,218 INFO Row 761: chunking disabled, using 1 chunk
2026-03-03 15:21:56,245 INFO Row 762: chunking disabled, using 1 chunk
2026-03-03 15:21:56,258 INFO Row 763: chunking disabled, using 1 chunk
2026-03-03 15:21:56,269 INFO Row 764: chunking disabled, using 1 chunk
2026-03-03 15:21:56,282 INFO Row 765: chunking disabled, using 1 chunk
2026-03-03 15:21:56,283 INFO Row 766: chunking disabled, using 1 chunk
2026-03-03 15:21:56,285 INFO Row 767: chunking disabled, using 1 chunk
2026-03-03 15:21:56,287 INFO Row 768: chunking disabled, using 1 chunk
2026-03-03 15:21:56,289 INFO Row 769: chunking disabled, using 1 chunk
2026-03-03 15:21:56,293 INFO Row 770: chunking disabled, using 1 chunk
2026-03-03 15:21:56,295 INFO Row 771: chunking disabled, using 1 chunk
2026-03-03 15:21:56,296 INFO Row 772: chunking disabled, using 1 chunk
2026-03-03 15:21:56,300 INFO Row 773: chunking disabled, using 1 chunk
2026-03-03 15:21:56,318 INFO Row 774: chunking disabled, using 1 chunk
2026-03-03 15:21:56,328 INFO Row 775: chunking disabled, using 1 chunk
2026-03-03 15:21:56,333 INFO Row 776: chunking disabled, using 1 chunk
2026-03-03 15:21:56,336 INFO Row 777: chunking disabled, using 1 chunk
2026-03-03 15:21:56,338 INFO Row 778: chunking disabled, using 1 chunk
2026-03-03 15:21:56,340 INFO Row 779: chunking disabled, using 1 chunk
2026-03-03 15:21:56,354 INFO Row 780: chunking disabled, using 1 chunk
2026-03-03 15:21:56,356 INFO Row 781: chunking disabled, using 1 chunk
2026-03-03 15:21:56,359 INFO Row 782: chunking disabled, using 1 chunk
2026-03-03 15:21:56,361 INFO Row 783: chunking disabled, using 1 chunk
2026-03-03 15:21:56,363 INFO Row 784: chunking disabled, using 1 chunk
2026-03-03 15:21:56,375 INFO Row 785: chunking disabled, using 1 chunk
2026-03-03 15:21:56,386 INFO Row 786: chunking disabled, using 1 chunk
2026-03-03 15:21:56,388 INFO Row 787: chunking disabled, using 1 chunk
2026-03-03 15:21:56,390 INFO Row 788: chunking disabled, using 1 chunk
2026-03-03 15:21:56,392 INFO Row 789: chunking disabled, using 1 chunk
2026-03-03 15:21:56,394 INFO Row 790: chunking disabled, using 1 chunk
2026-03-03 15:21:56,395 INFO Row 791: chunking disabled, using 1 chunk
2026-03-03 15:21:56,397 INFO Row 792: chunking disabled, using 1 chunk
2026-03-03 15:21:56,410 INFO Row 793: chunking disabled, using 1 chunk
2026-03-03 15:21:56,424 INFO Row 794: chunking disabled, using 1 chunk
2026-03-03 15:21:56,458 INFO Row 795: chunking disabled, using 1 chunk
2026-03-03 15:21:56,468 INFO Row 796: chunking disabled, using 1 chunk
2026-03-03 15:21:56,476 INFO Row 797: chunking disabled, using 1 chunk
2026-03-03 15:21:56,489 INFO Row 798: chunking disabled, using 1 chunk
2026-03-03 15:21:56,499 INFO Row 799: chunking disabled, using 1 chunk
2026-03-03 15:21:56,511 INFO Row 800: chunking disabled, using 1 chunk
2026-03-03 15:21:56,512 INFO Row 801: chunking disabled, using 1 chunk
2026-03-03 15:21:56,518 INFO Row 802: chunking disabled, using 1 chunk
2026-03-03 15:21:56,522 INFO Row 803: chunking disabled, using 1 chunk
2026-03-03 15:21:56,530 INFO Row 804: chunking disabled, using 1 chunk
2026-03-03 15:21:56,533 INFO Row 805: chunking disabled, using 1 chunk
2026-03-03 15:21:56,535 INFO Row 806: chunking disabled, using 1 chunk
2026-03-03 15:21:56,537 INFO Row 807: chunking disabled, using 1 chunk
2026-03-03 15:21:56,539 INFO Row 808: chunking disabled, using 1 chunk
2026-03-03 15:21:56,545 INFO Row 809: chunking disabled, using 1 chunk
2026-03-03 15:21:56,548 INFO Row 810: chunking disabled, using 1 chunk
2026-03-03 15:21:56,549 INFO Row 811: chunking disabled, using 1 chunk
2026-03-03 15:21:56,561 INFO Row 812: chunking disabled, using 1 chunk
2026-03-03 15:21:56,563 INFO Row 813: chunking disabled, using 1 chunk
2026-03-03 15:21:56,565 INFO Row 814: chunking disabled, using 1 chunk
2026-03-03 15:21:56,568 INFO Row 815: chunking disabled, using 1 chunk
2026-03-03 15:21:56,571 INFO Row 816: chunking disabled, using 1 chunk
2026-03-03 15:21:56,584 INFO Row 817: chunking disabled, using 1 chunk
2026-03-03 15:21:56,587 INFO Row 818: chunking disabled, using 1 chunk
2026-03-03 15:21:56,589 INFO Row 819: chunking disabled, using 1 chunk
2026-03-03 15:21:56,591 INFO Row 820: chunking disabled, using 1 chunk
2026-03-03 15:21:56,593 INFO Row 821: chunking disabled, using 1 chunk
2026-03-03 15:21:56,605 INFO Row 822: chunking disabled, using 1 chunk
2026-03-03 15:21:56,617 INFO Row 823: chunking disabled, using 1 chunk
2026-03-03 15:21:56,619 INFO Row 824: chunking disabled, using 1 chunk
2026-03-03 15:21:56,621 INFO Row 825: chunking disabled, using 1 chunk
2026-03-03 15:21:56,624 INFO Row 826: chunking disabled, using 1 chunk
2026-03-03 15:21:56,638 INFO Row 827: chunking disabled, using 1 chunk
2026-03-03 15:21:56,649 INFO Row 828: chunking disabled, using 1 chunk
2026-03-03 15:21:56,661 INFO Row 829: chunking disabled, using 1 chunk
2026-03-03 15:21:56,674 INFO Row 830: chunking disabled, using 1 chunk
2026-03-03 15:21:56,676 INFO Row 831: chunking disabled, using 1 chunk
2026-03-03 15:21:56,678 INFO Row 832: chunking disabled, using 1 chunk
2026-03-03 15:21:56,681 INFO Row 833: chunking disabled, using 1 chunk
2026-03-03 15:21:56,686 INFO Row 834: chunking disabled, using 1 chunk
2026-03-03 15:21:56,690 INFO Row 835: chunking disabled, using 1 chunk
2026-03-03 15:21:56,703 INFO Row 836: chunking disabled, using 1 chunk
2026-03-03 15:21:56,714 INFO Row 837: chunking disabled, using 1 chunk
2026-03-03 15:21:56,717 INFO Row 838: chunking disabled, using 1 chunk
2026-03-03 15:21:56,720 INFO Row 839: chunking disabled, using 1 chunk
2026-03-03 15:21:56,723 INFO Row 840: chunking disabled, using 1 chunk
2026-03-03 15:21:56,737 INFO Row 841: chunking disabled, using 1 chunk
2026-03-03 15:21:56,740 INFO Row 842: chunking disabled, using 1 chunk
2026-03-03 15:21:56,742 INFO Row 843: chunking disabled, using 1 chunk
2026-03-03 15:21:56,745 INFO Row 844: chunking disabled, using 1 chunk
2026-03-03 15:21:56,757 INFO Row 845: chunking disabled, using 1 chunk
2026-03-03 15:21:56,759 INFO Row 846: chunking disabled, using 1 chunk
2026-03-03 15:21:56,763 INFO Row 847: chunking disabled, using 1 chunk
2026-03-03 15:21:56,777 INFO Row 848: chunking disabled, using 1 chunk
2026-03-03 15:21:56,785 INFO Row 849: chunking disabled, using 1 chunk
2026-03-03 15:21:56,803 INFO Row 850: chunking disabled, using 1 chunk
2026-03-03 15:21:56,816 INFO Row 851: chunking disabled, using 1 chunk
2026-03-03 15:21:56,823 INFO Row 852: chunking disabled, using 1 chunk
2026-03-03 15:21:56,825 INFO Row 853: chunking disabled, using 1 chunk
2026-03-03 15:21:56,831 INFO Row 854: chunking disabled, using 1 chunk
2026-03-03 15:21:56,833 INFO Row 855: chunking disabled, using 1 chunk
2026-03-03 15:21:56,835 INFO Row 856: chunking disabled, using 1 chunk
2026-03-03 15:21:56,840 INFO Row 857: chunking disabled, using 1 chunk
2026-03-03 15:21:56,843 INFO Row 858: chunking disabled, using 1 chunk
2026-03-03 15:21:56,848 INFO Row 859: chunking disabled, using 1 chunk
2026-03-03 15:21:56,852 INFO Row 860: chunking disabled, using 1 chunk
2026-03-03 15:21:56,855 INFO Row 861: chunking disabled, using 1 chunk
2026-03-03 15:21:56,858 INFO Row 862: chunking disabled, using 1 chunk
2026-03-03 15:21:56,872 INFO Row 863: chunking disabled, using 1 chunk
2026-03-03 15:21:56,875 INFO Row 864: chunking disabled, using 1 chunk
2026-03-03 15:21:56,878 INFO Row 865: chunking disabled, using 1 chunk
2026-03-03 15:21:56,885 INFO Row 866: chunking disabled, using 1 chunk
2026-03-03 15:21:56,889 INFO Row 867: chunking disabled, using 1 chunk
2026-03-03 15:21:56,893 INFO Row 868: chunking disabled, using 1 chunk
2026-03-03 15:21:56,903 INFO Row 869: chunking disabled, using 1 chunk
2026-03-03 15:21:56,908 INFO Row 870: chunking disabled, using 1 chunk
2026-03-03 15:21:56,913 INFO Row 871: chunking disabled, using 1 chunk
2026-03-03 15:21:56,921 INFO Row 872: chunking disabled, using 1 chunk
2026-03-03 15:21:56,942 INFO Row 873: chunking disabled, using 1 chunk
2026-03-03 15:21:56,948 INFO Row 874: chunking disabled, using 1 chunk
2026-03-03 15:21:56,952 INFO Row 875: chunking disabled, using 1 chunk
2026-03-03 15:21:56,957 INFO Row 876: chunking disabled, using 1 chunk
2026-03-03 15:21:56,961 INFO Row 877: chunking disabled, using 1 chunk
2026-03-03 15:21:56,966 INFO Row 878: chunking disabled, using 1 chunk
2026-03-03 15:21:56,969 INFO Row 879: chunking disabled, using 1 chunk
2026-03-03 15:21:56,974 INFO Row 880: chunking disabled, using 1 chunk
2026-03-03 15:21:56,978 INFO Row 881: chunking disabled, using 1 chunk
2026-03-03 15:21:56,981 INFO Row 882: chunking disabled, using 1 chunk
2026-03-03 15:21:56,984 INFO Row 883: chunking disabled, using 1 chunk
2026-03-03 15:21:57,006 INFO Row 884: chunking disabled, using 1 chunk
2026-03-03 15:21:57,013 INFO Row 885: chunking disabled, using 1 chunk
2026-03-03 15:21:57,028 INFO Row 886: chunking disabled, using 1 chunk
2026-03-03 15:21:57,040 INFO Row 887: chunking disabled, using 1 chunk
2026-03-03 15:21:57,052 INFO Row 888: chunking disabled, using 1 chunk
2026-03-03 15:21:57,060 INFO Row 889: chunking disabled, using 1 chunk
2026-03-03 15:21:57,062 INFO Row 890: chunking disabled, using 1 chunk
2026-03-03 15:21:57,084 INFO Row 891: chunking disabled, using 1 chunk
2026-03-03 15:21:57,090 INFO Row 892: chunking disabled, using 1 chunk
2026-03-03 15:21:57,099 INFO Row 893: chunking disabled, using 1 chunk
2026-03-03 15:21:57,111 INFO Row 894: chunking disabled, using 1 chunk
2026-03-03 15:21:57,124 INFO Row 895: chunking disabled, using 1 chunk
2026-03-03 15:21:57,127 INFO Row 896: chunking disabled, using 1 chunk
2026-03-03 15:21:57,129 INFO Row 897: chunking disabled, using 1 chunk
2026-03-03 15:21:57,130 INFO Row 898: chunking disabled, using 1 chunk
2026-03-03 15:21:57,132 INFO Row 899: chunking disabled, using 1 chunk
2026-03-03 15:21:57,135 INFO Row 900: chunking disabled, using 1 chunk
2026-03-03 15:21:57,139 INFO Row 901: chunking disabled, using 1 chunk
2026-03-03 15:21:57,143 INFO Row 902: chunking disabled, using 1 chunk
2026-03-03 15:21:57,145 INFO Row 903: chunking disabled, using 1 chunk
2026-03-03 15:21:57,148 INFO Row 904: chunking disabled, using 1 chunk
2026-03-03 15:21:57,157 INFO Row 905: chunking disabled, using 1 chunk
2026-03-03 15:21:57,167 INFO Row 906: chunking disabled, using 1 chunk
2026-03-03 15:21:57,179 INFO Row 907: chunking disabled, using 1 chunk
2026-03-03 15:21:57,190 INFO Row 908: chunking disabled, using 1 chunk
2026-03-03 15:21:57,193 INFO Row 909: chunking disabled, using 1 chunk
2026-03-03 15:21:57,198 INFO Row 910: chunking disabled, using 1 chunk
2026-03-03 15:21:57,212 INFO Row 911: chunking disabled, using 1 chunk
2026-03-03 15:21:57,225 INFO Row 912: chunking disabled, using 1 chunk
2026-03-03 15:21:57,254 INFO Row 913: chunking disabled, using 1 chunk
2026-03-03 15:21:57,262 INFO Row 914: chunking disabled, using 1 chunk
2026-03-03 15:21:57,270 INFO Row 915: chunking disabled, using 1 chunk
2026-03-03 15:21:57,271 INFO Row 916: chunking disabled, using 1 chunk
2026-03-03 15:21:57,273 INFO Row 917: chunking disabled, using 1 chunk
2026-03-03 15:21:57,274 INFO Row 918: chunking disabled, using 1 chunk
2026-03-03 15:21:57,276 INFO Row 919: chunking disabled, using 1 chunk
2026-03-03 15:21:57,277 INFO Row 920: chunking disabled, using 1 chunk
2026-03-03 15:21:57,279 INFO Row 921: chunking disabled, using 1 chunk
2026-03-03 15:21:57,290 INFO Row 922: chunking disabled, using 1 chunk
2026-03-03 15:21:57,302 INFO Row 923: chunking disabled, using 1 chunk
2026-03-03 15:21:57,303 INFO Row 924: chunking disabled, using 1 chunk
2026-03-03 15:21:57,305 INFO Row 925: chunking disabled, using 1 chunk
2026-03-03 15:21:57,306 INFO Row 926: chunking disabled, using 1 chunk
2026-03-03 15:21:57,323 INFO Row 927: chunking disabled, using 1 chunk
2026-03-03 15:21:57,335 INFO Row 928: chunking disabled, using 1 chunk
2026-03-03 15:21:57,346 INFO Row 929: chunking disabled, using 1 chunk
2026-03-03 15:21:57,358 INFO Row 930: chunking disabled, using 1 chunk
2026-03-03 15:21:57,359 INFO Row 931: chunking disabled, using 1 chunk
2026-03-03 15:21:57,361 INFO Row 932: chunking disabled, using 1 chunk
2026-03-03 15:21:57,362 INFO Row 933: chunking disabled, using 1 chunk
2026-03-03 15:21:57,364 INFO Row 934: chunking disabled, using 1 chunk
2026-03-03 15:21:57,365 INFO Row 935: chunking disabled, using 1 chunk
2026-03-03 15:21:57,367 INFO Row 936: chunking disabled, using 1 chunk
2026-03-03 15:21:57,379 INFO Total 937 chunks to generate
2026-03-03 15:21:57,390 INFO LLM dispatch 1/47 size 20
/opt/mamba/envs/lcc/lib/python3.10/site-packages/vertexai/generative_models/_generative_models.py:433: UserWarning: This feature is deprecated as of June 24, 2025 and will be removed on June 24, 2026. For details, see https://cloud.google.com/vertex-ai/generative-ai/docs/deprecations/genai-vertexai-sdk.
  warning_logs.show_deprecation_warning()
WARNING: All log messages before absl::InitializeLog() is called are written to STDERR
E0000 00:00:1772522518.180628  830091 http_connect_handshaker.cc:114] HTTP proxy handshake with [unknown] failed: UNKNOWN: FD Shutdown [type.googleapis.com/grpc.status.children='\x15\x00\x00\x00\x08\x0e\x12\x11\x65ndpoint shutdown']
2026-03-03 15:23:51,714 INFO LLM progress 20/937 rate 0.17/s ETA 5241.8s empty 0/20
2026-03-03 15:23:51,715 INFO LLM dispatch 2/47 size 20
2026-03-03 15:25:18,980 INFO LLM progress 40/937 rate 0.20/s ETA 4520.7s empty 4/20
2026-03-03 15:25:18,981 INFO LLM dispatch 3/47 size 20
2026-03-03 15:27:14,024 INFO LLM progress 60/937 rate 0.19/s ETA 4628.1s empty 0/20
2026-03-03 15:27:14,024 INFO LLM dispatch 4/47 size 20
2026-03-03 15:29:15,704 INFO LLM progress 80/937 rate 0.18/s ETA 4695.4s empty 0/20
2026-03-03 15:29:15,704 INFO LLM dispatch 5/47 size 20
2026-03-03 15:30:51,596 INFO LLM progress 100/937 rate 0.19/s ETA 4471.3s empty 0/20
2026-03-03 15:30:51,597 INFO LLM dispatch 6/47 size 20
2026-03-03 15:33:01,044 INFO LLM progress 120/937 rate 0.18/s ETA 4518.4s empty 0/20
2026-03-03 15:33:01,044 INFO LLM dispatch 7/47 size 20
2026-03-03 15:35:17,142 INFO LLM progress 140/937 rate 0.18/s ETA 4552.9s empty 0/20
2026-03-03 15:35:17,142 INFO LLM dispatch 8/47 size 20
2026-03-03 15:36:35,253 INFO LLM progress 160/937 rate 0.18/s ETA 4263.1s empty 0/20
2026-03-03 15:36:35,253 INFO LLM dispatch 9/47 size 20
2026-03-03 15:38:46,049 INFO LLM progress 180/937 rate 0.18/s ETA 4242.0s empty 3/20
2026-03-03 15:38:46,049 INFO LLM dispatch 10/47 size 20
2026-03-03 15:41:05,973 INFO LLM progress 200/937 rate 0.17/s ETA 4232.5s empty 0/20
2026-03-03 15:41:05,973 INFO LLM dispatch 11/47 size 20
2026-03-03 15:45:14,794 INFO LLM progress 220/937 rate 0.16/s ETA 4554.3s empty 8/20
2026-03-03 15:45:14,794 INFO LLM dispatch 12/47 size 20
2026-03-03 15:47:31,113 INFO LLM progress 240/937 rate 0.16/s ETA 4454.2s empty 7/20
2026-03-03 15:47:31,113 INFO LLM dispatch 13/47 size 20
2026-03-03 15:49:48,257 INFO LLM progress 260/937 rate 0.16/s ETA 4350.7s empty 2/20
2026-03-03 15:49:48,257 INFO LLM dispatch 14/47 size 20
2026-03-03 15:51:52,258 INFO LLM progress 280/937 rate 0.16/s ETA 4211.5s empty 0/20
2026-03-03 15:51:52,258 INFO LLM dispatch 15/47 size 20
2026-03-03 15:54:31,334 INFO LLM progress 300/937 rate 0.15/s ETA 4148.9s empty 7/20
2026-03-03 15:54:31,334 INFO LLM dispatch 16/47 size 20
2026-03-03 15:56:30,954 INFO LLM progress 320/937 rate 0.15/s ETA 3998.1s empty 2/20
2026-03-03 15:56:30,955 INFO LLM dispatch 17/47 size 20
2026-03-03 15:57:49,453 INFO LLM progress 340/937 rate 0.16/s ETA 3778.8s empty 0/20
2026-03-03 15:57:49,453 INFO LLM dispatch 18/47 size 20
2026-03-03 15:59:48,185 INFO LLM progress 360/937 rate 0.16/s ETA 3639.6s empty 0/20
2026-03-03 15:59:48,185 INFO LLM dispatch 19/47 size 20
2026-03-03 16:01:52,067 INFO LLM progress 380/937 rate 0.16/s ETA 3510.1s empty 0/20
2026-03-03 16:01:52,068 INFO LLM dispatch 20/47 size 20
2026-03-03 16:03:44,222 INFO LLM progress 400/937 rate 0.16/s ETA 3365.4s empty 0/20
2026-03-03 16:03:44,223 INFO LLM dispatch 21/47 size 20
2026-03-03 16:06:08,786 INFO LLM progress 420/937 rate 0.16/s ETA 3263.7s empty 0/20
2026-03-03 16:06:08,786 INFO LLM dispatch 22/47 size 20
2026-03-03 16:08:37,816 INFO LLM progress 440/937 rate 0.16/s ETA 3163.2s empty 0/20
2026-03-03 16:08:37,817 INFO LLM dispatch 23/47 size 20
2026-03-03 16:10:17,249 INFO LLM progress 460/937 rate 0.16/s ETA 3007.0s empty 0/20
2026-03-03 16:10:17,249 INFO LLM dispatch 24/47 size 20
2026-03-03 16:16:51,189 INFO LLM progress 480/937 rate 0.15/s ETA 3136.0s empty 1/20
2026-03-03 16:16:51,190 INFO LLM dispatch 25/47 size 20
2026-03-03 16:18:28,319 INFO LLM progress 500/937 rate 0.15/s ETA 2963.7s empty 0/20
2026-03-03 16:18:28,319 INFO LLM dispatch 26/47 size 20
2026-03-03 16:20:14,453 INFO LLM progress 520/937 rate 0.15/s ETA 2804.4s empty 0/20
2026-03-03 16:20:14,453 INFO LLM dispatch 27/47 size 20
2026-03-03 16:22:36,637 INFO LLM progress 540/937 rate 0.15/s ETA 2675.5s empty 0/20
2026-03-03 16:22:36,637 INFO LLM dispatch 28/47 size 20
2026-03-03 16:25:20,700 INFO LLM progress 560/937 rate 0.15/s ETA 2560.4s empty 0/20
2026-03-03 16:25:20,701 INFO LLM dispatch 29/47 size 20
2026-03-03 16:26:51,128 INFO LLM progress 580/937 rate 0.15/s ETA 2396.7s empty 0/20
2026-03-03 16:26:51,129 INFO LLM dispatch 30/47 size 20
2026-03-03 16:29:09,872 INFO LLM progress 600/937 rate 0.15/s ETA 2264.9s empty 0/20
2026-03-03 16:29:09,872 INFO LLM dispatch 31/47 size 20
2026-03-03 16:32:31,042 INFO LLM progress 620/937 rate 0.15/s ETA 2164.6s empty 0/20
2026-03-03 16:32:31,042 INFO LLM dispatch 32/47 size 20
2026-03-03 16:34:42,383 INFO LLM progress 640/937 rate 0.15/s ETA 2025.6s empty 0/20
2026-03-03 16:34:42,384 INFO LLM dispatch 33/47 size 20
2026-03-03 16:36:35,714 INFO LLM progress 660/937 rate 0.15/s ETA 1879.5s empty 0/20
2026-03-03 16:36:35,715 INFO LLM dispatch 34/47 size 20
2026-03-03 16:38:42,408 INFO LLM progress 680/937 rate 0.15/s ETA 1740.4s empty 0/20
2026-03-03 16:38:42,409 INFO LLM dispatch 35/47 size 20
2026-03-03 16:40:54,943 INFO LLM progress 700/937 rate 0.15/s ETA 1604.0s empty 0/20
2026-03-03 16:40:54,943 INFO LLM dispatch 36/47 size 20
2026-03-03 16:43:30,558 INFO LLM progress 720/937 rate 0.15/s ETA 1474.7s empty 0/20
2026-03-03 16:43:30,559 INFO LLM dispatch 37/47 size 20
2026-03-03 16:45:58,672 INFO LLM progress 740/937 rate 0.15/s ETA 1342.1s empty 0/20
2026-03-03 16:45:58,672 INFO LLM dispatch 38/47 size 20
2026-03-03 16:47:57,568 INFO LLM progress 760/937 rate 0.15/s ETA 1201.8s empty 0/20
2026-03-03 16:47:57,568 INFO LLM dispatch 39/47 size 20
2026-03-03 16:51:02,366 INFO LLM progress 780/937 rate 0.15/s ETA 1075.8s empty 0/20
2026-03-03 16:51:02,366 INFO LLM dispatch 40/47 size 20
2026-03-03 16:53:09,163 INFO LLM progress 800/937 rate 0.15/s ETA 937.0s empty 0/20
2026-03-03 16:53:09,163 INFO LLM dispatch 41/47 size 20
2026-03-03 16:57:17,898 INFO LLM progress 820/937 rate 0.14/s ETA 816.2s empty 0/20
2026-03-03 16:57:17,898 INFO LLM dispatch 42/47 size 20
2026-03-03 16:59:40,546 INFO LLM progress 840/937 rate 0.14/s ETA 677.1s empty 0/20
2026-03-03 16:59:40,546 INFO LLM dispatch 43/47 size 20
2026-03-03 17:01:47,043 INFO LLM progress 860/937 rate 0.14/s ETA 536.3s empty 0/20
2026-03-03 17:01:47,043 INFO LLM dispatch 44/47 size 20
2026-03-03 17:03:13,463 INFO LLM progress 880/937 rate 0.14/s ETA 393.6s empty 0/20
2026-03-03 17:03:13,463 INFO LLM dispatch 45/47 size 20
2026-03-03 17:05:17,842 INFO LLM progress 900/937 rate 0.15/s ETA 254.9s empty 0/20
2026-03-03 17:05:17,843 INFO LLM dispatch 46/47 size 20
2026-03-03 17:06:36,972 INFO LLM progress 920/937 rate 0.15/s ETA 116.0s empty 0/20
2026-03-03 17:06:36,973 INFO LLM dispatch 47/47 size 17
2026-03-03 17:07:40,324 INFO LLM progress 937/937 rate 0.15/s ETA 0.0s empty 0/17
2026-03-03 17:07:42,550 INFO Generation complete. Output saved to ../thermal_output/step_0.jsonl
2026-03-03 17:07:42,552 INFO ExtractCategoryProperties stage parse category thermal
2026-03-03 17:07:45,370 INFO ExtractCategoryProperties complete category thermal
2026-03-03 17:07:45,370 INFO Running save_results_to_csv category thermal total 937
2026-03-03 17:07:46,397 INFO save_results_to_csv progress category thermal 50/937
2026-03-03 17:07:47,583 INFO save_results_to_csv progress category thermal 100/937
2026-03-03 17:07:48,501 INFO save_results_to_csv progress category thermal 150/937
2026-03-03 17:07:49,055 INFO save_results_to_csv progress category thermal 200/937
2026-03-03 17:07:49,796 INFO save_results_to_csv progress category thermal 250/937
2026-03-03 17:07:50,390 INFO save_results_to_csv progress category thermal 300/937
2026-03-03 17:07:51,032 INFO save_results_to_csv progress category thermal 350/937
2026-03-03 17:07:52,386 INFO save_results_to_csv progress category thermal 400/937
2026-03-03 17:07:54,006 INFO save_results_to_csv progress category thermal 450/937
2026-03-03 17:07:55,074 INFO save_results_to_csv progress category thermal 500/937
2026-03-03 17:07:56,502 INFO save_results_to_csv progress category thermal 550/937
2026-03-03 17:07:57,166 INFO save_results_to_csv progress category thermal 600/937
2026-03-03 17:07:58,076 INFO save_results_to_csv progress category thermal 650/937
2026-03-03 17:07:58,615 INFO save_results_to_csv progress category thermal 700/937
2026-03-03 17:07:59,191 INFO save_results_to_csv progress category thermal 750/937
2026-03-03 17:07:59,761 INFO save_results_to_csv progress category thermal 800/937
2026-03-03 17:08:00,277 INFO save_results_to_csv progress category thermal 850/937
2026-03-03 17:08:00,843 INFO save_results_to_csv progress category thermal 900/937
2026-03-03 17:08:01,738 INFO save_results_to_csv complete category thermal total 937 nonempty 719 empty 217 rows 719
2026-03-03 17:08:33,920 INFO Prepared input_jsonl category optical files 1866 rows 937 path /share/lcc/paper/10.1002/optical_input.jsonl
2026-03-03 17:08:33,920 INFO Running category optical entry_file /share/lcc/paper/10.1002/optical_input.jsonl prompt_dir /share/lcc/dataflow-dp/prompts schema_dir /share/lcc/dataflow-dp/schemas
2026-03-03 17:08:33,927 INFO Running ExtractCategoryProperties category optical prompts 1
2026-03-03 17:08:33,935 INFO ExtractCategoryProperties stage llm_run category optical key optical
2026-03-03 17:08:33,935 INFO Running ChunkedPromptedGenerator...
2026-03-03 17:08:34,936 INFO Loaded DataFrame with 937 rows.
2026-03-03 17:08:34,937 INFO Row 0: chunking disabled, using 1 chunk
2026-03-03 17:08:34,960 INFO Row 1: chunking disabled, using 1 chunk
2026-03-03 17:08:34,961 INFO Row 2: chunking disabled, using 1 chunk
2026-03-03 17:08:34,965 INFO Row 3: chunking disabled, using 1 chunk
2026-03-03 17:08:34,970 INFO Row 4: chunking disabled, using 1 chunk
2026-03-03 17:08:34,973 INFO Row 5: chunking disabled, using 1 chunk
2026-03-03 17:08:34,976 INFO Row 6: chunking disabled, using 1 chunk
2026-03-03 17:08:34,979 INFO Row 7: chunking disabled, using 1 chunk
2026-03-03 17:08:34,982 INFO Row 8: chunking disabled, using 1 chunk
2026-03-03 17:08:34,985 INFO Row 9: chunking disabled, using 1 chunk
2026-03-03 17:08:34,988 INFO Row 10: chunking disabled, using 1 chunk
2026-03-03 17:08:35,003 INFO Row 11: chunking disabled, using 1 chunk
2026-03-03 17:08:35,004 INFO Row 12: chunking disabled, using 1 chunk
2026-03-03 17:08:35,008 INFO Row 13: chunking disabled, using 1 chunk
2026-03-03 17:08:35,012 INFO Row 14: chunking disabled, using 1 chunk
2026-03-03 17:08:35,017 INFO Row 15: chunking disabled, using 1 chunk
2026-03-03 17:08:35,019 INFO Row 16: chunking disabled, using 1 chunk
2026-03-03 17:08:35,022 INFO Row 17: chunking disabled, using 1 chunk
2026-03-03 17:08:35,025 INFO Row 18: chunking disabled, using 1 chunk
2026-03-03 17:08:35,029 INFO Row 19: chunking disabled, using 1 chunk
2026-03-03 17:08:35,032 INFO Row 20: chunking disabled, using 1 chunk
2026-03-03 17:08:35,056 INFO Row 21: chunking disabled, using 1 chunk
2026-03-03 17:08:35,068 INFO Row 22: chunking disabled, using 1 chunk
2026-03-03 17:08:35,080 INFO Row 23: chunking disabled, using 1 chunk
2026-03-03 17:08:35,090 INFO Row 24: chunking disabled, using 1 chunk
2026-03-03 17:08:35,092 INFO Row 25: chunking disabled, using 1 chunk
2026-03-03 17:08:35,096 INFO Row 26: chunking disabled, using 1 chunk
2026-03-03 17:08:35,099 INFO Row 27: chunking disabled, using 1 chunk
2026-03-03 17:08:35,102 INFO Row 28: chunking disabled, using 1 chunk
2026-03-03 17:08:35,106 INFO Row 29: chunking disabled, using 1 chunk
2026-03-03 17:08:35,110 INFO Row 30: chunking disabled, using 1 chunk
2026-03-03 17:08:35,114 INFO Row 31: chunking disabled, using 1 chunk
2026-03-03 17:08:35,117 INFO Row 32: chunking disabled, using 1 chunk
2026-03-03 17:08:35,121 INFO Row 33: chunking disabled, using 1 chunk
2026-03-03 17:08:35,129 INFO Row 34: chunking disabled, using 1 chunk
2026-03-03 17:08:35,133 INFO Row 35: chunking disabled, using 1 chunk
2026-03-03 17:08:35,136 INFO Row 36: chunking disabled, using 1 chunk
2026-03-03 17:08:35,139 INFO Row 37: chunking disabled, using 1 chunk
2026-03-03 17:08:35,142 INFO Row 38: chunking disabled, using 1 chunk
2026-03-03 17:08:35,146 INFO Row 39: chunking disabled, using 1 chunk
2026-03-03 17:08:35,150 INFO Row 40: chunking disabled, using 1 chunk
2026-03-03 17:08:35,153 INFO Row 41: chunking disabled, using 1 chunk
2026-03-03 17:08:35,157 INFO Row 42: chunking disabled, using 1 chunk
2026-03-03 17:08:35,160 INFO Row 43: chunking disabled, using 1 chunk
2026-03-03 17:08:35,164 INFO Row 44: chunking disabled, using 1 chunk
2026-03-03 17:08:35,168 INFO Row 45: chunking disabled, using 1 chunk
2026-03-03 17:08:35,171 INFO Row 46: chunking disabled, using 1 chunk
2026-03-03 17:08:35,175 INFO Row 47: chunking disabled, using 1 chunk
2026-03-03 17:08:35,178 INFO Row 48: chunking disabled, using 1 chunk
2026-03-03 17:08:35,180 INFO Row 49: chunking disabled, using 1 chunk
2026-03-03 17:08:35,182 INFO Row 50: chunking disabled, using 1 chunk
2026-03-03 17:08:35,187 INFO Row 51: chunking disabled, using 1 chunk
2026-03-03 17:08:35,189 INFO Row 52: chunking disabled, using 1 chunk
2026-03-03 17:08:35,191 INFO Row 53: chunking disabled, using 1 chunk
2026-03-03 17:08:35,193 INFO Row 54: chunking disabled, using 1 chunk
2026-03-03 17:08:35,196 INFO Row 55: chunking disabled, using 1 chunk
2026-03-03 17:08:35,201 INFO Row 56: chunking disabled, using 1 chunk
2026-03-03 17:08:35,210 INFO Row 57: chunking disabled, using 1 chunk
2026-03-03 17:08:35,217 INFO Row 58: chunking disabled, using 1 chunk
2026-03-03 17:08:35,220 INFO Row 59: chunking disabled, using 1 chunk
2026-03-03 17:08:35,223 INFO Row 60: chunking disabled, using 1 chunk
2026-03-03 17:08:35,227 INFO Row 61: chunking disabled, using 1 chunk
2026-03-03 17:08:35,230 INFO Row 62: chunking disabled, using 1 chunk
2026-03-03 17:08:35,234 INFO Row 63: chunking disabled, using 1 chunk
2026-03-03 17:08:35,238 INFO Row 64: chunking disabled, using 1 chunk
2026-03-03 17:08:35,243 INFO Row 65: chunking disabled, using 1 chunk
2026-03-03 17:08:35,276 INFO Row 66: chunking disabled, using 1 chunk
2026-03-03 17:08:35,278 INFO Row 67: chunking disabled, using 1 chunk
2026-03-03 17:08:35,282 INFO Row 68: chunking disabled, using 1 chunk
2026-03-03 17:08:35,287 INFO Row 69: chunking disabled, using 1 chunk
2026-03-03 17:08:35,290 INFO Row 70: chunking disabled, using 1 chunk
2026-03-03 17:08:35,292 INFO Row 71: chunking disabled, using 1 chunk
2026-03-03 17:08:35,296 INFO Row 72: chunking disabled, using 1 chunk
2026-03-03 17:08:35,299 INFO Row 73: chunking disabled, using 1 chunk
2026-03-03 17:08:35,303 INFO Row 74: chunking disabled, using 1 chunk
2026-03-03 17:08:35,307 INFO Row 75: chunking disabled, using 1 chunk
2026-03-03 17:08:35,311 INFO Row 76: chunking disabled, using 1 chunk
2026-03-03 17:08:35,314 INFO Row 77: chunking disabled, using 1 chunk
2026-03-03 17:08:35,318 INFO Row 78: chunking disabled, using 1 chunk
2026-03-03 17:08:35,323 INFO Row 79: chunking disabled, using 1 chunk
2026-03-03 17:08:35,325 INFO Row 80: chunking disabled, using 1 chunk
2026-03-03 17:08:35,330 INFO Row 81: chunking disabled, using 1 chunk
2026-03-03 17:08:35,332 INFO Row 82: chunking disabled, using 1 chunk
2026-03-03 17:08:35,336 INFO Row 83: chunking disabled, using 1 chunk
2026-03-03 17:08:35,339 INFO Row 84: chunking disabled, using 1 chunk
2026-03-03 17:08:35,342 INFO Row 85: chunking disabled, using 1 chunk
2026-03-03 17:08:35,364 INFO Row 86: chunking disabled, using 1 chunk
2026-03-03 17:08:35,368 INFO Row 87: chunking disabled, using 1 chunk
2026-03-03 17:08:35,372 INFO Row 88: chunking disabled, using 1 chunk
2026-03-03 17:08:35,376 INFO Row 89: chunking disabled, using 1 chunk
2026-03-03 17:08:35,380 INFO Row 90: chunking disabled, using 1 chunk
2026-03-03 17:08:35,385 INFO Row 91: chunking disabled, using 1 chunk
2026-03-03 17:08:35,389 INFO Row 92: chunking disabled, using 1 chunk
2026-03-03 17:08:35,392 INFO Row 93: chunking disabled, using 1 chunk
2026-03-03 17:08:35,396 INFO Row 94: chunking disabled, using 1 chunk
2026-03-03 17:08:35,400 INFO Row 95: chunking disabled, using 1 chunk
2026-03-03 17:08:35,403 INFO Row 96: chunking disabled, using 1 chunk
2026-03-03 17:08:35,406 INFO Row 97: chunking disabled, using 1 chunk
2026-03-03 17:08:35,410 INFO Row 98: chunking disabled, using 1 chunk
2026-03-03 17:08:35,435 INFO Row 99: chunking disabled, using 1 chunk
2026-03-03 17:08:35,444 INFO Row 100: chunking disabled, using 1 chunk
2026-03-03 17:08:35,467 INFO Row 101: chunking disabled, using 1 chunk
2026-03-03 17:08:35,479 INFO Row 102: chunking disabled, using 1 chunk
2026-03-03 17:08:35,480 INFO Row 103: chunking disabled, using 1 chunk
2026-03-03 17:08:35,499 INFO Row 104: chunking disabled, using 1 chunk
2026-03-03 17:08:35,518 INFO Row 105: chunking disabled, using 1 chunk
2026-03-03 17:08:35,521 INFO Row 106: chunking disabled, using 1 chunk
2026-03-03 17:08:35,523 INFO Row 107: chunking disabled, using 1 chunk
2026-03-03 17:08:35,526 INFO Row 108: chunking disabled, using 1 chunk
2026-03-03 17:08:35,528 INFO Row 109: chunking disabled, using 1 chunk
2026-03-03 17:08:35,531 INFO Row 110: chunking disabled, using 1 chunk
2026-03-03 17:08:35,532 INFO Row 111: chunking disabled, using 1 chunk
2026-03-03 17:08:35,535 INFO Row 112: chunking disabled, using 1 chunk
2026-03-03 17:08:35,539 INFO Row 113: chunking disabled, using 1 chunk
2026-03-03 17:08:35,543 INFO Row 114: chunking disabled, using 1 chunk
2026-03-03 17:08:35,546 INFO Row 115: chunking disabled, using 1 chunk
2026-03-03 17:08:35,549 INFO Row 116: chunking disabled, using 1 chunk
2026-03-03 17:08:35,553 INFO Row 117: chunking disabled, using 1 chunk
2026-03-03 17:08:35,556 INFO Row 118: chunking disabled, using 1 chunk
2026-03-03 17:08:35,560 INFO Row 119: chunking disabled, using 1 chunk
2026-03-03 17:08:35,566 INFO Row 120: chunking disabled, using 1 chunk
2026-03-03 17:08:35,569 INFO Row 121: chunking disabled, using 1 chunk
2026-03-03 17:08:35,589 INFO Row 122: chunking disabled, using 1 chunk
2026-03-03 17:08:35,591 INFO Row 123: chunking disabled, using 1 chunk
2026-03-03 17:08:35,593 INFO Row 124: chunking disabled, using 1 chunk
2026-03-03 17:08:35,605 INFO Row 125: chunking disabled, using 1 chunk
2026-03-03 17:08:35,607 INFO Row 126: chunking disabled, using 1 chunk
2026-03-03 17:08:35,608 INFO Row 127: chunking disabled, using 1 chunk
2026-03-03 17:08:35,612 INFO Row 128: chunking disabled, using 1 chunk
2026-03-03 17:08:35,625 INFO Row 129: chunking disabled, using 1 chunk
2026-03-03 17:08:35,626 INFO Row 130: chunking disabled, using 1 chunk
2026-03-03 17:08:35,628 INFO Row 131: chunking disabled, using 1 chunk
2026-03-03 17:08:35,629 INFO Row 132: chunking disabled, using 1 chunk
2026-03-03 17:08:35,630 INFO Row 133: chunking disabled, using 1 chunk
2026-03-03 17:08:35,632 INFO Row 134: chunking disabled, using 1 chunk
2026-03-03 17:08:35,649 INFO Row 135: chunking disabled, using 1 chunk
2026-03-03 17:08:35,651 INFO Row 136: chunking disabled, using 1 chunk
2026-03-03 17:08:35,654 INFO Row 137: chunking disabled, using 1 chunk
2026-03-03 17:08:35,658 INFO Row 138: chunking disabled, using 1 chunk
2026-03-03 17:08:35,661 INFO Row 139: chunking disabled, using 1 chunk
2026-03-03 17:08:35,664 INFO Row 140: chunking disabled, using 1 chunk
2026-03-03 17:08:35,668 INFO Row 141: chunking disabled, using 1 chunk
2026-03-03 17:08:35,672 INFO Row 142: chunking disabled, using 1 chunk
2026-03-03 17:08:35,678 INFO Row 143: chunking disabled, using 1 chunk
2026-03-03 17:08:35,683 INFO Row 144: chunking disabled, using 1 chunk
2026-03-03 17:08:35,685 INFO Row 145: chunking disabled, using 1 chunk
2026-03-03 17:08:35,689 INFO Row 146: chunking disabled, using 1 chunk
2026-03-03 17:08:35,709 INFO Row 147: chunking disabled, using 1 chunk
2026-03-03 17:08:35,713 INFO Row 148: chunking disabled, using 1 chunk
2026-03-03 17:08:35,717 INFO Row 149: chunking disabled, using 1 chunk
2026-03-03 17:08:35,720 INFO Row 150: chunking disabled, using 1 chunk
2026-03-03 17:08:35,723 INFO Row 151: chunking disabled, using 1 chunk
2026-03-03 17:08:35,727 INFO Row 152: chunking disabled, using 1 chunk
2026-03-03 17:08:35,730 INFO Row 153: chunking disabled, using 1 chunk
2026-03-03 17:08:35,733 INFO Row 154: chunking disabled, using 1 chunk
2026-03-03 17:08:35,736 INFO Row 155: chunking disabled, using 1 chunk
2026-03-03 17:08:35,739 INFO Row 156: chunking disabled, using 1 chunk
2026-03-03 17:08:35,743 INFO Row 157: chunking disabled, using 1 chunk
2026-03-03 17:08:35,747 INFO Row 158: chunking disabled, using 1 chunk
2026-03-03 17:08:35,750 INFO Row 159: chunking disabled, using 1 chunk
2026-03-03 17:08:35,753 INFO Row 160: chunking disabled, using 1 chunk
2026-03-03 17:08:35,757 INFO Row 161: chunking disabled, using 1 chunk
2026-03-03 17:08:35,761 INFO Row 162: chunking disabled, using 1 chunk
2026-03-03 17:08:35,765 INFO Row 163: chunking disabled, using 1 chunk
2026-03-03 17:08:35,768 INFO Row 164: chunking disabled, using 1 chunk
2026-03-03 17:08:35,771 INFO Row 165: chunking disabled, using 1 chunk
2026-03-03 17:08:35,773 INFO Row 166: chunking disabled, using 1 chunk
2026-03-03 17:08:35,775 INFO Row 167: chunking disabled, using 1 chunk
2026-03-03 17:08:35,777 INFO Row 168: chunking disabled, using 1 chunk
2026-03-03 17:08:35,780 INFO Row 169: chunking disabled, using 1 chunk
2026-03-03 17:08:35,782 INFO Row 170: chunking disabled, using 1 chunk
2026-03-03 17:08:35,804 INFO Row 171: chunking disabled, using 1 chunk
2026-03-03 17:08:35,815 INFO Row 172: chunking disabled, using 1 chunk
2026-03-03 17:08:35,825 INFO Row 173: chunking disabled, using 1 chunk
2026-03-03 17:08:35,834 INFO Row 174: chunking disabled, using 1 chunk
2026-03-03 17:08:35,835 INFO Row 175: chunking disabled, using 1 chunk
2026-03-03 17:08:35,841 INFO Row 176: chunking disabled, using 1 chunk
2026-03-03 17:08:35,844 INFO Row 177: chunking disabled, using 1 chunk
2026-03-03 17:08:35,847 INFO Row 178: chunking disabled, using 1 chunk
2026-03-03 17:08:35,866 INFO Row 179: chunking disabled, using 1 chunk
2026-03-03 17:08:35,869 INFO Row 180: chunking disabled, using 1 chunk
2026-03-03 17:08:35,880 INFO Row 181: chunking disabled, using 1 chunk
2026-03-03 17:08:35,893 INFO Row 182: chunking disabled, using 1 chunk
2026-03-03 17:08:35,897 INFO Row 183: chunking disabled, using 1 chunk
2026-03-03 17:08:35,906 INFO Row 184: chunking disabled, using 1 chunk
2026-03-03 17:08:35,916 INFO Row 185: chunking disabled, using 1 chunk
2026-03-03 17:08:35,925 INFO Row 186: chunking disabled, using 1 chunk
2026-03-03 17:08:35,930 INFO Row 187: chunking disabled, using 1 chunk
2026-03-03 17:08:35,932 INFO Row 188: chunking disabled, using 1 chunk
2026-03-03 17:08:35,936 INFO Row 189: chunking disabled, using 1 chunk
2026-03-03 17:08:35,939 INFO Row 190: chunking disabled, using 1 chunk
2026-03-03 17:08:35,944 INFO Row 191: chunking disabled, using 1 chunk
2026-03-03 17:08:35,948 INFO Row 192: chunking disabled, using 1 chunk
2026-03-03 17:08:35,951 INFO Row 193: chunking disabled, using 1 chunk
2026-03-03 17:08:35,954 INFO Row 194: chunking disabled, using 1 chunk
2026-03-03 17:08:35,957 INFO Row 195: chunking disabled, using 1 chunk
2026-03-03 17:08:35,960 INFO Row 196: chunking disabled, using 1 chunk
2026-03-03 17:08:35,964 INFO Row 197: chunking disabled, using 1 chunk
2026-03-03 17:08:35,967 INFO Row 198: chunking disabled, using 1 chunk
2026-03-03 17:08:35,971 INFO Row 199: chunking disabled, using 1 chunk
2026-03-03 17:08:35,974 INFO Row 200: chunking disabled, using 1 chunk
2026-03-03 17:08:35,978 INFO Row 201: chunking disabled, using 1 chunk
2026-03-03 17:08:35,982 INFO Row 202: chunking disabled, using 1 chunk
2026-03-03 17:08:35,985 INFO Row 203: chunking disabled, using 1 chunk
2026-03-03 17:08:35,988 INFO Row 204: chunking disabled, using 1 chunk
2026-03-03 17:08:35,992 INFO Row 205: chunking disabled, using 1 chunk
2026-03-03 17:08:35,995 INFO Row 206: chunking disabled, using 1 chunk
2026-03-03 17:08:35,998 INFO Row 207: chunking disabled, using 1 chunk
2026-03-03 17:08:36,002 INFO Row 208: chunking disabled, using 1 chunk
2026-03-03 17:08:36,005 INFO Row 209: chunking disabled, using 1 chunk
2026-03-03 17:08:36,010 INFO Row 210: chunking disabled, using 1 chunk
2026-03-03 17:08:36,013 INFO Row 211: chunking disabled, using 1 chunk
2026-03-03 17:08:36,017 INFO Row 212: chunking disabled, using 1 chunk
2026-03-03 17:08:36,019 INFO Row 213: chunking disabled, using 1 chunk
2026-03-03 17:08:36,023 INFO Row 214: chunking disabled, using 1 chunk
2026-03-03 17:08:36,026 INFO Row 215: chunking disabled, using 1 chunk
2026-03-03 17:08:36,030 INFO Row 216: chunking disabled, using 1 chunk
2026-03-03 17:08:36,035 INFO Row 217: chunking disabled, using 1 chunk
2026-03-03 17:08:36,039 INFO Row 218: chunking disabled, using 1 chunk
2026-03-03 17:08:36,042 INFO Row 219: chunking disabled, using 1 chunk
2026-03-03 17:08:36,045 INFO Row 220: chunking disabled, using 1 chunk
2026-03-03 17:08:36,049 INFO Row 221: chunking disabled, using 1 chunk
2026-03-03 17:08:36,073 INFO Row 222: chunking disabled, using 1 chunk
2026-03-03 17:08:36,092 INFO Row 223: chunking disabled, using 1 chunk
2026-03-03 17:08:36,093 INFO Row 224: chunking disabled, using 1 chunk
2026-03-03 17:08:36,097 INFO Row 225: chunking disabled, using 1 chunk
2026-03-03 17:08:36,100 INFO Row 226: chunking disabled, using 1 chunk
2026-03-03 17:08:36,102 INFO Row 227: chunking disabled, using 1 chunk
2026-03-03 17:08:36,106 INFO Row 228: chunking disabled, using 1 chunk
2026-03-03 17:08:36,109 INFO Row 229: chunking disabled, using 1 chunk
2026-03-03 17:08:36,127 INFO Row 230: chunking disabled, using 1 chunk
2026-03-03 17:08:36,133 INFO Row 231: chunking disabled, using 1 chunk
2026-03-03 17:08:36,137 INFO Row 232: chunking disabled, using 1 chunk
2026-03-03 17:08:36,141 INFO Row 233: chunking disabled, using 1 chunk
2026-03-03 17:08:36,145 INFO Row 234: chunking disabled, using 1 chunk
2026-03-03 17:08:36,148 INFO Row 235: chunking disabled, using 1 chunk
2026-03-03 17:08:36,154 INFO Row 236: chunking disabled, using 1 chunk
2026-03-03 17:08:36,158 INFO Row 237: chunking disabled, using 1 chunk
2026-03-03 17:08:36,161 INFO Row 238: chunking disabled, using 1 chunk
2026-03-03 17:08:36,166 INFO Row 239: chunking disabled, using 1 chunk
2026-03-03 17:08:36,177 INFO Row 240: chunking disabled, using 1 chunk
2026-03-03 17:08:36,187 INFO Row 241: chunking disabled, using 1 chunk
2026-03-03 17:08:36,190 INFO Row 242: chunking disabled, using 1 chunk
2026-03-03 17:08:36,192 INFO Row 243: chunking disabled, using 1 chunk
2026-03-03 17:08:36,197 INFO Row 244: chunking disabled, using 1 chunk
2026-03-03 17:08:36,201 INFO Row 245: chunking disabled, using 1 chunk
2026-03-03 17:08:36,204 INFO Row 246: chunking disabled, using 1 chunk
2026-03-03 17:08:36,208 INFO Row 247: chunking disabled, using 1 chunk
2026-03-03 17:08:36,211 INFO Row 248: chunking disabled, using 1 chunk
2026-03-03 17:08:36,215 INFO Row 249: chunking disabled, using 1 chunk
2026-03-03 17:08:36,218 INFO Row 250: chunking disabled, using 1 chunk
2026-03-03 17:08:36,222 INFO Row 251: chunking disabled, using 1 chunk
2026-03-03 17:08:36,225 INFO Row 252: chunking disabled, using 1 chunk
2026-03-03 17:08:36,229 INFO Row 253: chunking disabled, using 1 chunk
2026-03-03 17:08:36,233 INFO Row 254: chunking disabled, using 1 chunk
2026-03-03 17:08:36,236 INFO Row 255: chunking disabled, using 1 chunk
2026-03-03 17:08:36,240 INFO Row 256: chunking disabled, using 1 chunk
2026-03-03 17:08:36,244 INFO Row 257: chunking disabled, using 1 chunk
2026-03-03 17:08:36,247 INFO Row 258: chunking disabled, using 1 chunk
2026-03-03 17:08:36,252 INFO Row 259: chunking disabled, using 1 chunk
2026-03-03 17:08:36,256 INFO Row 260: chunking disabled, using 1 chunk
2026-03-03 17:08:36,259 INFO Row 261: chunking disabled, using 1 chunk
2026-03-03 17:08:36,263 INFO Row 262: chunking disabled, using 1 chunk
2026-03-03 17:08:36,267 INFO Row 263: chunking disabled, using 1 chunk
2026-03-03 17:08:36,270 INFO Row 264: chunking disabled, using 1 chunk
2026-03-03 17:08:36,273 INFO Row 265: chunking disabled, using 1 chunk
2026-03-03 17:08:36,277 INFO Row 266: chunking disabled, using 1 chunk
2026-03-03 17:08:36,280 INFO Row 267: chunking disabled, using 1 chunk
2026-03-03 17:08:36,283 INFO Row 268: chunking disabled, using 1 chunk
2026-03-03 17:08:36,288 INFO Row 269: chunking disabled, using 1 chunk
2026-03-03 17:08:36,291 INFO Row 270: chunking disabled, using 1 chunk
2026-03-03 17:08:36,304 INFO Row 271: chunking disabled, using 1 chunk
2026-03-03 17:08:36,307 INFO Row 272: chunking disabled, using 1 chunk
2026-03-03 17:08:36,311 INFO Row 273: chunking disabled, using 1 chunk
2026-03-03 17:08:36,314 INFO Row 274: chunking disabled, using 1 chunk
2026-03-03 17:08:36,329 INFO Row 275: chunking disabled, using 1 chunk
2026-03-03 17:08:36,340 INFO Row 276: chunking disabled, using 1 chunk
2026-03-03 17:08:36,353 INFO Row 277: chunking disabled, using 1 chunk
2026-03-03 17:08:36,357 INFO Row 278: chunking disabled, using 1 chunk
2026-03-03 17:08:36,360 INFO Row 279: chunking disabled, using 1 chunk
2026-03-03 17:08:36,371 INFO Row 280: chunking disabled, using 1 chunk
2026-03-03 17:08:36,387 INFO Row 281: chunking disabled, using 1 chunk
2026-03-03 17:08:36,389 INFO Row 282: chunking disabled, using 1 chunk
2026-03-03 17:08:36,390 INFO Row 283: chunking disabled, using 1 chunk
2026-03-03 17:08:36,391 INFO Row 284: chunking disabled, using 1 chunk
2026-03-03 17:08:36,393 INFO Row 285: chunking disabled, using 1 chunk
2026-03-03 17:08:36,395 INFO Row 286: chunking disabled, using 1 chunk
2026-03-03 17:08:36,396 INFO Row 287: chunking disabled, using 1 chunk
2026-03-03 17:08:36,397 INFO Row 288: chunking disabled, using 1 chunk
2026-03-03 17:08:36,400 INFO Row 289: chunking disabled, using 1 chunk
2026-03-03 17:08:36,412 INFO Row 290: chunking disabled, using 1 chunk
2026-03-03 17:08:36,431 INFO Row 291: chunking disabled, using 1 chunk
2026-03-03 17:08:36,432 INFO Row 292: chunking disabled, using 1 chunk
2026-03-03 17:08:36,434 INFO Row 293: chunking disabled, using 1 chunk
2026-03-03 17:08:36,435 INFO Row 294: chunking disabled, using 1 chunk
2026-03-03 17:08:36,436 INFO Row 295: chunking disabled, using 1 chunk
2026-03-03 17:08:36,437 INFO Row 296: chunking disabled, using 1 chunk
2026-03-03 17:08:36,439 INFO Row 297: chunking disabled, using 1 chunk
2026-03-03 17:08:36,440 INFO Row 298: chunking disabled, using 1 chunk
2026-03-03 17:08:36,465 INFO Row 299: chunking disabled, using 1 chunk
2026-03-03 17:08:36,494 INFO Row 300: chunking disabled, using 1 chunk
2026-03-03 17:08:36,517 INFO Row 301: chunking disabled, using 1 chunk
2026-03-03 17:08:36,519 INFO Row 302: chunking disabled, using 1 chunk
2026-03-03 17:08:36,534 INFO Row 303: chunking disabled, using 1 chunk
2026-03-03 17:08:36,547 INFO Row 304: chunking disabled, using 1 chunk
2026-03-03 17:08:36,550 INFO Row 305: chunking disabled, using 1 chunk
2026-03-03 17:08:36,559 INFO Row 306: chunking disabled, using 1 chunk
2026-03-03 17:08:36,563 INFO Row 307: chunking disabled, using 1 chunk
2026-03-03 17:08:36,567 INFO Row 308: chunking disabled, using 1 chunk
2026-03-03 17:08:36,571 INFO Row 309: chunking disabled, using 1 chunk
2026-03-03 17:08:36,575 INFO Row 310: chunking disabled, using 1 chunk
2026-03-03 17:08:36,579 INFO Row 311: chunking disabled, using 1 chunk
2026-03-03 17:08:36,585 INFO Row 312: chunking disabled, using 1 chunk
2026-03-03 17:08:36,589 INFO Row 313: chunking disabled, using 1 chunk
2026-03-03 17:08:36,593 INFO Row 314: chunking disabled, using 1 chunk
2026-03-03 17:08:36,597 INFO Row 315: chunking disabled, using 1 chunk
2026-03-03 17:08:36,600 INFO Row 316: chunking disabled, using 1 chunk
2026-03-03 17:08:36,604 INFO Row 317: chunking disabled, using 1 chunk
2026-03-03 17:08:36,610 INFO Row 318: chunking disabled, using 1 chunk
2026-03-03 17:08:36,614 INFO Row 319: chunking disabled, using 1 chunk
2026-03-03 17:08:36,618 INFO Row 320: chunking disabled, using 1 chunk
2026-03-03 17:08:36,622 INFO Row 321: chunking disabled, using 1 chunk
2026-03-03 17:08:36,625 INFO Row 322: chunking disabled, using 1 chunk
2026-03-03 17:08:36,629 INFO Row 323: chunking disabled, using 1 chunk
2026-03-03 17:08:36,633 INFO Row 324: chunking disabled, using 1 chunk
2026-03-03 17:08:36,637 INFO Row 325: chunking disabled, using 1 chunk
2026-03-03 17:08:36,643 INFO Row 326: chunking disabled, using 1 chunk
2026-03-03 17:08:36,647 INFO Row 327: chunking disabled, using 1 chunk
2026-03-03 17:08:36,650 INFO Row 328: chunking disabled, using 1 chunk
2026-03-03 17:08:36,654 INFO Row 329: chunking disabled, using 1 chunk
2026-03-03 17:08:36,658 INFO Row 330: chunking disabled, using 1 chunk
2026-03-03 17:08:36,662 INFO Row 331: chunking disabled, using 1 chunk
2026-03-03 17:08:36,665 INFO Row 332: chunking disabled, using 1 chunk
2026-03-03 17:08:36,669 INFO Row 333: chunking disabled, using 1 chunk
2026-03-03 17:08:36,686 INFO Row 334: chunking disabled, using 1 chunk
2026-03-03 17:08:36,704 INFO Row 335: chunking disabled, using 1 chunk
2026-03-03 17:08:36,707 INFO Row 336: chunking disabled, using 1 chunk
2026-03-03 17:08:36,709 INFO Row 337: chunking disabled, using 1 chunk
2026-03-03 17:08:36,711 INFO Row 338: chunking disabled, using 1 chunk
2026-03-03 17:08:36,712 INFO Row 339: chunking disabled, using 1 chunk
2026-03-03 17:08:36,714 INFO Row 340: chunking disabled, using 1 chunk
2026-03-03 17:08:36,715 INFO Row 341: chunking disabled, using 1 chunk
2026-03-03 17:08:36,717 INFO Row 342: chunking disabled, using 1 chunk
2026-03-03 17:08:36,718 INFO Row 343: chunking disabled, using 1 chunk
2026-03-03 17:08:36,719 INFO Row 344: chunking disabled, using 1 chunk
2026-03-03 17:08:36,746 INFO Row 345: chunking disabled, using 1 chunk
2026-03-03 17:08:36,751 INFO Row 346: chunking disabled, using 1 chunk
2026-03-03 17:08:36,752 INFO Row 347: chunking disabled, using 1 chunk
2026-03-03 17:08:36,753 INFO Row 348: chunking disabled, using 1 chunk
2026-03-03 17:08:36,755 INFO Row 349: chunking disabled, using 1 chunk
2026-03-03 17:08:36,756 INFO Row 350: chunking disabled, using 1 chunk
2026-03-03 17:08:36,757 INFO Row 351: chunking disabled, using 1 chunk
2026-03-03 17:08:36,758 INFO Row 352: chunking disabled, using 1 chunk
2026-03-03 17:08:36,759 INFO Row 353: chunking disabled, using 1 chunk
2026-03-03 17:08:36,761 INFO Row 354: chunking disabled, using 1 chunk
2026-03-03 17:08:36,762 INFO Row 355: chunking disabled, using 1 chunk
2026-03-03 17:08:36,763 INFO Row 356: chunking disabled, using 1 chunk
2026-03-03 17:08:36,764 INFO Row 357: chunking disabled, using 1 chunk
2026-03-03 17:08:36,765 INFO Row 358: chunking disabled, using 1 chunk
2026-03-03 17:08:36,766 INFO Row 359: chunking disabled, using 1 chunk
2026-03-03 17:08:36,767 INFO Row 360: chunking disabled, using 1 chunk
2026-03-03 17:08:36,769 INFO Row 361: chunking disabled, using 1 chunk
2026-03-03 17:08:36,770 INFO Row 362: chunking disabled, using 1 chunk
2026-03-03 17:08:36,800 INFO Row 363: chunking disabled, using 1 chunk
2026-03-03 17:08:36,815 INFO Row 364: chunking disabled, using 1 chunk
2026-03-03 17:08:36,854 INFO Row 365: chunking disabled, using 1 chunk
2026-03-03 17:08:36,858 INFO Row 366: chunking disabled, using 1 chunk
2026-03-03 17:08:36,862 INFO Row 367: chunking disabled, using 1 chunk
2026-03-03 17:08:36,874 INFO Row 368: chunking disabled, using 1 chunk
2026-03-03 17:08:36,882 INFO Row 369: chunking disabled, using 1 chunk
2026-03-03 17:08:36,885 INFO Row 370: chunking disabled, using 1 chunk
2026-03-03 17:08:36,895 INFO Row 371: chunking disabled, using 1 chunk
2026-03-03 17:08:36,915 INFO Row 372: chunking disabled, using 1 chunk
2026-03-03 17:08:36,918 INFO Row 373: chunking disabled, using 1 chunk
2026-03-03 17:08:36,924 INFO Row 374: chunking disabled, using 1 chunk
2026-03-03 17:08:36,927 INFO Row 375: chunking disabled, using 1 chunk
2026-03-03 17:08:36,930 INFO Row 376: chunking disabled, using 1 chunk
2026-03-03 17:08:36,934 INFO Row 377: chunking disabled, using 1 chunk
2026-03-03 17:08:36,937 INFO Row 378: chunking disabled, using 1 chunk
2026-03-03 17:08:36,941 INFO Row 379: chunking disabled, using 1 chunk
2026-03-03 17:08:36,945 INFO Row 380: chunking disabled, using 1 chunk
2026-03-03 17:08:36,949 INFO Row 381: chunking disabled, using 1 chunk
2026-03-03 17:08:36,952 INFO Row 382: chunking disabled, using 1 chunk
2026-03-03 17:08:36,957 INFO Row 383: chunking disabled, using 1 chunk
2026-03-03 17:08:36,961 INFO Row 384: chunking disabled, using 1 chunk
2026-03-03 17:08:36,964 INFO Row 385: chunking disabled, using 1 chunk
2026-03-03 17:08:36,969 INFO Row 386: chunking disabled, using 1 chunk
2026-03-03 17:08:36,972 INFO Row 387: chunking disabled, using 1 chunk
2026-03-03 17:08:36,975 INFO Row 388: chunking disabled, using 1 chunk
2026-03-03 17:08:36,980 INFO Row 389: chunking disabled, using 1 chunk
2026-03-03 17:08:36,983 INFO Row 390: chunking disabled, using 1 chunk
2026-03-03 17:08:36,987 INFO Row 391: chunking disabled, using 1 chunk
2026-03-03 17:08:36,991 INFO Row 392: chunking disabled, using 1 chunk
2026-03-03 17:08:36,993 INFO Row 393: chunking disabled, using 1 chunk
2026-03-03 17:08:36,997 INFO Row 394: chunking disabled, using 1 chunk
2026-03-03 17:08:37,000 INFO Row 395: chunking disabled, using 1 chunk
2026-03-03 17:08:37,002 INFO Row 396: chunking disabled, using 1 chunk
2026-03-03 17:08:37,005 INFO Row 397: chunking disabled, using 1 chunk
2026-03-03 17:08:37,007 INFO Row 398: chunking disabled, using 1 chunk
2026-03-03 17:08:37,010 INFO Row 399: chunking disabled, using 1 chunk
2026-03-03 17:08:37,013 INFO Row 400: chunking disabled, using 1 chunk
2026-03-03 17:08:37,016 INFO Row 401: chunking disabled, using 1 chunk
2026-03-03 17:08:37,019 INFO Row 402: chunking disabled, using 1 chunk
2026-03-03 17:08:37,024 INFO Row 403: chunking disabled, using 1 chunk
2026-03-03 17:08:37,027 INFO Row 404: chunking disabled, using 1 chunk
2026-03-03 17:08:37,030 INFO Row 405: chunking disabled, using 1 chunk
2026-03-03 17:08:37,034 INFO Row 406: chunking disabled, using 1 chunk
2026-03-03 17:08:37,038 INFO Row 407: chunking disabled, using 1 chunk
2026-03-03 17:08:37,041 INFO Row 408: chunking disabled, using 1 chunk
2026-03-03 17:08:37,045 INFO Row 409: chunking disabled, using 1 chunk
2026-03-03 17:08:37,069 INFO Row 410: chunking disabled, using 1 chunk
2026-03-03 17:08:37,079 INFO Row 411: chunking disabled, using 1 chunk
2026-03-03 17:08:37,081 INFO Row 412: chunking disabled, using 1 chunk
2026-03-03 17:08:37,085 INFO Row 413: chunking disabled, using 1 chunk
2026-03-03 17:08:37,089 INFO Row 414: chunking disabled, using 1 chunk
2026-03-03 17:08:37,093 INFO Row 415: chunking disabled, using 1 chunk
2026-03-03 17:08:37,105 INFO Row 416: chunking disabled, using 1 chunk
2026-03-03 17:08:37,106 INFO Row 417: chunking disabled, using 1 chunk
2026-03-03 17:08:37,108 INFO Row 418: chunking disabled, using 1 chunk
2026-03-03 17:08:37,122 INFO Row 419: chunking disabled, using 1 chunk
2026-03-03 17:08:37,124 INFO Row 420: chunking disabled, using 1 chunk
2026-03-03 17:08:37,125 INFO Row 421: chunking disabled, using 1 chunk
2026-03-03 17:08:37,127 INFO Row 422: chunking disabled, using 1 chunk
2026-03-03 17:08:37,128 INFO Row 423: chunking disabled, using 1 chunk
2026-03-03 17:08:37,130 INFO Row 424: chunking disabled, using 1 chunk
2026-03-03 17:08:37,131 INFO Row 425: chunking disabled, using 1 chunk
2026-03-03 17:08:37,132 INFO Row 426: chunking disabled, using 1 chunk
2026-03-03 17:08:37,134 INFO Row 427: chunking disabled, using 1 chunk
2026-03-03 17:08:37,138 INFO Row 428: chunking disabled, using 1 chunk
2026-03-03 17:08:37,139 INFO Row 429: chunking disabled, using 1 chunk
2026-03-03 17:08:37,141 INFO Row 430: chunking disabled, using 1 chunk
2026-03-03 17:08:37,142 INFO Row 431: chunking disabled, using 1 chunk
2026-03-03 17:08:37,144 INFO Row 432: chunking disabled, using 1 chunk
2026-03-03 17:08:37,145 INFO Row 433: chunking disabled, using 1 chunk
2026-03-03 17:08:37,146 INFO Row 434: chunking disabled, using 1 chunk
2026-03-03 17:08:37,148 INFO Row 435: chunking disabled, using 1 chunk
2026-03-03 17:08:37,149 INFO Row 436: chunking disabled, using 1 chunk
2026-03-03 17:08:37,151 INFO Row 437: chunking disabled, using 1 chunk
2026-03-03 17:08:37,170 INFO Row 438: chunking disabled, using 1 chunk
2026-03-03 17:08:37,192 INFO Row 439: chunking disabled, using 1 chunk
2026-03-03 17:08:37,203 INFO Row 440: chunking disabled, using 1 chunk
2026-03-03 17:08:37,215 INFO Row 441: chunking disabled, using 1 chunk
2026-03-03 17:08:37,238 INFO Row 442: chunking disabled, using 1 chunk
2026-03-03 17:08:37,256 INFO Row 443: chunking disabled, using 1 chunk
2026-03-03 17:08:37,259 INFO Row 444: chunking disabled, using 1 chunk
2026-03-03 17:08:37,262 INFO Row 445: chunking disabled, using 1 chunk
2026-03-03 17:08:37,265 INFO Row 446: chunking disabled, using 1 chunk
2026-03-03 17:08:37,272 INFO Row 447: chunking disabled, using 1 chunk
2026-03-03 17:08:37,275 INFO Row 448: chunking disabled, using 1 chunk
2026-03-03 17:08:37,279 INFO Row 449: chunking disabled, using 1 chunk
2026-03-03 17:08:37,284 INFO Row 450: chunking disabled, using 1 chunk
2026-03-03 17:08:37,287 INFO Row 451: chunking disabled, using 1 chunk
2026-03-03 17:08:37,290 INFO Row 452: chunking disabled, using 1 chunk
2026-03-03 17:08:37,293 INFO Row 453: chunking disabled, using 1 chunk
2026-03-03 17:08:37,297 INFO Row 454: chunking disabled, using 1 chunk
2026-03-03 17:08:37,298 INFO Row 455: chunking disabled, using 1 chunk
2026-03-03 17:08:37,301 INFO Row 456: chunking disabled, using 1 chunk
2026-03-03 17:08:37,303 INFO Row 457: chunking disabled, using 1 chunk
2026-03-03 17:08:37,305 INFO Row 458: chunking disabled, using 1 chunk
2026-03-03 17:08:37,309 INFO Row 459: chunking disabled, using 1 chunk
2026-03-03 17:08:37,312 INFO Row 460: chunking disabled, using 1 chunk
2026-03-03 17:08:37,316 INFO Row 461: chunking disabled, using 1 chunk
2026-03-03 17:08:37,319 INFO Row 462: chunking disabled, using 1 chunk
2026-03-03 17:08:37,324 INFO Row 463: chunking disabled, using 1 chunk
2026-03-03 17:08:37,338 INFO Row 464: chunking disabled, using 1 chunk
2026-03-03 17:08:37,342 INFO Row 465: chunking disabled, using 1 chunk
2026-03-03 17:08:37,356 INFO Row 466: chunking disabled, using 1 chunk
2026-03-03 17:08:37,367 INFO Row 467: chunking disabled, using 1 chunk
2026-03-03 17:08:37,369 INFO Row 468: chunking disabled, using 1 chunk
2026-03-03 17:08:37,372 INFO Row 469: chunking disabled, using 1 chunk
2026-03-03 17:08:37,374 INFO Row 470: chunking disabled, using 1 chunk
2026-03-03 17:08:37,376 INFO Row 471: chunking disabled, using 1 chunk
2026-03-03 17:08:37,391 INFO Row 472: chunking disabled, using 1 chunk
2026-03-03 17:08:37,393 INFO Row 473: chunking disabled, using 1 chunk
2026-03-03 17:08:37,395 INFO Row 474: chunking disabled, using 1 chunk
2026-03-03 17:08:37,397 INFO Row 475: chunking disabled, using 1 chunk
2026-03-03 17:08:37,411 INFO Row 476: chunking disabled, using 1 chunk
2026-03-03 17:08:37,413 INFO Row 477: chunking disabled, using 1 chunk
2026-03-03 17:08:37,415 INFO Row 478: chunking disabled, using 1 chunk
2026-03-03 17:08:37,417 INFO Row 479: chunking disabled, using 1 chunk
2026-03-03 17:08:37,418 INFO Row 480: chunking disabled, using 1 chunk
2026-03-03 17:08:37,420 INFO Row 481: chunking disabled, using 1 chunk
2026-03-03 17:08:37,432 INFO Row 482: chunking disabled, using 1 chunk
2026-03-03 17:08:37,438 INFO Row 483: chunking disabled, using 1 chunk
2026-03-03 17:08:37,441 INFO Row 484: chunking disabled, using 1 chunk
2026-03-03 17:08:37,443 INFO Row 485: chunking disabled, using 1 chunk
2026-03-03 17:08:37,459 INFO Row 486: chunking disabled, using 1 chunk
2026-03-03 17:08:37,479 INFO Row 487: chunking disabled, using 1 chunk
2026-03-03 17:08:37,493 INFO Row 488: chunking disabled, using 1 chunk
2026-03-03 17:08:37,512 INFO Row 489: chunking disabled, using 1 chunk
2026-03-03 17:08:37,514 INFO Row 490: chunking disabled, using 1 chunk
2026-03-03 17:08:37,517 INFO Row 491: chunking disabled, using 1 chunk
2026-03-03 17:08:37,520 INFO Row 492: chunking disabled, using 1 chunk
2026-03-03 17:08:37,523 INFO Row 493: chunking disabled, using 1 chunk
2026-03-03 17:08:37,527 INFO Row 494: chunking disabled, using 1 chunk
2026-03-03 17:08:37,530 INFO Row 495: chunking disabled, using 1 chunk
2026-03-03 17:08:37,533 INFO Row 496: chunking disabled, using 1 chunk
2026-03-03 17:08:37,537 INFO Row 497: chunking disabled, using 1 chunk
2026-03-03 17:08:37,539 INFO Row 498: chunking disabled, using 1 chunk
2026-03-03 17:08:37,542 INFO Row 499: chunking disabled, using 1 chunk
2026-03-03 17:08:37,545 INFO Row 500: chunking disabled, using 1 chunk
2026-03-03 17:08:37,548 INFO Row 501: chunking disabled, using 1 chunk
2026-03-03 17:08:37,553 INFO Row 502: chunking disabled, using 1 chunk
2026-03-03 17:08:37,555 INFO Row 503: chunking disabled, using 1 chunk
2026-03-03 17:08:37,559 INFO Row 504: chunking disabled, using 1 chunk
2026-03-03 17:08:37,562 INFO Row 505: chunking disabled, using 1 chunk
2026-03-03 17:08:37,565 INFO Row 506: chunking disabled, using 1 chunk
2026-03-03 17:08:37,568 INFO Row 507: chunking disabled, using 1 chunk
2026-03-03 17:08:37,572 INFO Row 508: chunking disabled, using 1 chunk
2026-03-03 17:08:37,575 INFO Row 509: chunking disabled, using 1 chunk
2026-03-03 17:08:37,577 INFO Row 510: chunking disabled, using 1 chunk
2026-03-03 17:08:37,579 INFO Row 511: chunking disabled, using 1 chunk
2026-03-03 17:08:37,581 INFO Row 512: chunking disabled, using 1 chunk
2026-03-03 17:08:37,583 INFO Row 513: chunking disabled, using 1 chunk
2026-03-03 17:08:37,585 INFO Row 514: chunking disabled, using 1 chunk
2026-03-03 17:08:37,587 INFO Row 515: chunking disabled, using 1 chunk
2026-03-03 17:08:37,589 INFO Row 516: chunking disabled, using 1 chunk
2026-03-03 17:08:37,592 INFO Row 517: chunking disabled, using 1 chunk
2026-03-03 17:08:37,595 INFO Row 518: chunking disabled, using 1 chunk
2026-03-03 17:08:37,598 INFO Row 519: chunking disabled, using 1 chunk
2026-03-03 17:08:37,601 INFO Row 520: chunking disabled, using 1 chunk
2026-03-03 17:08:37,604 INFO Row 521: chunking disabled, using 1 chunk
2026-03-03 17:08:37,608 INFO Row 522: chunking disabled, using 1 chunk
2026-03-03 17:08:37,610 INFO Row 523: chunking disabled, using 1 chunk
2026-03-03 17:08:37,614 INFO Row 524: chunking disabled, using 1 chunk
2026-03-03 17:08:37,617 INFO Row 525: chunking disabled, using 1 chunk
2026-03-03 17:08:37,619 INFO Row 526: chunking disabled, using 1 chunk
2026-03-03 17:08:37,622 INFO Row 527: chunking disabled, using 1 chunk
2026-03-03 17:08:37,625 INFO Row 528: chunking disabled, using 1 chunk
2026-03-03 17:08:37,634 INFO Row 529: chunking disabled, using 1 chunk
2026-03-03 17:08:37,643 INFO Row 530: chunking disabled, using 1 chunk
2026-03-03 17:08:37,645 INFO Row 531: chunking disabled, using 1 chunk
2026-03-03 17:08:37,660 INFO Row 532: chunking disabled, using 1 chunk
2026-03-03 17:08:37,666 INFO Row 533: chunking disabled, using 1 chunk
2026-03-03 17:08:37,670 INFO Row 534: chunking disabled, using 1 chunk
2026-03-03 17:08:37,673 INFO Row 535: chunking disabled, using 1 chunk
2026-03-03 17:08:37,677 INFO Row 536: chunking disabled, using 1 chunk
2026-03-03 17:08:37,681 INFO Row 537: chunking disabled, using 1 chunk
2026-03-03 17:08:37,684 INFO Row 538: chunking disabled, using 1 chunk
2026-03-03 17:08:37,687 INFO Row 539: chunking disabled, using 1 chunk
2026-03-03 17:08:37,691 INFO Row 540: chunking disabled, using 1 chunk
2026-03-03 17:08:37,693 INFO Row 541: chunking disabled, using 1 chunk
2026-03-03 17:08:37,696 INFO Row 542: chunking disabled, using 1 chunk
2026-03-03 17:08:37,700 INFO Row 543: chunking disabled, using 1 chunk
2026-03-03 17:08:37,704 INFO Row 544: chunking disabled, using 1 chunk
2026-03-03 17:08:37,707 INFO Row 545: chunking disabled, using 1 chunk
2026-03-03 17:08:37,710 INFO Row 546: chunking disabled, using 1 chunk
2026-03-03 17:08:37,713 INFO Row 547: chunking disabled, using 1 chunk
2026-03-03 17:08:37,716 INFO Row 548: chunking disabled, using 1 chunk
2026-03-03 17:08:37,718 INFO Row 549: chunking disabled, using 1 chunk
2026-03-03 17:08:37,723 INFO Row 550: chunking disabled, using 1 chunk
2026-03-03 17:08:37,735 INFO Row 551: chunking disabled, using 1 chunk
2026-03-03 17:08:37,737 INFO Row 552: chunking disabled, using 1 chunk
2026-03-03 17:08:37,741 INFO Row 553: chunking disabled, using 1 chunk
2026-03-03 17:08:37,742 INFO Row 554: chunking disabled, using 1 chunk
2026-03-03 17:08:37,744 INFO Row 555: chunking disabled, using 1 chunk
2026-03-03 17:08:37,745 INFO Row 556: chunking disabled, using 1 chunk
2026-03-03 17:08:37,746 INFO Row 557: chunking disabled, using 1 chunk
2026-03-03 17:08:37,748 INFO Row 558: chunking disabled, using 1 chunk
2026-03-03 17:08:37,773 INFO Row 559: chunking disabled, using 1 chunk
2026-03-03 17:08:37,782 INFO Row 560: chunking disabled, using 1 chunk
2026-03-03 17:08:37,786 INFO Row 561: chunking disabled, using 1 chunk
2026-03-03 17:08:37,789 INFO Row 562: chunking disabled, using 1 chunk
2026-03-03 17:08:37,801 INFO Row 563: chunking disabled, using 1 chunk
2026-03-03 17:08:37,810 INFO Row 564: chunking disabled, using 1 chunk
2026-03-03 17:08:37,811 INFO Row 565: chunking disabled, using 1 chunk
2026-03-03 17:08:37,815 INFO Row 566: chunking disabled, using 1 chunk
2026-03-03 17:08:37,821 INFO Row 567: chunking disabled, using 1 chunk
2026-03-03 17:08:37,826 INFO Row 568: chunking disabled, using 1 chunk
2026-03-03 17:08:37,827 INFO Row 569: chunking disabled, using 1 chunk
2026-03-03 17:08:37,830 INFO Row 570: chunking disabled, using 1 chunk
2026-03-03 17:08:37,833 INFO Row 571: chunking disabled, using 1 chunk
2026-03-03 17:08:37,836 INFO Row 572: chunking disabled, using 1 chunk
2026-03-03 17:08:37,838 INFO Row 573: chunking disabled, using 1 chunk
2026-03-03 17:08:37,841 INFO Row 574: chunking disabled, using 1 chunk
2026-03-03 17:08:37,845 INFO Row 575: chunking disabled, using 1 chunk
2026-03-03 17:08:37,848 INFO Row 576: chunking disabled, using 1 chunk
2026-03-03 17:08:37,852 INFO Row 577: chunking disabled, using 1 chunk
2026-03-03 17:08:37,854 INFO Row 578: chunking disabled, using 1 chunk
2026-03-03 17:08:37,857 INFO Row 579: chunking disabled, using 1 chunk
2026-03-03 17:08:37,861 INFO Row 580: chunking disabled, using 1 chunk
2026-03-03 17:08:37,864 INFO Row 581: chunking disabled, using 1 chunk
2026-03-03 17:08:37,867 INFO Row 582: chunking disabled, using 1 chunk
2026-03-03 17:08:37,870 INFO Row 583: chunking disabled, using 1 chunk
2026-03-03 17:08:37,873 INFO Row 584: chunking disabled, using 1 chunk
2026-03-03 17:08:37,877 INFO Row 585: chunking disabled, using 1 chunk
2026-03-03 17:08:37,880 INFO Row 586: chunking disabled, using 1 chunk
2026-03-03 17:08:37,884 INFO Row 587: chunking disabled, using 1 chunk
2026-03-03 17:08:37,886 INFO Row 588: chunking disabled, using 1 chunk
2026-03-03 17:08:37,889 INFO Row 589: chunking disabled, using 1 chunk
2026-03-03 17:08:37,892 INFO Row 590: chunking disabled, using 1 chunk
2026-03-03 17:08:37,895 INFO Row 591: chunking disabled, using 1 chunk
2026-03-03 17:08:37,898 INFO Row 592: chunking disabled, using 1 chunk
2026-03-03 17:08:37,901 INFO Row 593: chunking disabled, using 1 chunk
2026-03-03 17:08:37,904 INFO Row 594: chunking disabled, using 1 chunk
2026-03-03 17:08:37,907 INFO Row 595: chunking disabled, using 1 chunk
2026-03-03 17:08:37,910 INFO Row 596: chunking disabled, using 1 chunk
2026-03-03 17:08:37,913 INFO Row 597: chunking disabled, using 1 chunk
2026-03-03 17:08:37,916 INFO Row 598: chunking disabled, using 1 chunk
2026-03-03 17:08:37,919 INFO Row 599: chunking disabled, using 1 chunk
2026-03-03 17:08:37,923 INFO Row 600: chunking disabled, using 1 chunk
2026-03-03 17:08:37,925 INFO Row 601: chunking disabled, using 1 chunk
2026-03-03 17:08:37,929 INFO Row 602: chunking disabled, using 1 chunk
2026-03-03 17:08:37,931 INFO Row 603: chunking disabled, using 1 chunk
2026-03-03 17:08:37,935 INFO Row 604: chunking disabled, using 1 chunk
2026-03-03 17:08:37,938 INFO Row 605: chunking disabled, using 1 chunk
2026-03-03 17:08:37,941 INFO Row 606: chunking disabled, using 1 chunk
2026-03-03 17:08:37,945 INFO Row 607: chunking disabled, using 1 chunk
2026-03-03 17:08:37,949 INFO Row 608: chunking disabled, using 1 chunk
2026-03-03 17:08:37,952 INFO Row 609: chunking disabled, using 1 chunk
2026-03-03 17:08:37,956 INFO Row 610: chunking disabled, using 1 chunk
2026-03-03 17:08:37,960 INFO Row 611: chunking disabled, using 1 chunk
2026-03-03 17:08:37,963 INFO Row 612: chunking disabled, using 1 chunk
2026-03-03 17:08:37,966 INFO Row 613: chunking disabled, using 1 chunk
2026-03-03 17:08:37,969 INFO Row 614: chunking disabled, using 1 chunk
2026-03-03 17:08:37,984 INFO Row 615: chunking disabled, using 1 chunk
2026-03-03 17:08:37,987 INFO Row 616: chunking disabled, using 1 chunk
2026-03-03 17:08:37,991 INFO Row 617: chunking disabled, using 1 chunk
2026-03-03 17:08:37,997 INFO Row 618: chunking disabled, using 1 chunk
2026-03-03 17:08:37,998 INFO Row 619: chunking disabled, using 1 chunk
2026-03-03 17:08:37,999 INFO Row 620: chunking disabled, using 1 chunk
2026-03-03 17:08:38,001 INFO Row 621: chunking disabled, using 1 chunk
2026-03-03 17:08:38,009 INFO Row 622: chunking disabled, using 1 chunk
2026-03-03 17:08:38,013 INFO Row 623: chunking disabled, using 1 chunk
2026-03-03 17:08:38,016 INFO Row 624: chunking disabled, using 1 chunk
2026-03-03 17:08:38,020 INFO Row 625: chunking disabled, using 1 chunk
2026-03-03 17:08:38,024 INFO Row 626: chunking disabled, using 1 chunk
2026-03-03 17:08:38,025 INFO Row 627: chunking disabled, using 1 chunk
2026-03-03 17:08:38,027 INFO Row 628: chunking disabled, using 1 chunk
2026-03-03 17:08:38,029 INFO Row 629: chunking disabled, using 1 chunk
2026-03-03 17:08:38,031 INFO Row 630: chunking disabled, using 1 chunk
2026-03-03 17:08:38,038 INFO Row 631: chunking disabled, using 1 chunk
2026-03-03 17:08:38,041 INFO Row 632: chunking disabled, using 1 chunk
2026-03-03 17:08:38,045 INFO Row 633: chunking disabled, using 1 chunk
2026-03-03 17:08:38,048 INFO Row 634: chunking disabled, using 1 chunk
2026-03-03 17:08:38,052 INFO Row 635: chunking disabled, using 1 chunk
2026-03-03 17:08:38,054 INFO Row 636: chunking disabled, using 1 chunk
2026-03-03 17:08:38,057 INFO Row 637: chunking disabled, using 1 chunk
2026-03-03 17:08:38,060 INFO Row 638: chunking disabled, using 1 chunk
2026-03-03 17:08:38,063 INFO Row 639: chunking disabled, using 1 chunk
2026-03-03 17:08:38,066 INFO Row 640: chunking disabled, using 1 chunk
2026-03-03 17:08:38,069 INFO Row 641: chunking disabled, using 1 chunk
2026-03-03 17:08:38,072 INFO Row 642: chunking disabled, using 1 chunk
2026-03-03 17:08:38,075 INFO Row 643: chunking disabled, using 1 chunk
2026-03-03 17:08:38,078 INFO Row 644: chunking disabled, using 1 chunk
2026-03-03 17:08:38,081 INFO Row 645: chunking disabled, using 1 chunk
2026-03-03 17:08:38,084 INFO Row 646: chunking disabled, using 1 chunk
2026-03-03 17:08:38,087 INFO Row 647: chunking disabled, using 1 chunk
2026-03-03 17:08:38,090 INFO Row 648: chunking disabled, using 1 chunk
2026-03-03 17:08:38,093 INFO Row 649: chunking disabled, using 1 chunk
2026-03-03 17:08:38,097 INFO Row 650: chunking disabled, using 1 chunk
2026-03-03 17:08:38,100 INFO Row 651: chunking disabled, using 1 chunk
2026-03-03 17:08:38,103 INFO Row 652: chunking disabled, using 1 chunk
2026-03-03 17:08:38,106 INFO Row 653: chunking disabled, using 1 chunk
2026-03-03 17:08:38,110 INFO Row 654: chunking disabled, using 1 chunk
2026-03-03 17:08:38,113 INFO Row 655: chunking disabled, using 1 chunk
2026-03-03 17:08:38,116 INFO Row 656: chunking disabled, using 1 chunk
2026-03-03 17:08:38,118 INFO Row 657: chunking disabled, using 1 chunk
2026-03-03 17:08:38,122 INFO Row 658: chunking disabled, using 1 chunk
2026-03-03 17:08:38,125 INFO Row 659: chunking disabled, using 1 chunk
2026-03-03 17:08:38,128 INFO Row 660: chunking disabled, using 1 chunk
2026-03-03 17:08:38,130 INFO Row 661: chunking disabled, using 1 chunk
2026-03-03 17:08:38,134 INFO Row 662: chunking disabled, using 1 chunk
2026-03-03 17:08:38,137 INFO Row 663: chunking disabled, using 1 chunk
2026-03-03 17:08:38,141 INFO Row 664: chunking disabled, using 1 chunk
2026-03-03 17:08:38,143 INFO Row 665: chunking disabled, using 1 chunk
2026-03-03 17:08:38,146 INFO Row 666: chunking disabled, using 1 chunk
2026-03-03 17:08:38,151 INFO Row 667: chunking disabled, using 1 chunk
2026-03-03 17:08:38,154 INFO Row 668: chunking disabled, using 1 chunk
2026-03-03 17:08:38,156 INFO Row 669: chunking disabled, using 1 chunk
2026-03-03 17:08:38,160 INFO Row 670: chunking disabled, using 1 chunk
2026-03-03 17:08:38,163 INFO Row 671: chunking disabled, using 1 chunk
2026-03-03 17:08:38,168 INFO Row 672: chunking disabled, using 1 chunk
2026-03-03 17:08:38,170 INFO Row 673: chunking disabled, using 1 chunk
2026-03-03 17:08:38,174 INFO Row 674: chunking disabled, using 1 chunk
2026-03-03 17:08:38,177 INFO Row 675: chunking disabled, using 1 chunk
2026-03-03 17:08:38,181 INFO Row 676: chunking disabled, using 1 chunk
2026-03-03 17:08:38,183 INFO Row 677: chunking disabled, using 1 chunk
2026-03-03 17:08:38,187 INFO Row 678: chunking disabled, using 1 chunk
2026-03-03 17:08:38,190 INFO Row 679: chunking disabled, using 1 chunk
2026-03-03 17:08:38,193 INFO Row 680: chunking disabled, using 1 chunk
2026-03-03 17:08:38,196 INFO Row 681: chunking disabled, using 1 chunk
2026-03-03 17:08:38,200 INFO Row 682: chunking disabled, using 1 chunk
2026-03-03 17:08:38,204 INFO Row 683: chunking disabled, using 1 chunk
2026-03-03 17:08:38,208 INFO Row 684: chunking disabled, using 1 chunk
2026-03-03 17:08:38,210 INFO Row 685: chunking disabled, using 1 chunk
2026-03-03 17:08:38,212 INFO Row 686: chunking disabled, using 1 chunk
2026-03-03 17:08:38,213 INFO Row 687: chunking disabled, using 1 chunk
2026-03-03 17:08:38,216 INFO Row 688: chunking disabled, using 1 chunk
2026-03-03 17:08:38,218 INFO Row 689: chunking disabled, using 1 chunk
2026-03-03 17:08:38,221 INFO Row 690: chunking disabled, using 1 chunk
2026-03-03 17:08:38,224 INFO Row 691: chunking disabled, using 1 chunk
2026-03-03 17:08:38,227 INFO Row 692: chunking disabled, using 1 chunk
2026-03-03 17:08:38,230 INFO Row 693: chunking disabled, using 1 chunk
2026-03-03 17:08:38,233 INFO Row 694: chunking disabled, using 1 chunk
2026-03-03 17:08:38,237 INFO Row 695: chunking disabled, using 1 chunk
2026-03-03 17:08:38,240 INFO Row 696: chunking disabled, using 1 chunk
2026-03-03 17:08:38,243 INFO Row 697: chunking disabled, using 1 chunk
2026-03-03 17:08:38,246 INFO Row 698: chunking disabled, using 1 chunk
2026-03-03 17:08:38,248 INFO Row 699: chunking disabled, using 1 chunk
2026-03-03 17:08:38,252 INFO Row 700: chunking disabled, using 1 chunk
2026-03-03 17:08:38,254 INFO Row 701: chunking disabled, using 1 chunk
2026-03-03 17:08:38,258 INFO Row 702: chunking disabled, using 1 chunk
2026-03-03 17:08:38,260 INFO Row 703: chunking disabled, using 1 chunk
2026-03-03 17:08:38,264 INFO Row 704: chunking disabled, using 1 chunk
2026-03-03 17:08:38,267 INFO Row 705: chunking disabled, using 1 chunk
2026-03-03 17:08:38,270 INFO Row 706: chunking disabled, using 1 chunk
2026-03-03 17:08:38,273 INFO Row 707: chunking disabled, using 1 chunk
2026-03-03 17:08:38,276 INFO Row 708: chunking disabled, using 1 chunk
2026-03-03 17:08:38,280 INFO Row 709: chunking disabled, using 1 chunk
2026-03-03 17:08:38,283 INFO Row 710: chunking disabled, using 1 chunk
2026-03-03 17:08:38,286 INFO Row 711: chunking disabled, using 1 chunk
2026-03-03 17:08:38,289 INFO Row 712: chunking disabled, using 1 chunk
2026-03-03 17:08:38,293 INFO Row 713: chunking disabled, using 1 chunk
2026-03-03 17:08:38,296 INFO Row 714: chunking disabled, using 1 chunk
2026-03-03 17:08:38,299 INFO Row 715: chunking disabled, using 1 chunk
2026-03-03 17:08:38,302 INFO Row 716: chunking disabled, using 1 chunk
2026-03-03 17:08:38,305 INFO Row 717: chunking disabled, using 1 chunk
2026-03-03 17:08:38,308 INFO Row 718: chunking disabled, using 1 chunk
2026-03-03 17:08:38,311 INFO Row 719: chunking disabled, using 1 chunk
2026-03-03 17:08:38,315 INFO Row 720: chunking disabled, using 1 chunk
2026-03-03 17:08:38,319 INFO Row 721: chunking disabled, using 1 chunk
2026-03-03 17:08:38,322 INFO Row 722: chunking disabled, using 1 chunk
2026-03-03 17:08:38,325 INFO Row 723: chunking disabled, using 1 chunk
2026-03-03 17:08:38,328 INFO Row 724: chunking disabled, using 1 chunk
2026-03-03 17:08:38,331 INFO Row 725: chunking disabled, using 1 chunk
2026-03-03 17:08:38,334 INFO Row 726: chunking disabled, using 1 chunk
2026-03-03 17:08:38,337 INFO Row 727: chunking disabled, using 1 chunk
2026-03-03 17:08:38,340 INFO Row 728: chunking disabled, using 1 chunk
2026-03-03 17:08:38,343 INFO Row 729: chunking disabled, using 1 chunk
2026-03-03 17:08:38,347 INFO Row 730: chunking disabled, using 1 chunk
2026-03-03 17:08:38,350 INFO Row 731: chunking disabled, using 1 chunk
2026-03-03 17:08:38,353 INFO Row 732: chunking disabled, using 1 chunk
2026-03-03 17:08:38,356 INFO Row 733: chunking disabled, using 1 chunk
2026-03-03 17:08:38,359 INFO Row 734: chunking disabled, using 1 chunk
2026-03-03 17:08:38,362 INFO Row 735: chunking disabled, using 1 chunk
2026-03-03 17:08:38,364 INFO Row 736: chunking disabled, using 1 chunk
2026-03-03 17:08:38,367 INFO Row 737: chunking disabled, using 1 chunk
2026-03-03 17:08:38,371 INFO Row 738: chunking disabled, using 1 chunk
2026-03-03 17:08:38,373 INFO Row 739: chunking disabled, using 1 chunk
2026-03-03 17:08:38,378 INFO Row 740: chunking disabled, using 1 chunk
2026-03-03 17:08:38,380 INFO Row 741: chunking disabled, using 1 chunk
2026-03-03 17:08:38,381 INFO Row 742: chunking disabled, using 1 chunk
2026-03-03 17:08:38,383 INFO Row 743: chunking disabled, using 1 chunk
2026-03-03 17:08:38,385 INFO Row 744: chunking disabled, using 1 chunk
2026-03-03 17:08:38,387 INFO Row 745: chunking disabled, using 1 chunk
2026-03-03 17:08:38,389 INFO Row 746: chunking disabled, using 1 chunk
2026-03-03 17:08:38,392 INFO Row 747: chunking disabled, using 1 chunk
2026-03-03 17:08:38,395 INFO Row 748: chunking disabled, using 1 chunk
2026-03-03 17:08:38,399 INFO Row 749: chunking disabled, using 1 chunk
2026-03-03 17:08:38,402 INFO Row 750: chunking disabled, using 1 chunk
2026-03-03 17:08:38,405 INFO Row 751: chunking disabled, using 1 chunk
2026-03-03 17:08:38,408 INFO Row 752: chunking disabled, using 1 chunk
2026-03-03 17:08:38,411 INFO Row 753: chunking disabled, using 1 chunk
2026-03-03 17:08:38,414 INFO Row 754: chunking disabled, using 1 chunk
2026-03-03 17:08:38,419 INFO Row 755: chunking disabled, using 1 chunk
2026-03-03 17:08:38,424 INFO Row 756: chunking disabled, using 1 chunk
2026-03-03 17:08:38,427 INFO Row 757: chunking disabled, using 1 chunk
2026-03-03 17:08:38,430 INFO Row 758: chunking disabled, using 1 chunk
2026-03-03 17:08:38,433 INFO Row 759: chunking disabled, using 1 chunk
2026-03-03 17:08:38,436 INFO Row 760: chunking disabled, using 1 chunk
2026-03-03 17:08:38,439 INFO Row 761: chunking disabled, using 1 chunk
2026-03-03 17:08:38,443 INFO Row 762: chunking disabled, using 1 chunk
2026-03-03 17:08:38,446 INFO Row 763: chunking disabled, using 1 chunk
2026-03-03 17:08:38,449 INFO Row 764: chunking disabled, using 1 chunk
2026-03-03 17:08:38,454 INFO Row 765: chunking disabled, using 1 chunk
2026-03-03 17:08:38,457 INFO Row 766: chunking disabled, using 1 chunk
2026-03-03 17:08:38,460 INFO Row 767: chunking disabled, using 1 chunk
2026-03-03 17:08:38,464 INFO Row 768: chunking disabled, using 1 chunk
2026-03-03 17:08:38,467 INFO Row 769: chunking disabled, using 1 chunk
2026-03-03 17:08:38,471 INFO Row 770: chunking disabled, using 1 chunk
2026-03-03 17:08:38,475 INFO Row 771: chunking disabled, using 1 chunk
2026-03-03 17:08:38,478 INFO Row 772: chunking disabled, using 1 chunk
2026-03-03 17:08:38,482 INFO Row 773: chunking disabled, using 1 chunk
2026-03-03 17:08:38,486 INFO Row 774: chunking disabled, using 1 chunk
2026-03-03 17:08:38,489 INFO Row 775: chunking disabled, using 1 chunk
2026-03-03 17:08:38,493 INFO Row 776: chunking disabled, using 1 chunk
2026-03-03 17:08:38,496 INFO Row 777: chunking disabled, using 1 chunk
2026-03-03 17:08:38,499 INFO Row 778: chunking disabled, using 1 chunk
2026-03-03 17:08:38,503 INFO Row 779: chunking disabled, using 1 chunk
2026-03-03 17:08:38,507 INFO Row 780: chunking disabled, using 1 chunk
2026-03-03 17:08:38,510 INFO Row 781: chunking disabled, using 1 chunk
2026-03-03 17:08:38,513 INFO Row 782: chunking disabled, using 1 chunk
2026-03-03 17:08:38,517 INFO Row 783: chunking disabled, using 1 chunk
2026-03-03 17:08:38,520 INFO Row 784: chunking disabled, using 1 chunk
2026-03-03 17:08:38,523 INFO Row 785: chunking disabled, using 1 chunk
2026-03-03 17:08:38,526 INFO Row 786: chunking disabled, using 1 chunk
2026-03-03 17:08:38,529 INFO Row 787: chunking disabled, using 1 chunk
2026-03-03 17:08:38,533 INFO Row 788: chunking disabled, using 1 chunk
2026-03-03 17:08:38,535 INFO Row 789: chunking disabled, using 1 chunk
2026-03-03 17:08:38,538 INFO Row 790: chunking disabled, using 1 chunk
2026-03-03 17:08:38,541 INFO Row 791: chunking disabled, using 1 chunk
2026-03-03 17:08:38,544 INFO Row 792: chunking disabled, using 1 chunk
2026-03-03 17:08:38,547 INFO Row 793: chunking disabled, using 1 chunk
2026-03-03 17:08:38,550 INFO Row 794: chunking disabled, using 1 chunk
2026-03-03 17:08:38,553 INFO Row 795: chunking disabled, using 1 chunk
2026-03-03 17:08:38,556 INFO Row 796: chunking disabled, using 1 chunk
2026-03-03 17:08:38,560 INFO Row 797: chunking disabled, using 1 chunk
2026-03-03 17:08:38,563 INFO Row 798: chunking disabled, using 1 chunk
2026-03-03 17:08:38,565 INFO Row 799: chunking disabled, using 1 chunk
2026-03-03 17:08:38,566 INFO Row 800: chunking disabled, using 1 chunk
2026-03-03 17:08:38,568 INFO Row 801: chunking disabled, using 1 chunk
2026-03-03 17:08:38,570 INFO Row 802: chunking disabled, using 1 chunk
2026-03-03 17:08:38,572 INFO Row 803: chunking disabled, using 1 chunk
2026-03-03 17:08:38,574 INFO Row 804: chunking disabled, using 1 chunk
2026-03-03 17:08:38,576 INFO Row 805: chunking disabled, using 1 chunk
2026-03-03 17:08:38,580 INFO Row 806: chunking disabled, using 1 chunk
2026-03-03 17:08:38,583 INFO Row 807: chunking disabled, using 1 chunk
2026-03-03 17:08:38,586 INFO Row 808: chunking disabled, using 1 chunk
2026-03-03 17:08:38,589 INFO Row 809: chunking disabled, using 1 chunk
2026-03-03 17:08:38,592 INFO Row 810: chunking disabled, using 1 chunk
2026-03-03 17:08:38,595 INFO Row 811: chunking disabled, using 1 chunk
2026-03-03 17:08:38,598 INFO Row 812: chunking disabled, using 1 chunk
2026-03-03 17:08:38,601 INFO Row 813: chunking disabled, using 1 chunk
2026-03-03 17:08:38,604 INFO Row 814: chunking disabled, using 1 chunk
2026-03-03 17:08:38,607 INFO Row 815: chunking disabled, using 1 chunk
2026-03-03 17:08:38,610 INFO Row 816: chunking disabled, using 1 chunk
2026-03-03 17:08:38,612 INFO Row 817: chunking disabled, using 1 chunk
2026-03-03 17:08:38,615 INFO Row 818: chunking disabled, using 1 chunk
2026-03-03 17:08:38,618 INFO Row 819: chunking disabled, using 1 chunk
2026-03-03 17:08:38,621 INFO Row 820: chunking disabled, using 1 chunk
2026-03-03 17:08:38,624 INFO Row 821: chunking disabled, using 1 chunk
2026-03-03 17:08:38,627 INFO Row 822: chunking disabled, using 1 chunk
2026-03-03 17:08:38,629 INFO Row 823: chunking disabled, using 1 chunk
2026-03-03 17:08:38,632 INFO Row 824: chunking disabled, using 1 chunk
2026-03-03 17:08:38,635 INFO Row 825: chunking disabled, using 1 chunk
2026-03-03 17:08:38,638 INFO Row 826: chunking disabled, using 1 chunk
2026-03-03 17:08:38,641 INFO Row 827: chunking disabled, using 1 chunk
2026-03-03 17:08:38,644 INFO Row 828: chunking disabled, using 1 chunk
2026-03-03 17:08:38,647 INFO Row 829: chunking disabled, using 1 chunk
2026-03-03 17:08:38,650 INFO Row 830: chunking disabled, using 1 chunk
2026-03-03 17:08:38,653 INFO Row 831: chunking disabled, using 1 chunk
2026-03-03 17:08:38,660 INFO Row 832: chunking disabled, using 1 chunk
2026-03-03 17:08:38,663 INFO Row 833: chunking disabled, using 1 chunk
2026-03-03 17:08:38,667 INFO Row 834: chunking disabled, using 1 chunk
2026-03-03 17:08:38,670 INFO Row 835: chunking disabled, using 1 chunk
2026-03-03 17:08:38,673 INFO Row 836: chunking disabled, using 1 chunk
2026-03-03 17:08:38,675 INFO Row 837: chunking disabled, using 1 chunk
2026-03-03 17:08:38,678 INFO Row 838: chunking disabled, using 1 chunk
2026-03-03 17:08:38,682 INFO Row 839: chunking disabled, using 1 chunk
2026-03-03 17:08:38,684 INFO Row 840: chunking disabled, using 1 chunk
2026-03-03 17:08:38,688 INFO Row 841: chunking disabled, using 1 chunk
2026-03-03 17:08:38,691 INFO Row 842: chunking disabled, using 1 chunk
2026-03-03 17:08:38,694 INFO Row 843: chunking disabled, using 1 chunk
2026-03-03 17:08:38,697 INFO Row 844: chunking disabled, using 1 chunk
2026-03-03 17:08:38,701 INFO Row 845: chunking disabled, using 1 chunk
2026-03-03 17:08:38,708 INFO Row 846: chunking disabled, using 1 chunk
2026-03-03 17:08:38,711 INFO Row 847: chunking disabled, using 1 chunk
2026-03-03 17:08:38,714 INFO Row 848: chunking disabled, using 1 chunk
2026-03-03 17:08:38,719 INFO Row 849: chunking disabled, using 1 chunk
2026-03-03 17:08:38,722 INFO Row 850: chunking disabled, using 1 chunk
2026-03-03 17:08:38,726 INFO Row 851: chunking disabled, using 1 chunk
2026-03-03 17:08:38,729 INFO Row 852: chunking disabled, using 1 chunk
2026-03-03 17:08:38,732 INFO Row 853: chunking disabled, using 1 chunk
2026-03-03 17:08:38,735 INFO Row 854: chunking disabled, using 1 chunk
2026-03-03 17:08:38,738 INFO Row 855: chunking disabled, using 1 chunk
2026-03-03 17:08:38,741 INFO Row 856: chunking disabled, using 1 chunk
2026-03-03 17:08:38,743 INFO Row 857: chunking disabled, using 1 chunk
2026-03-03 17:08:38,745 INFO Row 858: chunking disabled, using 1 chunk
2026-03-03 17:08:38,747 INFO Row 859: chunking disabled, using 1 chunk
2026-03-03 17:08:38,749 INFO Row 860: chunking disabled, using 1 chunk
2026-03-03 17:08:38,752 INFO Row 861: chunking disabled, using 1 chunk
2026-03-03 17:08:38,754 INFO Row 862: chunking disabled, using 1 chunk
2026-03-03 17:08:38,757 INFO Row 863: chunking disabled, using 1 chunk
2026-03-03 17:08:38,760 INFO Row 864: chunking disabled, using 1 chunk
2026-03-03 17:08:38,764 INFO Row 865: chunking disabled, using 1 chunk
2026-03-03 17:08:38,767 INFO Row 866: chunking disabled, using 1 chunk
2026-03-03 17:08:38,770 INFO Row 867: chunking disabled, using 1 chunk
2026-03-03 17:08:38,774 INFO Row 868: chunking disabled, using 1 chunk
2026-03-03 17:08:38,777 INFO Row 869: chunking disabled, using 1 chunk
2026-03-03 17:08:38,780 INFO Row 870: chunking disabled, using 1 chunk
2026-03-03 17:08:38,784 INFO Row 871: chunking disabled, using 1 chunk
2026-03-03 17:08:38,787 INFO Row 872: chunking disabled, using 1 chunk
2026-03-03 17:08:38,791 INFO Row 873: chunking disabled, using 1 chunk
2026-03-03 17:08:38,794 INFO Row 874: chunking disabled, using 1 chunk
2026-03-03 17:08:38,797 INFO Row 875: chunking disabled, using 1 chunk
2026-03-03 17:08:38,800 INFO Row 876: chunking disabled, using 1 chunk
2026-03-03 17:08:38,802 INFO Row 877: chunking disabled, using 1 chunk
2026-03-03 17:08:38,805 INFO Row 878: chunking disabled, using 1 chunk
2026-03-03 17:08:38,808 INFO Row 879: chunking disabled, using 1 chunk
2026-03-03 17:08:38,811 INFO Row 880: chunking disabled, using 1 chunk
2026-03-03 17:08:38,815 INFO Row 881: chunking disabled, using 1 chunk
2026-03-03 17:08:38,818 INFO Row 882: chunking disabled, using 1 chunk
2026-03-03 17:08:38,822 INFO Row 883: chunking disabled, using 1 chunk
2026-03-03 17:08:38,825 INFO Row 884: chunking disabled, using 1 chunk
2026-03-03 17:08:38,828 INFO Row 885: chunking disabled, using 1 chunk
2026-03-03 17:08:38,833 INFO Row 886: chunking disabled, using 1 chunk
2026-03-03 17:08:38,836 INFO Row 887: chunking disabled, using 1 chunk
2026-03-03 17:08:38,839 INFO Row 888: chunking disabled, using 1 chunk
2026-03-03 17:08:38,842 INFO Row 889: chunking disabled, using 1 chunk
2026-03-03 17:08:38,846 INFO Row 890: chunking disabled, using 1 chunk
2026-03-03 17:08:38,848 INFO Row 891: chunking disabled, using 1 chunk
2026-03-03 17:08:38,851 INFO Row 892: chunking disabled, using 1 chunk
2026-03-03 17:08:38,854 INFO Row 893: chunking disabled, using 1 chunk
2026-03-03 17:08:38,857 INFO Row 894: chunking disabled, using 1 chunk
2026-03-03 17:08:38,861 INFO Row 895: chunking disabled, using 1 chunk
2026-03-03 17:08:38,863 INFO Row 896: chunking disabled, using 1 chunk
2026-03-03 17:08:38,868 INFO Row 897: chunking disabled, using 1 chunk
2026-03-03 17:08:38,870 INFO Row 898: chunking disabled, using 1 chunk
2026-03-03 17:08:38,873 INFO Row 899: chunking disabled, using 1 chunk
2026-03-03 17:08:38,877 INFO Row 900: chunking disabled, using 1 chunk
2026-03-03 17:08:38,879 INFO Row 901: chunking disabled, using 1 chunk
2026-03-03 17:08:38,882 INFO Row 902: chunking disabled, using 1 chunk
2026-03-03 17:08:38,885 INFO Row 903: chunking disabled, using 1 chunk
2026-03-03 17:08:38,888 INFO Row 904: chunking disabled, using 1 chunk
2026-03-03 17:08:38,891 INFO Row 905: chunking disabled, using 1 chunk
2026-03-03 17:08:38,894 INFO Row 906: chunking disabled, using 1 chunk
2026-03-03 17:08:38,898 INFO Row 907: chunking disabled, using 1 chunk
2026-03-03 17:08:38,901 INFO Row 908: chunking disabled, using 1 chunk
2026-03-03 17:08:38,904 INFO Row 909: chunking disabled, using 1 chunk
2026-03-03 17:08:38,906 INFO Row 910: chunking disabled, using 1 chunk
2026-03-03 17:08:38,909 INFO Row 911: chunking disabled, using 1 chunk
2026-03-03 17:08:38,912 INFO Row 912: chunking disabled, using 1 chunk
2026-03-03 17:08:38,916 INFO Row 913: chunking disabled, using 1 chunk
2026-03-03 17:08:38,918 INFO Row 914: chunking disabled, using 1 chunk
2026-03-03 17:08:38,919 INFO Row 915: chunking disabled, using 1 chunk
2026-03-03 17:08:38,921 INFO Row 916: chunking disabled, using 1 chunk
2026-03-03 17:08:38,923 INFO Row 917: chunking disabled, using 1 chunk
2026-03-03 17:08:38,925 INFO Row 918: chunking disabled, using 1 chunk
2026-03-03 17:08:38,928 INFO Row 919: chunking disabled, using 1 chunk
2026-03-03 17:08:38,929 INFO Row 920: chunking disabled, using 1 chunk
2026-03-03 17:08:38,933 INFO Row 921: chunking disabled, using 1 chunk
2026-03-03 17:08:38,936 INFO Row 922: chunking disabled, using 1 chunk
2026-03-03 17:08:38,939 INFO Row 923: chunking disabled, using 1 chunk
2026-03-03 17:08:38,942 INFO Row 924: chunking disabled, using 1 chunk
2026-03-03 17:08:38,945 INFO Row 925: chunking disabled, using 1 chunk
2026-03-03 17:08:38,947 INFO Row 926: chunking disabled, using 1 chunk
2026-03-03 17:08:38,950 INFO Row 927: chunking disabled, using 1 chunk
2026-03-03 17:08:38,954 INFO Row 928: chunking disabled, using 1 chunk
2026-03-03 17:08:38,956 INFO Row 929: chunking disabled, using 1 chunk
2026-03-03 17:08:38,959 INFO Row 930: chunking disabled, using 1 chunk
2026-03-03 17:08:38,962 INFO Row 931: chunking disabled, using 1 chunk
2026-03-03 17:08:38,965 INFO Row 932: chunking disabled, using 1 chunk
2026-03-03 17:08:38,968 INFO Row 933: chunking disabled, using 1 chunk
2026-03-03 17:08:38,971 INFO Row 934: chunking disabled, using 1 chunk
2026-03-03 17:08:38,974 INFO Row 935: chunking disabled, using 1 chunk
2026-03-03 17:08:38,977 INFO Row 936: chunking disabled, using 1 chunk
2026-03-03 17:08:38,980 INFO Total 937 chunks to generate
2026-03-03 17:08:38,981 INFO LLM dispatch 1/47 size 20
/opt/mamba/envs/lcc/lib/python3.10/site-packages/vertexai/generative_models/_generative_models.py:433: UserWarning: This feature is deprecated as of June 24, 2025 and will be removed on June 24, 2026. For details, see https://cloud.google.com/vertex-ai/generative-ai/docs/deprecations/genai-vertexai-sdk.
  warning_logs.show_deprecation_warning()
E0000 00:00:1772528919.357548  830090 http_connect_handshaker.cc:114] HTTP proxy handshake with [unknown] failed: UNKNOWN: FD Shutdown [type.googleapis.com/grpc.status.children='\x15\x00\x00\x00\x08\x0e\x12\x11\x65ndpoint shutdown']
2026-03-03 17:09:59,926 INFO LLM progress 20/937 rate 0.25/s ETA 3711.3s empty 0/20
2026-03-03 17:09:59,927 INFO LLM dispatch 2/47 size 20
2026-03-03 17:11:24,514 INFO LLM progress 40/937 rate 0.24/s ETA 3712.1s empty 0/20
2026-03-03 17:11:24,514 INFO LLM dispatch 3/47 size 20
2026-03-03 17:14:26,255 INFO LLM progress 60/937 rate 0.17/s ETA 5076.0s empty 0/20
2026-03-03 17:14:26,256 INFO LLM dispatch 4/47 size 20
2026-03-03 17:16:49,445 INFO LLM progress 80/937 rate 0.16/s ETA 5254.1s empty 0/20
2026-03-03 17:16:49,445 INFO LLM dispatch 5/47 size 20
2026-03-03 17:18:43,221 INFO LLM progress 100/937 rate 0.17/s ETA 5057.5s empty 0/20
2026-03-03 17:18:43,221 INFO LLM dispatch 6/47 size 20
2026-03-03 17:20:01,307 INFO LLM progress 120/937 rate 0.18/s ETA 4645.5s empty 0/20
2026-03-03 17:20:01,307 INFO LLM dispatch 7/47 size 20
2026-03-03 17:21:35,003 INFO LLM progress 140/937 rate 0.18/s ETA 4417.8s empty 0/20
2026-03-03 17:21:35,003 INFO LLM dispatch 8/47 size 20
2026-03-03 17:22:49,709 INFO LLM progress 160/937 rate 0.19/s ETA 4131.3s empty 0/20
2026-03-03 17:22:49,710 INFO LLM dispatch 9/47 size 20
2026-03-03 17:24:24,148 INFO LLM progress 180/937 rate 0.19/s ETA 3975.0s empty 0/20
2026-03-03 17:24:24,148 INFO LLM dispatch 10/47 size 20
2026-03-03 17:26:08,299 INFO LLM progress 200/937 rate 0.19/s ETA 3866.7s empty 0/20
2026-03-03 17:26:08,299 INFO LLM dispatch 11/47 size 20
2026-03-03 17:27:22,965 INFO LLM progress 220/937 rate 0.20/s ETA 3663.2s empty 0/20
2026-03-03 17:27:22,965 INFO LLM dispatch 12/47 size 20
2026-03-03 17:29:36,064 INFO LLM progress 240/937 rate 0.19/s ETA 3650.8s empty 0/20
2026-03-03 17:29:36,064 INFO LLM dispatch 13/47 size 20
2026-03-03 17:31:28,673 INFO LLM progress 260/937 rate 0.19/s ETA 3566.5s empty 0/20
2026-03-03 17:31:28,674 INFO LLM dispatch 14/47 size 20
2026-03-03 17:32:46,924 INFO LLM progress 280/937 rate 0.19/s ETA 3397.5s empty 0/20
2026-03-03 17:32:46,924 INFO LLM dispatch 15/47 size 20
2026-03-03 17:33:59,823 INFO LLM progress 300/937 rate 0.20/s ETA 3229.3s empty 0/20
2026-03-03 17:33:59,823 INFO LLM dispatch 16/47 size 20
2026-03-03 17:35:03,144 INFO LLM progress 320/937 rate 0.20/s ETA 3054.5s empty 0/20
2026-03-03 17:35:03,144 INFO LLM dispatch 17/47 size 20
2026-03-03 17:36:06,678 INFO LLM progress 340/937 rate 0.21/s ETA 2893.2s empty 0/20
2026-03-03 17:36:06,678 INFO LLM dispatch 18/47 size 20
2026-03-03 17:37:08,810 INFO LLM progress 360/937 rate 0.21/s ETA 2740.5s empty 0/20
2026-03-03 17:37:08,810 INFO LLM dispatch 19/47 size 20
2026-03-03 17:38:40,346 INFO LLM progress 380/937 rate 0.21/s ETA 2640.4s empty 0/20
2026-03-03 17:38:40,346 INFO LLM dispatch 20/47 size 20
2026-03-03 17:40:41,017 INFO LLM progress 400/937 rate 0.21/s ETA 2580.3s empty 0/20
2026-03-03 17:40:41,017 INFO LLM dispatch 21/47 size 20
2026-03-03 17:42:24,468 INFO LLM progress 420/937 rate 0.21/s ETA 2493.3s empty 0/20
2026-03-03 17:42:24,468 INFO LLM dispatch 22/47 size 20
2026-03-03 17:43:18,277 INFO LLM progress 440/937 rate 0.21/s ETA 2348.7s empty 0/20
2026-03-03 17:43:18,277 INFO LLM dispatch 23/47 size 20
2026-03-03 17:44:36,788 INFO LLM progress 460/937 rate 0.21/s ETA 2237.6s empty 0/20
2026-03-03 17:44:36,788 INFO LLM dispatch 24/47 size 20
2026-03-03 17:45:23,388 INFO LLM progress 480/937 rate 0.22/s ETA 2098.8s empty 0/20
2026-03-03 17:45:23,388 INFO LLM dispatch 25/47 size 20
2026-03-03 17:47:35,405 INFO LLM progress 500/937 rate 0.21/s ETA 2042.0s empty 0/20
2026-03-03 17:47:35,406 INFO LLM dispatch 26/47 size 20
2026-03-03 17:49:02,105 INFO LLM progress 520/937 rate 0.21/s ETA 1943.2s empty 0/20
2026-03-03 17:49:02,105 INFO LLM dispatch 27/47 size 20
2026-03-03 17:50:19,226 INFO LLM progress 540/937 rate 0.22/s ETA 1838.1s empty 0/20
2026-03-03 17:50:19,226 INFO LLM dispatch 28/47 size 20
2026-03-03 17:51:39,690 INFO LLM progress 560/937 rate 0.22/s ETA 1737.4s empty 0/20
2026-03-03 17:51:39,690 INFO LLM dispatch 29/47 size 20
2026-03-03 17:54:32,542 INFO LLM progress 580/937 rate 0.21/s ETA 1694.9s empty 0/20
2026-03-03 17:54:32,543 INFO LLM dispatch 30/47 size 20
2026-03-03 17:57:35,893 INFO LLM progress 600/937 rate 0.20/s ETA 1649.6s empty 0/20
2026-03-03 17:57:35,893 INFO LLM dispatch 31/47 size 20
2026-03-03 17:58:38,993 INFO LLM progress 620/937 rate 0.21/s ETA 1533.9s empty 0/20
2026-03-03 17:58:38,993 INFO LLM dispatch 32/47 size 20
2026-03-03 17:59:50,287 INFO LLM progress 640/937 rate 0.21/s ETA 1425.3s empty 0/20
2026-03-03 17:59:50,287 INFO LLM dispatch 33/47 size 20
2026-03-03 18:01:52,305 INFO LLM progress 660/937 rate 0.21/s ETA 1340.2s empty 0/20
2026-03-03 18:01:52,305 INFO LLM dispatch 34/47 size 20
2026-03-03 18:03:29,872 INFO LLM progress 680/937 rate 0.21/s ETA 1243.8s empty 0/20
2026-03-03 18:03:29,872 INFO LLM dispatch 35/47 size 20
2026-03-03 18:04:42,557 INFO LLM progress 700/937 rate 0.21/s ETA 1138.8s empty 0/20
2026-03-03 18:04:42,557 INFO LLM dispatch 36/47 size 20
2026-03-03 18:06:16,973 INFO LLM progress 720/937 rate 0.21/s ETA 1042.2s empty 0/20
2026-03-03 18:06:16,973 INFO LLM dispatch 37/47 size 20
2026-03-03 18:07:55,381 INFO LLM progress 740/937 rate 0.21/s ETA 946.8s empty 0/20
2026-03-03 18:07:55,381 INFO LLM dispatch 38/47 size 20
2026-03-03 18:09:34,121 INFO LLM progress 760/937 rate 0.21/s ETA 851.3s empty 0/20
2026-03-03 18:09:34,121 INFO LLM dispatch 39/47 size 20
E0000 00:00:1772532574.761476  830090 http_connect_handshaker.cc:114] HTTP proxy handshake with [unknown] failed: UNKNOWN: FD Shutdown [type.googleapis.com/grpc.status.children='\x15\x00\x00\x00\x08\x0e\x12\x11\x65ndpoint shutdown']
2026-03-03 18:11:16,919 INFO LLM progress 780/937 rate 0.21/s ETA 756.4s empty 0/20
2026-03-03 18:11:16,920 INFO LLM dispatch 40/47 size 20
2026-03-03 18:13:07,859 INFO LLM progress 800/937 rate 0.21/s ETA 662.5s empty 0/20
2026-03-03 18:13:07,859 INFO LLM dispatch 41/47 size 20
2026-03-03 18:16:49,808 INFO LLM progress 820/937 rate 0.20/s ETA 583.7s empty 0/20
2026-03-03 18:16:49,808 INFO LLM dispatch 42/47 size 20
2026-03-03 18:18:31,893 INFO LLM progress 840/937 rate 0.20/s ETA 484.2s empty 0/20
2026-03-03 18:18:31,893 INFO LLM dispatch 43/47 size 20
2026-03-03 18:19:55,523 INFO LLM progress 860/937 rate 0.20/s ETA 382.9s empty 0/20
2026-03-03 18:19:55,523 INFO LLM dispatch 44/47 size 20
2026-03-03 18:20:53,569 INFO LLM progress 880/937 rate 0.20/s ETA 280.8s empty 0/20
2026-03-03 18:20:53,569 INFO LLM dispatch 45/47 size 20
2026-03-03 18:23:15,462 INFO LLM progress 900/937 rate 0.20/s ETA 184.0s empty 0/20
2026-03-03 18:23:15,462 INFO LLM dispatch 46/47 size 20
2026-03-03 18:26:15,951 INFO LLM progress 920/937 rate 0.20/s ETA 86.1s empty 0/20
2026-03-03 18:26:15,951 INFO LLM dispatch 47/47 size 17
2026-03-03 18:28:10,467 INFO LLM progress 937/937 rate 0.20/s ETA 0.0s empty 0/17
2026-03-03 18:28:12,643 INFO Generation complete. Output saved to ../optical_output/step_0.jsonl
2026-03-03 18:28:12,644 INFO ExtractCategoryProperties stage parse category optical
2026-03-03 18:28:14,521 INFO ExtractCategoryProperties complete category optical
2026-03-03 18:28:14,521 INFO Running save_results_to_csv category optical total 937
2026-03-03 18:28:15,964 INFO save_results_to_csv progress category optical 50/937
2026-03-03 18:28:17,158 INFO save_results_to_csv progress category optical 100/937
2026-03-03 18:28:18,276 INFO save_results_to_csv progress category optical 150/937
2026-03-03 18:28:19,106 INFO save_results_to_csv progress category optical 200/937
2026-03-03 18:28:19,855 INFO save_results_to_csv progress category optical 250/937
2026-03-03 18:28:20,528 INFO save_results_to_csv progress category optical 300/937
2026-03-03 18:28:21,334 INFO save_results_to_csv progress category optical 350/937
2026-03-03 18:28:22,442 INFO save_results_to_csv progress category optical 400/937
2026-03-03 18:28:23,732 INFO save_results_to_csv progress category optical 450/937
2026-03-03 18:28:24,961 INFO save_results_to_csv progress category optical 500/937
2026-03-03 18:28:26,148 INFO save_results_to_csv progress category optical 550/937
2026-03-03 18:28:27,142 INFO save_results_to_csv progress category optical 600/937
2026-03-03 18:28:28,003 INFO save_results_to_csv progress category optical 650/937
2026-03-03 18:28:28,843 INFO save_results_to_csv progress category optical 700/937
2026-03-03 18:28:29,725 INFO save_results_to_csv progress category optical 750/937
2026-03-03 18:28:30,569 INFO save_results_to_csv progress category optical 800/937
2026-03-03 18:28:31,949 INFO save_results_to_csv progress category optical 850/937
2026-03-03 18:28:33,303 INFO save_results_to_csv progress category optical 900/937
2026-03-03 18:28:34,248 INFO save_results_to_csv complete category optical total 937 nonempty 309 empty 627 rows 309
2026-03-03 18:29:10,199 INFO Prepared input_jsonl category mechanical files 1866 rows 937 path /share/lcc/paper/10.1002/mechanical_input.jsonl
2026-03-03 18:29:10,200 INFO Running category mechanical entry_file /share/lcc/paper/10.1002/mechanical_input.jsonl prompt_dir /share/lcc/dataflow-dp/prompts schema_dir /share/lcc/dataflow-dp/schemas
2026-03-03 18:29:10,217 INFO Running ExtractCategoryProperties category mechanical prompts 1
2026-03-03 18:29:10,217 INFO ExtractCategoryProperties stage llm_run category mechanical key mechanical
2026-03-03 18:29:10,217 INFO Running ChunkedPromptedGenerator...
2026-03-03 18:29:10,916 INFO Loaded DataFrame with 937 rows.
2026-03-03 18:29:10,917 INFO Row 0: chunking disabled, using 1 chunk
2026-03-03 18:29:10,926 INFO Row 1: chunking disabled, using 1 chunk
2026-03-03 18:29:10,927 INFO Row 2: chunking disabled, using 1 chunk
2026-03-03 18:29:10,930 INFO Row 3: chunking disabled, using 1 chunk
2026-03-03 18:29:10,933 INFO Row 4: chunking disabled, using 1 chunk
2026-03-03 18:29:10,936 INFO Row 5: chunking disabled, using 1 chunk
2026-03-03 18:29:10,940 INFO Row 6: chunking disabled, using 1 chunk
2026-03-03 18:29:10,942 INFO Row 7: chunking disabled, using 1 chunk
2026-03-03 18:29:10,945 INFO Row 8: chunking disabled, using 1 chunk
2026-03-03 18:29:10,949 INFO Row 9: chunking disabled, using 1 chunk
2026-03-03 18:29:10,952 INFO Row 10: chunking disabled, using 1 chunk
2026-03-03 18:29:10,954 INFO Row 11: chunking disabled, using 1 chunk
2026-03-03 18:29:10,958 INFO Row 12: chunking disabled, using 1 chunk
2026-03-03 18:29:10,961 INFO Row 13: chunking disabled, using 1 chunk
2026-03-03 18:29:10,965 INFO Row 14: chunking disabled, using 1 chunk
2026-03-03 18:29:10,973 INFO Row 15: chunking disabled, using 1 chunk
2026-03-03 18:29:10,986 INFO Row 16: chunking disabled, using 1 chunk
2026-03-03 18:29:10,988 INFO Row 17: chunking disabled, using 1 chunk
2026-03-03 18:29:10,991 INFO Row 18: chunking disabled, using 1 chunk
2026-03-03 18:29:10,996 INFO Row 19: chunking disabled, using 1 chunk
2026-03-03 18:29:11,000 INFO Row 20: chunking disabled, using 1 chunk
2026-03-03 18:29:11,004 INFO Row 21: chunking disabled, using 1 chunk
2026-03-03 18:29:11,008 INFO Row 22: chunking disabled, using 1 chunk
2026-03-03 18:29:11,013 INFO Row 23: chunking disabled, using 1 chunk
2026-03-03 18:29:11,029 INFO Row 24: chunking disabled, using 1 chunk
2026-03-03 18:29:11,040 INFO Row 25: chunking disabled, using 1 chunk
2026-03-03 18:29:11,055 INFO Row 26: chunking disabled, using 1 chunk
2026-03-03 18:29:11,061 INFO Row 27: chunking disabled, using 1 chunk
2026-03-03 18:29:11,064 INFO Row 28: chunking disabled, using 1 chunk
2026-03-03 18:29:11,080 INFO Row 29: chunking disabled, using 1 chunk
2026-03-03 18:29:11,088 INFO Row 30: chunking disabled, using 1 chunk
2026-03-03 18:29:11,090 INFO Row 31: chunking disabled, using 1 chunk
2026-03-03 18:29:11,097 INFO Row 32: chunking disabled, using 1 chunk
2026-03-03 18:29:11,100 INFO Row 33: chunking disabled, using 1 chunk
2026-03-03 18:29:11,109 INFO Row 34: chunking disabled, using 1 chunk
2026-03-03 18:29:11,114 INFO Row 35: chunking disabled, using 1 chunk
2026-03-03 18:29:11,117 INFO Row 36: chunking disabled, using 1 chunk
2026-03-03 18:29:11,133 INFO Row 37: chunking disabled, using 1 chunk
2026-03-03 18:29:11,135 INFO Row 38: chunking disabled, using 1 chunk
2026-03-03 18:29:11,155 INFO Row 39: chunking disabled, using 1 chunk
2026-03-03 18:29:11,160 INFO Row 40: chunking disabled, using 1 chunk
2026-03-03 18:29:11,163 INFO Row 41: chunking disabled, using 1 chunk
2026-03-03 18:29:11,190 INFO Row 42: chunking disabled, using 1 chunk
2026-03-03 18:29:11,204 INFO Row 43: chunking disabled, using 1 chunk
2026-03-03 18:29:11,212 INFO Row 44: chunking disabled, using 1 chunk
2026-03-03 18:29:11,233 INFO Row 45: chunking disabled, using 1 chunk
2026-03-03 18:29:11,238 INFO Row 46: chunking disabled, using 1 chunk
2026-03-03 18:29:11,241 INFO Row 47: chunking disabled, using 1 chunk
2026-03-03 18:29:11,257 INFO Row 48: chunking disabled, using 1 chunk
2026-03-03 18:29:11,271 INFO Row 49: chunking disabled, using 1 chunk
2026-03-03 18:29:11,276 INFO Row 50: chunking disabled, using 1 chunk
2026-03-03 18:29:11,278 INFO Row 51: chunking disabled, using 1 chunk
2026-03-03 18:29:11,283 INFO Row 52: chunking disabled, using 1 chunk
2026-03-03 18:29:11,290 INFO Row 53: chunking disabled, using 1 chunk
2026-03-03 18:29:11,293 INFO Row 54: chunking disabled, using 1 chunk
2026-03-03 18:29:11,297 INFO Row 55: chunking disabled, using 1 chunk
2026-03-03 18:29:11,302 INFO Row 56: chunking disabled, using 1 chunk
2026-03-03 18:29:11,306 INFO Row 57: chunking disabled, using 1 chunk
2026-03-03 18:29:11,310 INFO Row 58: chunking disabled, using 1 chunk
2026-03-03 18:29:11,325 INFO Row 59: chunking disabled, using 1 chunk
2026-03-03 18:29:11,328 INFO Row 60: chunking disabled, using 1 chunk
2026-03-03 18:29:11,331 INFO Row 61: chunking disabled, using 1 chunk
2026-03-03 18:29:11,336 INFO Row 62: chunking disabled, using 1 chunk
2026-03-03 18:29:11,340 INFO Row 63: chunking disabled, using 1 chunk
2026-03-03 18:29:11,344 INFO Row 64: chunking disabled, using 1 chunk
2026-03-03 18:29:11,349 INFO Row 65: chunking disabled, using 1 chunk
2026-03-03 18:29:11,354 INFO Row 66: chunking disabled, using 1 chunk
2026-03-03 18:29:11,356 INFO Row 67: chunking disabled, using 1 chunk
2026-03-03 18:29:11,359 INFO Row 68: chunking disabled, using 1 chunk
2026-03-03 18:29:11,361 INFO Row 69: chunking disabled, using 1 chunk
2026-03-03 18:29:11,365 INFO Row 70: chunking disabled, using 1 chunk
2026-03-03 18:29:11,368 INFO Row 71: chunking disabled, using 1 chunk
2026-03-03 18:29:11,371 INFO Row 72: chunking disabled, using 1 chunk
2026-03-03 18:29:11,376 INFO Row 73: chunking disabled, using 1 chunk
2026-03-03 18:29:11,379 INFO Row 74: chunking disabled, using 1 chunk
2026-03-03 18:29:11,383 INFO Row 75: chunking disabled, using 1 chunk
2026-03-03 18:29:11,388 INFO Row 76: chunking disabled, using 1 chunk
2026-03-03 18:29:11,392 INFO Row 77: chunking disabled, using 1 chunk
2026-03-03 18:29:11,395 INFO Row 78: chunking disabled, using 1 chunk
2026-03-03 18:29:11,399 INFO Row 79: chunking disabled, using 1 chunk
2026-03-03 18:29:11,405 INFO Row 80: chunking disabled, using 1 chunk
2026-03-03 18:29:11,409 INFO Row 81: chunking disabled, using 1 chunk
2026-03-03 18:29:11,414 INFO Row 82: chunking disabled, using 1 chunk
2026-03-03 18:29:11,418 INFO Row 83: chunking disabled, using 1 chunk
2026-03-03 18:29:11,423 INFO Row 84: chunking disabled, using 1 chunk
2026-03-03 18:29:11,427 INFO Row 85: chunking disabled, using 1 chunk
2026-03-03 18:29:11,448 INFO Row 86: chunking disabled, using 1 chunk
2026-03-03 18:29:11,453 INFO Row 87: chunking disabled, using 1 chunk
2026-03-03 18:29:11,455 INFO Row 88: chunking disabled, using 1 chunk
2026-03-03 18:29:11,459 INFO Row 89: chunking disabled, using 1 chunk
2026-03-03 18:29:11,463 INFO Row 90: chunking disabled, using 1 chunk
2026-03-03 18:29:11,468 INFO Row 91: chunking disabled, using 1 chunk
2026-03-03 18:29:11,472 INFO Row 92: chunking disabled, using 1 chunk
2026-03-03 18:29:11,479 INFO Row 93: chunking disabled, using 1 chunk
2026-03-03 18:29:11,499 INFO Row 94: chunking disabled, using 1 chunk
2026-03-03 18:29:11,504 INFO Row 95: chunking disabled, using 1 chunk
2026-03-03 18:29:11,506 INFO Row 96: chunking disabled, using 1 chunk
2026-03-03 18:29:11,518 INFO Row 97: chunking disabled, using 1 chunk
2026-03-03 18:29:11,519 INFO Row 98: chunking disabled, using 1 chunk
2026-03-03 18:29:11,534 INFO Row 99: chunking disabled, using 1 chunk
2026-03-03 18:29:11,536 INFO Row 100: chunking disabled, using 1 chunk
2026-03-03 18:29:11,543 INFO Row 101: chunking disabled, using 1 chunk
2026-03-03 18:29:11,544 INFO Row 102: chunking disabled, using 1 chunk
2026-03-03 18:29:11,545 INFO Row 103: chunking disabled, using 1 chunk
2026-03-03 18:29:11,547 INFO Row 104: chunking disabled, using 1 chunk
2026-03-03 18:29:11,548 INFO Row 105: chunking disabled, using 1 chunk
2026-03-03 18:29:11,549 INFO Row 106: chunking disabled, using 1 chunk
2026-03-03 18:29:11,564 INFO Row 107: chunking disabled, using 1 chunk
2026-03-03 18:29:11,576 INFO Row 108: chunking disabled, using 1 chunk
2026-03-03 18:29:11,590 INFO Row 109: chunking disabled, using 1 chunk
2026-03-03 18:29:11,592 INFO Row 110: chunking disabled, using 1 chunk
2026-03-03 18:29:11,597 INFO Row 111: chunking disabled, using 1 chunk
2026-03-03 18:29:11,601 INFO Row 112: chunking disabled, using 1 chunk
2026-03-03 18:29:11,608 INFO Row 113: chunking disabled, using 1 chunk
2026-03-03 18:29:11,614 INFO Row 114: chunking disabled, using 1 chunk
2026-03-03 18:29:11,620 INFO Row 115: chunking disabled, using 1 chunk
2026-03-03 18:29:11,629 INFO Row 116: chunking disabled, using 1 chunk
2026-03-03 18:29:11,630 INFO Row 117: chunking disabled, using 1 chunk
2026-03-03 18:29:11,635 INFO Row 118: chunking disabled, using 1 chunk
2026-03-03 18:29:11,639 INFO Row 119: chunking disabled, using 1 chunk
2026-03-03 18:29:11,653 INFO Row 120: chunking disabled, using 1 chunk
2026-03-03 18:29:11,657 INFO Row 121: chunking disabled, using 1 chunk
2026-03-03 18:29:11,664 INFO Row 122: chunking disabled, using 1 chunk
2026-03-03 18:29:11,672 INFO Row 123: chunking disabled, using 1 chunk
2026-03-03 18:29:11,673 INFO Row 124: chunking disabled, using 1 chunk
2026-03-03 18:29:11,687 INFO Row 125: chunking disabled, using 1 chunk
2026-03-03 18:29:11,694 INFO Row 126: chunking disabled, using 1 chunk
2026-03-03 18:29:11,697 INFO Row 127: chunking disabled, using 1 chunk
2026-03-03 18:29:11,700 INFO Row 128: chunking disabled, using 1 chunk
2026-03-03 18:29:11,703 INFO Row 129: chunking disabled, using 1 chunk
2026-03-03 18:29:11,716 INFO Row 130: chunking disabled, using 1 chunk
2026-03-03 18:29:11,717 INFO Row 131: chunking disabled, using 1 chunk
2026-03-03 18:29:11,722 INFO Row 132: chunking disabled, using 1 chunk
2026-03-03 18:29:11,726 INFO Row 133: chunking disabled, using 1 chunk
2026-03-03 18:29:11,730 INFO Row 134: chunking disabled, using 1 chunk
2026-03-03 18:29:11,734 INFO Row 135: chunking disabled, using 1 chunk
2026-03-03 18:29:11,739 INFO Row 136: chunking disabled, using 1 chunk
2026-03-03 18:29:11,743 INFO Row 137: chunking disabled, using 1 chunk
2026-03-03 18:29:11,747 INFO Row 138: chunking disabled, using 1 chunk
2026-03-03 18:29:11,751 INFO Row 139: chunking disabled, using 1 chunk
2026-03-03 18:29:11,755 INFO Row 140: chunking disabled, using 1 chunk
2026-03-03 18:29:11,760 INFO Row 141: chunking disabled, using 1 chunk
2026-03-03 18:29:11,772 INFO Row 142: chunking disabled, using 1 chunk
2026-03-03 18:29:11,777 INFO Row 143: chunking disabled, using 1 chunk
2026-03-03 18:29:11,781 INFO Row 144: chunking disabled, using 1 chunk
2026-03-03 18:29:11,790 INFO Row 145: chunking disabled, using 1 chunk
2026-03-03 18:29:11,795 INFO Row 146: chunking disabled, using 1 chunk
2026-03-03 18:29:11,799 INFO Row 147: chunking disabled, using 1 chunk
2026-03-03 18:29:11,800 INFO Row 148: chunking disabled, using 1 chunk
2026-03-03 18:29:11,802 INFO Row 149: chunking disabled, using 1 chunk
2026-03-03 18:29:11,803 INFO Row 150: chunking disabled, using 1 chunk
2026-03-03 18:29:11,804 INFO Row 151: chunking disabled, using 1 chunk
2026-03-03 18:29:11,806 INFO Row 152: chunking disabled, using 1 chunk
2026-03-03 18:29:11,807 INFO Row 153: chunking disabled, using 1 chunk
2026-03-03 18:29:11,809 INFO Row 154: chunking disabled, using 1 chunk
2026-03-03 18:29:11,818 INFO Row 155: chunking disabled, using 1 chunk
2026-03-03 18:29:11,819 INFO Row 156: chunking disabled, using 1 chunk
2026-03-03 18:29:11,820 INFO Row 157: chunking disabled, using 1 chunk
2026-03-03 18:29:11,826 INFO Row 158: chunking disabled, using 1 chunk
2026-03-03 18:29:11,828 INFO Row 159: chunking disabled, using 1 chunk
2026-03-03 18:29:11,829 INFO Row 160: chunking disabled, using 1 chunk
2026-03-03 18:29:11,830 INFO Row 161: chunking disabled, using 1 chunk
2026-03-03 18:29:11,831 INFO Row 162: chunking disabled, using 1 chunk
2026-03-03 18:29:11,840 INFO Row 163: chunking disabled, using 1 chunk
2026-03-03 18:29:11,842 INFO Row 164: chunking disabled, using 1 chunk
2026-03-03 18:29:11,843 INFO Row 165: chunking disabled, using 1 chunk
2026-03-03 18:29:11,844 INFO Row 166: chunking disabled, using 1 chunk
2026-03-03 18:29:11,845 INFO Row 167: chunking disabled, using 1 chunk
2026-03-03 18:29:11,846 INFO Row 168: chunking disabled, using 1 chunk
2026-03-03 18:29:11,848 INFO Row 169: chunking disabled, using 1 chunk
2026-03-03 18:29:11,849 INFO Row 170: chunking disabled, using 1 chunk
2026-03-03 18:29:11,850 INFO Row 171: chunking disabled, using 1 chunk
2026-03-03 18:29:11,851 INFO Row 172: chunking disabled, using 1 chunk
2026-03-03 18:29:11,862 INFO Row 173: chunking disabled, using 1 chunk
2026-03-03 18:29:11,867 INFO Row 174: chunking disabled, using 1 chunk
2026-03-03 18:29:11,868 INFO Row 175: chunking disabled, using 1 chunk
2026-03-03 18:29:11,869 INFO Row 176: chunking disabled, using 1 chunk
2026-03-03 18:29:11,870 INFO Row 177: chunking disabled, using 1 chunk
2026-03-03 18:29:11,872 INFO Row 178: chunking disabled, using 1 chunk
2026-03-03 18:29:11,873 INFO Row 179: chunking disabled, using 1 chunk
2026-03-03 18:29:11,874 INFO Row 180: chunking disabled, using 1 chunk
2026-03-03 18:29:11,878 INFO Row 181: chunking disabled, using 1 chunk
2026-03-03 18:29:11,880 INFO Row 182: chunking disabled, using 1 chunk
2026-03-03 18:29:11,881 INFO Row 183: chunking disabled, using 1 chunk
2026-03-03 18:29:11,882 INFO Row 184: chunking disabled, using 1 chunk
2026-03-03 18:29:11,884 INFO Row 185: chunking disabled, using 1 chunk
2026-03-03 18:29:11,885 INFO Row 186: chunking disabled, using 1 chunk
2026-03-03 18:29:11,886 INFO Row 187: chunking disabled, using 1 chunk
2026-03-03 18:29:11,892 INFO Row 188: chunking disabled, using 1 chunk
2026-03-03 18:29:11,893 INFO Row 189: chunking disabled, using 1 chunk
2026-03-03 18:29:11,894 INFO Row 190: chunking disabled, using 1 chunk
2026-03-03 18:29:11,896 INFO Row 191: chunking disabled, using 1 chunk
2026-03-03 18:29:11,897 INFO Row 192: chunking disabled, using 1 chunk
2026-03-03 18:29:11,898 INFO Row 193: chunking disabled, using 1 chunk
2026-03-03 18:29:11,900 INFO Row 194: chunking disabled, using 1 chunk
2026-03-03 18:29:11,901 INFO Row 195: chunking disabled, using 1 chunk
2026-03-03 18:29:11,906 INFO Row 196: chunking disabled, using 1 chunk
2026-03-03 18:29:11,907 INFO Row 197: chunking disabled, using 1 chunk
2026-03-03 18:29:11,908 INFO Row 198: chunking disabled, using 1 chunk
2026-03-03 18:29:11,910 INFO Row 199: chunking disabled, using 1 chunk
2026-03-03 18:29:11,911 INFO Row 200: chunking disabled, using 1 chunk
2026-03-03 18:29:11,912 INFO Row 201: chunking disabled, using 1 chunk
2026-03-03 18:29:11,916 INFO Row 202: chunking disabled, using 1 chunk
2026-03-03 18:29:11,918 INFO Row 203: chunking disabled, using 1 chunk
2026-03-03 18:29:11,919 INFO Row 204: chunking disabled, using 1 chunk
2026-03-03 18:29:11,921 INFO Row 205: chunking disabled, using 1 chunk
2026-03-03 18:29:11,922 INFO Row 206: chunking disabled, using 1 chunk
2026-03-03 18:29:11,923 INFO Row 207: chunking disabled, using 1 chunk
2026-03-03 18:29:11,924 INFO Row 208: chunking disabled, using 1 chunk
2026-03-03 18:29:11,926 INFO Row 209: chunking disabled, using 1 chunk
2026-03-03 18:29:11,938 INFO Row 210: chunking disabled, using 1 chunk
2026-03-03 18:29:11,940 INFO Row 211: chunking disabled, using 1 chunk
2026-03-03 18:29:11,941 INFO Row 212: chunking disabled, using 1 chunk
2026-03-03 18:29:11,942 INFO Row 213: chunking disabled, using 1 chunk
2026-03-03 18:29:11,943 INFO Row 214: chunking disabled, using 1 chunk
2026-03-03 18:29:11,945 INFO Row 215: chunking disabled, using 1 chunk
2026-03-03 18:29:11,954 INFO Row 216: chunking disabled, using 1 chunk
2026-03-03 18:29:11,959 INFO Row 217: chunking disabled, using 1 chunk
2026-03-03 18:29:11,963 INFO Row 218: chunking disabled, using 1 chunk
2026-03-03 18:29:11,969 INFO Row 219: chunking disabled, using 1 chunk
2026-03-03 18:29:11,973 INFO Row 220: chunking disabled, using 1 chunk
2026-03-03 18:29:11,978 INFO Row 221: chunking disabled, using 1 chunk
2026-03-03 18:29:11,982 INFO Row 222: chunking disabled, using 1 chunk
2026-03-03 18:29:11,986 INFO Row 223: chunking disabled, using 1 chunk
2026-03-03 18:29:11,991 INFO Row 224: chunking disabled, using 1 chunk
2026-03-03 18:29:11,995 INFO Row 225: chunking disabled, using 1 chunk
2026-03-03 18:29:12,001 INFO Row 226: chunking disabled, using 1 chunk
2026-03-03 18:29:12,005 INFO Row 227: chunking disabled, using 1 chunk
2026-03-03 18:29:12,010 INFO Row 228: chunking disabled, using 1 chunk
2026-03-03 18:29:12,013 INFO Row 229: chunking disabled, using 1 chunk
2026-03-03 18:29:12,019 INFO Row 230: chunking disabled, using 1 chunk
2026-03-03 18:29:12,024 INFO Row 231: chunking disabled, using 1 chunk
2026-03-03 18:29:12,028 INFO Row 232: chunking disabled, using 1 chunk
2026-03-03 18:29:12,033 INFO Row 233: chunking disabled, using 1 chunk
2026-03-03 18:29:12,036 INFO Row 234: chunking disabled, using 1 chunk
2026-03-03 18:29:12,042 INFO Row 235: chunking disabled, using 1 chunk
2026-03-03 18:29:12,046 INFO Row 236: chunking disabled, using 1 chunk
2026-03-03 18:29:12,058 INFO Row 237: chunking disabled, using 1 chunk
2026-03-03 18:29:12,060 INFO Row 238: chunking disabled, using 1 chunk
2026-03-03 18:29:12,065 INFO Row 239: chunking disabled, using 1 chunk
2026-03-03 18:29:12,069 INFO Row 240: chunking disabled, using 1 chunk
2026-03-03 18:29:12,072 INFO Row 241: chunking disabled, using 1 chunk
2026-03-03 18:29:12,074 INFO Row 242: chunking disabled, using 1 chunk
2026-03-03 18:29:12,077 INFO Row 243: chunking disabled, using 1 chunk
2026-03-03 18:29:12,081 INFO Row 244: chunking disabled, using 1 chunk
2026-03-03 18:29:12,084 INFO Row 245: chunking disabled, using 1 chunk
2026-03-03 18:29:12,088 INFO Row 246: chunking disabled, using 1 chunk
2026-03-03 18:29:12,092 INFO Row 247: chunking disabled, using 1 chunk
2026-03-03 18:29:12,095 INFO Row 248: chunking disabled, using 1 chunk
2026-03-03 18:29:12,105 INFO Row 249: chunking disabled, using 1 chunk
2026-03-03 18:29:12,111 INFO Row 250: chunking disabled, using 1 chunk
2026-03-03 18:29:12,115 INFO Row 251: chunking disabled, using 1 chunk
2026-03-03 18:29:12,120 INFO Row 252: chunking disabled, using 1 chunk
2026-03-03 18:29:12,124 INFO Row 253: chunking disabled, using 1 chunk
2026-03-03 18:29:12,131 INFO Row 254: chunking disabled, using 1 chunk
2026-03-03 18:29:12,135 INFO Row 255: chunking disabled, using 1 chunk
2026-03-03 18:29:12,140 INFO Row 256: chunking disabled, using 1 chunk
2026-03-03 18:29:12,143 INFO Row 257: chunking disabled, using 1 chunk
2026-03-03 18:29:12,148 INFO Row 258: chunking disabled, using 1 chunk
2026-03-03 18:29:12,152 INFO Row 259: chunking disabled, using 1 chunk
2026-03-03 18:29:12,156 INFO Row 260: chunking disabled, using 1 chunk
2026-03-03 18:29:12,161 INFO Row 261: chunking disabled, using 1 chunk
2026-03-03 18:29:12,165 INFO Row 262: chunking disabled, using 1 chunk
2026-03-03 18:29:12,170 INFO Row 263: chunking disabled, using 1 chunk
2026-03-03 18:29:12,175 INFO Row 264: chunking disabled, using 1 chunk
2026-03-03 18:29:12,179 INFO Row 265: chunking disabled, using 1 chunk
2026-03-03 18:29:12,183 INFO Row 266: chunking disabled, using 1 chunk
2026-03-03 18:29:12,190 INFO Row 267: chunking disabled, using 1 chunk
2026-03-03 18:29:12,192 INFO Row 268: chunking disabled, using 1 chunk
2026-03-03 18:29:12,196 INFO Row 269: chunking disabled, using 1 chunk
2026-03-03 18:29:12,200 INFO Row 270: chunking disabled, using 1 chunk
2026-03-03 18:29:12,204 INFO Row 271: chunking disabled, using 1 chunk
2026-03-03 18:29:12,208 INFO Row 272: chunking disabled, using 1 chunk
2026-03-03 18:29:12,228 INFO Row 273: chunking disabled, using 1 chunk
2026-03-03 18:29:12,234 INFO Row 274: chunking disabled, using 1 chunk
2026-03-03 18:29:12,246 INFO Row 275: chunking disabled, using 1 chunk
2026-03-03 18:29:12,259 INFO Row 276: chunking disabled, using 1 chunk
2026-03-03 18:29:12,261 INFO Row 277: chunking disabled, using 1 chunk
2026-03-03 18:29:12,265 INFO Row 278: chunking disabled, using 1 chunk
2026-03-03 18:29:12,269 INFO Row 279: chunking disabled, using 1 chunk
2026-03-03 18:29:12,274 INFO Row 280: chunking disabled, using 1 chunk
2026-03-03 18:29:12,279 INFO Row 281: chunking disabled, using 1 chunk
2026-03-03 18:29:12,284 INFO Row 282: chunking disabled, using 1 chunk
2026-03-03 18:29:12,291 INFO Row 283: chunking disabled, using 1 chunk
2026-03-03 18:29:12,295 INFO Row 284: chunking disabled, using 1 chunk
2026-03-03 18:29:12,300 INFO Row 285: chunking disabled, using 1 chunk
2026-03-03 18:29:12,305 INFO Row 286: chunking disabled, using 1 chunk
2026-03-03 18:29:12,309 INFO Row 287: chunking disabled, using 1 chunk
2026-03-03 18:29:12,313 INFO Row 288: chunking disabled, using 1 chunk
2026-03-03 18:29:12,322 INFO Row 289: chunking disabled, using 1 chunk
2026-03-03 18:29:12,333 INFO Row 290: chunking disabled, using 1 chunk
2026-03-03 18:29:12,337 INFO Row 291: chunking disabled, using 1 chunk
2026-03-03 18:29:12,341 INFO Row 292: chunking disabled, using 1 chunk
2026-03-03 18:29:12,356 INFO Row 293: chunking disabled, using 1 chunk
2026-03-03 18:29:12,358 INFO Row 294: chunking disabled, using 1 chunk
2026-03-03 18:29:12,364 INFO Row 295: chunking disabled, using 1 chunk
2026-03-03 18:29:12,379 INFO Row 296: chunking disabled, using 1 chunk
2026-03-03 18:29:12,392 INFO Row 297: chunking disabled, using 1 chunk
2026-03-03 18:29:12,394 INFO Row 298: chunking disabled, using 1 chunk
2026-03-03 18:29:12,397 INFO Row 299: chunking disabled, using 1 chunk
2026-03-03 18:29:12,405 INFO Row 300: chunking disabled, using 1 chunk
2026-03-03 18:29:12,428 INFO Row 301: chunking disabled, using 1 chunk
2026-03-03 18:29:12,443 INFO Row 302: chunking disabled, using 1 chunk
2026-03-03 18:29:12,450 INFO Row 303: chunking disabled, using 1 chunk
2026-03-03 18:29:12,462 INFO Row 304: chunking disabled, using 1 chunk
2026-03-03 18:29:12,474 INFO Row 305: chunking disabled, using 1 chunk
2026-03-03 18:29:12,487 INFO Row 306: chunking disabled, using 1 chunk
2026-03-03 18:29:12,491 INFO Row 307: chunking disabled, using 1 chunk
2026-03-03 18:29:12,493 INFO Row 308: chunking disabled, using 1 chunk
2026-03-03 18:29:12,494 INFO Row 309: chunking disabled, using 1 chunk
2026-03-03 18:29:12,495 INFO Row 310: chunking disabled, using 1 chunk
2026-03-03 18:29:12,496 INFO Row 311: chunking disabled, using 1 chunk
2026-03-03 18:29:12,498 INFO Row 312: chunking disabled, using 1 chunk
2026-03-03 18:29:12,499 INFO Row 313: chunking disabled, using 1 chunk
2026-03-03 18:29:12,500 INFO Row 314: chunking disabled, using 1 chunk
2026-03-03 18:29:12,501 INFO Row 315: chunking disabled, using 1 chunk
2026-03-03 18:29:12,514 INFO Row 316: chunking disabled, using 1 chunk
2026-03-03 18:29:12,525 INFO Row 317: chunking disabled, using 1 chunk
2026-03-03 18:29:12,536 INFO Row 318: chunking disabled, using 1 chunk
2026-03-03 18:29:12,540 INFO Row 319: chunking disabled, using 1 chunk
2026-03-03 18:29:12,547 INFO Row 320: chunking disabled, using 1 chunk
2026-03-03 18:29:12,551 INFO Row 321: chunking disabled, using 1 chunk
2026-03-03 18:29:12,555 INFO Row 322: chunking disabled, using 1 chunk
2026-03-03 18:29:12,565 INFO Row 323: chunking disabled, using 1 chunk
2026-03-03 18:29:12,566 INFO Row 324: chunking disabled, using 1 chunk
2026-03-03 18:29:12,572 INFO Row 325: chunking disabled, using 1 chunk
2026-03-03 18:29:12,577 INFO Row 326: chunking disabled, using 1 chunk
2026-03-03 18:29:12,583 INFO Row 327: chunking disabled, using 1 chunk
2026-03-03 18:29:12,603 INFO Row 328: chunking disabled, using 1 chunk
2026-03-03 18:29:12,610 INFO Row 329: chunking disabled, using 1 chunk
2026-03-03 18:29:12,612 INFO Row 330: chunking disabled, using 1 chunk
2026-03-03 18:29:12,617 INFO Row 331: chunking disabled, using 1 chunk
2026-03-03 18:29:12,621 INFO Row 332: chunking disabled, using 1 chunk
2026-03-03 18:29:12,626 INFO Row 333: chunking disabled, using 1 chunk
2026-03-03 18:29:12,630 INFO Row 334: chunking disabled, using 1 chunk
2026-03-03 18:29:12,633 INFO Row 335: chunking disabled, using 1 chunk
2026-03-03 18:29:12,637 INFO Row 336: chunking disabled, using 1 chunk
2026-03-03 18:29:12,641 INFO Row 337: chunking disabled, using 1 chunk
2026-03-03 18:29:12,646 INFO Row 338: chunking disabled, using 1 chunk
2026-03-03 18:29:12,650 INFO Row 339: chunking disabled, using 1 chunk
2026-03-03 18:29:12,653 INFO Row 340: chunking disabled, using 1 chunk
2026-03-03 18:29:12,659 INFO Row 341: chunking disabled, using 1 chunk
2026-03-03 18:29:12,664 INFO Row 342: chunking disabled, using 1 chunk
2026-03-03 18:29:12,668 INFO Row 343: chunking disabled, using 1 chunk
2026-03-03 18:29:12,673 INFO Row 344: chunking disabled, using 1 chunk
2026-03-03 18:29:12,677 INFO Row 345: chunking disabled, using 1 chunk
2026-03-03 18:29:12,681 INFO Row 346: chunking disabled, using 1 chunk
2026-03-03 18:29:12,685 INFO Row 347: chunking disabled, using 1 chunk
2026-03-03 18:29:12,689 INFO Row 348: chunking disabled, using 1 chunk
2026-03-03 18:29:12,693 INFO Row 349: chunking disabled, using 1 chunk
2026-03-03 18:29:12,697 INFO Row 350: chunking disabled, using 1 chunk
2026-03-03 18:29:12,701 INFO Row 351: chunking disabled, using 1 chunk
2026-03-03 18:29:12,704 INFO Row 352: chunking disabled, using 1 chunk
2026-03-03 18:29:12,708 INFO Row 353: chunking disabled, using 1 chunk
2026-03-03 18:29:12,712 INFO Row 354: chunking disabled, using 1 chunk
2026-03-03 18:29:12,716 INFO Row 355: chunking disabled, using 1 chunk
2026-03-03 18:29:12,719 INFO Row 356: chunking disabled, using 1 chunk
2026-03-03 18:29:12,722 INFO Row 357: chunking disabled, using 1 chunk
2026-03-03 18:29:12,724 INFO Row 358: chunking disabled, using 1 chunk
2026-03-03 18:29:12,728 INFO Row 359: chunking disabled, using 1 chunk
2026-03-03 18:29:12,731 INFO Row 360: chunking disabled, using 1 chunk
2026-03-03 18:29:12,735 INFO Row 361: chunking disabled, using 1 chunk
2026-03-03 18:29:12,739 INFO Row 362: chunking disabled, using 1 chunk
2026-03-03 18:29:12,743 INFO Row 363: chunking disabled, using 1 chunk
2026-03-03 18:29:12,747 INFO Row 364: chunking disabled, using 1 chunk
2026-03-03 18:29:12,751 INFO Row 365: chunking disabled, using 1 chunk
2026-03-03 18:29:12,756 INFO Row 366: chunking disabled, using 1 chunk
2026-03-03 18:29:12,760 INFO Row 367: chunking disabled, using 1 chunk
2026-03-03 18:29:12,764 INFO Row 368: chunking disabled, using 1 chunk
2026-03-03 18:29:12,773 INFO Row 369: chunking disabled, using 1 chunk
2026-03-03 18:29:12,778 INFO Row 370: chunking disabled, using 1 chunk
2026-03-03 18:29:12,782 INFO Row 371: chunking disabled, using 1 chunk
2026-03-03 18:29:12,786 INFO Row 372: chunking disabled, using 1 chunk
2026-03-03 18:29:12,789 INFO Row 373: chunking disabled, using 1 chunk
2026-03-03 18:29:12,809 INFO Row 374: chunking disabled, using 1 chunk
2026-03-03 18:29:12,815 INFO Row 375: chunking disabled, using 1 chunk
2026-03-03 18:29:12,821 INFO Row 376: chunking disabled, using 1 chunk
2026-03-03 18:29:12,837 INFO Row 377: chunking disabled, using 1 chunk
2026-03-03 18:29:12,849 INFO Row 378: chunking disabled, using 1 chunk
2026-03-03 18:29:12,858 INFO Row 379: chunking disabled, using 1 chunk
2026-03-03 18:29:12,859 INFO Row 380: chunking disabled, using 1 chunk
2026-03-03 18:29:12,864 INFO Row 381: chunking disabled, using 1 chunk
2026-03-03 18:29:12,869 INFO Row 382: chunking disabled, using 1 chunk
2026-03-03 18:29:12,874 INFO Row 383: chunking disabled, using 1 chunk
2026-03-03 18:29:12,877 INFO Row 384: chunking disabled, using 1 chunk
2026-03-03 18:29:12,881 INFO Row 385: chunking disabled, using 1 chunk
2026-03-03 18:29:12,884 INFO Row 386: chunking disabled, using 1 chunk
2026-03-03 18:29:12,888 INFO Row 387: chunking disabled, using 1 chunk
2026-03-03 18:29:12,900 INFO Row 388: chunking disabled, using 1 chunk
2026-03-03 18:29:12,904 INFO Row 389: chunking disabled, using 1 chunk
2026-03-03 18:29:12,908 INFO Row 390: chunking disabled, using 1 chunk
2026-03-03 18:29:12,912 INFO Row 391: chunking disabled, using 1 chunk
2026-03-03 18:29:12,916 INFO Row 392: chunking disabled, using 1 chunk
2026-03-03 18:29:12,921 INFO Row 393: chunking disabled, using 1 chunk
2026-03-03 18:29:12,929 INFO Row 394: chunking disabled, using 1 chunk
2026-03-03 18:29:12,933 INFO Row 395: chunking disabled, using 1 chunk
2026-03-03 18:29:12,937 INFO Row 396: chunking disabled, using 1 chunk
2026-03-03 18:29:12,942 INFO Row 397: chunking disabled, using 1 chunk
2026-03-03 18:29:12,970 INFO Row 398: chunking disabled, using 1 chunk
2026-03-03 18:29:12,980 INFO Row 399: chunking disabled, using 1 chunk
2026-03-03 18:29:12,994 INFO Row 400: chunking disabled, using 1 chunk
2026-03-03 18:29:12,995 INFO Row 401: chunking disabled, using 1 chunk
2026-03-03 18:29:12,996 INFO Row 402: chunking disabled, using 1 chunk
2026-03-03 18:29:13,026 INFO Row 403: chunking disabled, using 1 chunk
2026-03-03 18:29:13,037 INFO Row 404: chunking disabled, using 1 chunk
2026-03-03 18:29:13,038 INFO Row 405: chunking disabled, using 1 chunk
2026-03-03 18:29:13,043 INFO Row 406: chunking disabled, using 1 chunk
2026-03-03 18:29:13,048 INFO Row 407: chunking disabled, using 1 chunk
2026-03-03 18:29:13,052 INFO Row 408: chunking disabled, using 1 chunk
2026-03-03 18:29:13,057 INFO Row 409: chunking disabled, using 1 chunk
2026-03-03 18:29:13,061 INFO Row 410: chunking disabled, using 1 chunk
2026-03-03 18:29:13,066 INFO Row 411: chunking disabled, using 1 chunk
2026-03-03 18:29:13,070 INFO Row 412: chunking disabled, using 1 chunk
2026-03-03 18:29:13,075 INFO Row 413: chunking disabled, using 1 chunk
2026-03-03 18:29:13,077 INFO Row 414: chunking disabled, using 1 chunk
2026-03-03 18:29:13,080 INFO Row 415: chunking disabled, using 1 chunk
2026-03-03 18:29:13,082 INFO Row 416: chunking disabled, using 1 chunk
2026-03-03 18:29:13,085 INFO Row 417: chunking disabled, using 1 chunk
2026-03-03 18:29:13,087 INFO Row 418: chunking disabled, using 1 chunk
2026-03-03 18:29:13,090 INFO Row 419: chunking disabled, using 1 chunk
2026-03-03 18:29:13,095 INFO Row 420: chunking disabled, using 1 chunk
2026-03-03 18:29:13,100 INFO Row 421: chunking disabled, using 1 chunk
2026-03-03 18:29:13,103 INFO Row 422: chunking disabled, using 1 chunk
2026-03-03 18:29:13,108 INFO Row 423: chunking disabled, using 1 chunk
2026-03-03 18:29:13,116 INFO Row 424: chunking disabled, using 1 chunk
2026-03-03 18:29:13,118 INFO Row 425: chunking disabled, using 1 chunk
2026-03-03 18:29:13,123 INFO Row 426: chunking disabled, using 1 chunk
2026-03-03 18:29:13,127 INFO Row 427: chunking disabled, using 1 chunk
2026-03-03 18:29:13,130 INFO Row 428: chunking disabled, using 1 chunk
2026-03-03 18:29:13,134 INFO Row 429: chunking disabled, using 1 chunk
2026-03-03 18:29:13,138 INFO Row 430: chunking disabled, using 1 chunk
2026-03-03 18:29:13,143 INFO Row 431: chunking disabled, using 1 chunk
2026-03-03 18:29:13,146 INFO Row 432: chunking disabled, using 1 chunk
2026-03-03 18:29:13,149 INFO Row 433: chunking disabled, using 1 chunk
2026-03-03 18:29:13,153 INFO Row 434: chunking disabled, using 1 chunk
2026-03-03 18:29:13,160 INFO Row 435: chunking disabled, using 1 chunk
2026-03-03 18:29:13,164 INFO Row 436: chunking disabled, using 1 chunk
2026-03-03 18:29:13,167 INFO Row 437: chunking disabled, using 1 chunk
2026-03-03 18:29:13,172 INFO Row 438: chunking disabled, using 1 chunk
2026-03-03 18:29:13,176 INFO Row 439: chunking disabled, using 1 chunk
2026-03-03 18:29:13,179 INFO Row 440: chunking disabled, using 1 chunk
2026-03-03 18:29:13,184 INFO Row 441: chunking disabled, using 1 chunk
2026-03-03 18:29:13,188 INFO Row 442: chunking disabled, using 1 chunk
2026-03-03 18:29:13,192 INFO Row 443: chunking disabled, using 1 chunk
2026-03-03 18:29:13,197 INFO Row 444: chunking disabled, using 1 chunk
2026-03-03 18:29:13,209 INFO Row 445: chunking disabled, using 1 chunk
2026-03-03 18:29:13,219 INFO Row 446: chunking disabled, using 1 chunk
2026-03-03 18:29:13,221 INFO Row 447: chunking disabled, using 1 chunk
2026-03-03 18:29:13,223 INFO Row 448: chunking disabled, using 1 chunk
2026-03-03 18:29:13,224 INFO Row 449: chunking disabled, using 1 chunk
2026-03-03 18:29:13,225 INFO Row 450: chunking disabled, using 1 chunk
2026-03-03 18:29:13,227 INFO Row 451: chunking disabled, using 1 chunk
2026-03-03 18:29:13,228 INFO Row 452: chunking disabled, using 1 chunk
2026-03-03 18:29:13,248 INFO Row 453: chunking disabled, using 1 chunk
2026-03-03 18:29:13,249 INFO Row 454: chunking disabled, using 1 chunk
2026-03-03 18:29:13,251 INFO Row 455: chunking disabled, using 1 chunk
2026-03-03 18:29:13,252 INFO Row 456: chunking disabled, using 1 chunk
2026-03-03 18:29:13,266 INFO Row 457: chunking disabled, using 1 chunk
2026-03-03 18:29:13,267 INFO Row 458: chunking disabled, using 1 chunk
2026-03-03 18:29:13,271 INFO Row 459: chunking disabled, using 1 chunk
2026-03-03 18:29:13,278 INFO Row 460: chunking disabled, using 1 chunk
2026-03-03 18:29:13,293 INFO Row 461: chunking disabled, using 1 chunk
2026-03-03 18:29:13,294 INFO Row 462: chunking disabled, using 1 chunk
2026-03-03 18:29:13,298 INFO Row 463: chunking disabled, using 1 chunk
2026-03-03 18:29:13,303 INFO Row 464: chunking disabled, using 1 chunk
2026-03-03 18:29:13,306 INFO Row 465: chunking disabled, using 1 chunk
2026-03-03 18:29:13,309 INFO Row 466: chunking disabled, using 1 chunk
2026-03-03 18:29:13,314 INFO Row 467: chunking disabled, using 1 chunk
2026-03-03 18:29:13,318 INFO Row 468: chunking disabled, using 1 chunk
2026-03-03 18:29:13,322 INFO Row 469: chunking disabled, using 1 chunk
2026-03-03 18:29:13,325 INFO Row 470: chunking disabled, using 1 chunk
2026-03-03 18:29:13,329 INFO Row 471: chunking disabled, using 1 chunk
2026-03-03 18:29:13,332 INFO Row 472: chunking disabled, using 1 chunk
2026-03-03 18:29:13,335 INFO Row 473: chunking disabled, using 1 chunk
2026-03-03 18:29:13,337 INFO Row 474: chunking disabled, using 1 chunk
2026-03-03 18:29:13,340 INFO Row 475: chunking disabled, using 1 chunk
2026-03-03 18:29:13,342 INFO Row 476: chunking disabled, using 1 chunk
2026-03-03 18:29:13,345 INFO Row 477: chunking disabled, using 1 chunk
2026-03-03 18:29:13,349 INFO Row 478: chunking disabled, using 1 chunk
2026-03-03 18:29:13,353 INFO Row 479: chunking disabled, using 1 chunk
2026-03-03 18:29:13,356 INFO Row 480: chunking disabled, using 1 chunk
2026-03-03 18:29:13,359 INFO Row 481: chunking disabled, using 1 chunk
2026-03-03 18:29:13,364 INFO Row 482: chunking disabled, using 1 chunk
2026-03-03 18:29:13,369 INFO Row 483: chunking disabled, using 1 chunk
2026-03-03 18:29:13,371 INFO Row 484: chunking disabled, using 1 chunk
2026-03-03 18:29:13,375 INFO Row 485: chunking disabled, using 1 chunk
2026-03-03 18:29:13,379 INFO Row 486: chunking disabled, using 1 chunk
2026-03-03 18:29:13,383 INFO Row 487: chunking disabled, using 1 chunk
2026-03-03 18:29:13,386 INFO Row 488: chunking disabled, using 1 chunk
2026-03-03 18:29:13,390 INFO Row 489: chunking disabled, using 1 chunk
2026-03-03 18:29:13,394 INFO Row 490: chunking disabled, using 1 chunk
2026-03-03 18:29:13,397 INFO Row 491: chunking disabled, using 1 chunk
2026-03-03 18:29:13,401 INFO Row 492: chunking disabled, using 1 chunk
2026-03-03 18:29:13,405 INFO Row 493: chunking disabled, using 1 chunk
2026-03-03 18:29:13,409 INFO Row 494: chunking disabled, using 1 chunk
2026-03-03 18:29:13,414 INFO Row 495: chunking disabled, using 1 chunk
2026-03-03 18:29:13,417 INFO Row 496: chunking disabled, using 1 chunk
2026-03-03 18:29:13,421 INFO Row 497: chunking disabled, using 1 chunk
2026-03-03 18:29:13,426 INFO Row 498: chunking disabled, using 1 chunk
2026-03-03 18:29:13,430 INFO Row 499: chunking disabled, using 1 chunk
2026-03-03 18:29:13,434 INFO Row 500: chunking disabled, using 1 chunk
2026-03-03 18:29:13,437 INFO Row 501: chunking disabled, using 1 chunk
2026-03-03 18:29:13,443 INFO Row 502: chunking disabled, using 1 chunk
2026-03-03 18:29:13,447 INFO Row 503: chunking disabled, using 1 chunk
2026-03-03 18:29:13,459 INFO Row 504: chunking disabled, using 1 chunk
2026-03-03 18:29:13,463 INFO Row 505: chunking disabled, using 1 chunk
2026-03-03 18:29:13,469 INFO Row 506: chunking disabled, using 1 chunk
2026-03-03 18:29:13,473 INFO Row 507: chunking disabled, using 1 chunk
2026-03-03 18:29:13,477 INFO Row 508: chunking disabled, using 1 chunk
2026-03-03 18:29:13,500 INFO Row 509: chunking disabled, using 1 chunk
2026-03-03 18:29:13,501 INFO Row 510: chunking disabled, using 1 chunk
2026-03-03 18:29:13,517 INFO Row 511: chunking disabled, using 1 chunk
2026-03-03 18:29:13,530 INFO Row 512: chunking disabled, using 1 chunk
2026-03-03 18:29:13,533 INFO Row 513: chunking disabled, using 1 chunk
2026-03-03 18:29:13,539 INFO Row 514: chunking disabled, using 1 chunk
2026-03-03 18:29:13,543 INFO Row 515: chunking disabled, using 1 chunk
2026-03-03 18:29:13,549 INFO Row 516: chunking disabled, using 1 chunk
2026-03-03 18:29:13,552 INFO Row 517: chunking disabled, using 1 chunk
2026-03-03 18:29:13,554 INFO Row 518: chunking disabled, using 1 chunk
2026-03-03 18:29:13,555 INFO Row 519: chunking disabled, using 1 chunk
2026-03-03 18:29:13,556 INFO Row 520: chunking disabled, using 1 chunk
2026-03-03 18:29:13,557 INFO Row 521: chunking disabled, using 1 chunk
2026-03-03 18:29:13,559 INFO Row 522: chunking disabled, using 1 chunk
2026-03-03 18:29:13,573 INFO Row 523: chunking disabled, using 1 chunk
2026-03-03 18:29:13,577 INFO Row 524: chunking disabled, using 1 chunk
2026-03-03 18:29:13,578 INFO Row 525: chunking disabled, using 1 chunk
2026-03-03 18:29:13,582 INFO Row 526: chunking disabled, using 1 chunk
2026-03-03 18:29:13,598 INFO Row 527: chunking disabled, using 1 chunk
2026-03-03 18:29:13,606 INFO Row 528: chunking disabled, using 1 chunk
2026-03-03 18:29:13,614 INFO Row 529: chunking disabled, using 1 chunk
2026-03-03 18:29:13,628 INFO Row 530: chunking disabled, using 1 chunk
2026-03-03 18:29:13,630 INFO Row 531: chunking disabled, using 1 chunk
2026-03-03 18:29:13,632 INFO Row 532: chunking disabled, using 1 chunk
2026-03-03 18:29:13,633 INFO Row 533: chunking disabled, using 1 chunk
2026-03-03 18:29:13,635 INFO Row 534: chunking disabled, using 1 chunk
2026-03-03 18:29:13,647 INFO Row 535: chunking disabled, using 1 chunk
2026-03-03 18:29:13,652 INFO Row 536: chunking disabled, using 1 chunk
2026-03-03 18:29:13,657 INFO Row 537: chunking disabled, using 1 chunk
2026-03-03 18:29:13,666 INFO Row 538: chunking disabled, using 1 chunk
2026-03-03 18:29:13,671 INFO Row 539: chunking disabled, using 1 chunk
2026-03-03 18:29:13,676 INFO Row 540: chunking disabled, using 1 chunk
2026-03-03 18:29:13,682 INFO Row 541: chunking disabled, using 1 chunk
2026-03-03 18:29:13,687 INFO Row 542: chunking disabled, using 1 chunk
2026-03-03 18:29:13,692 INFO Row 543: chunking disabled, using 1 chunk
2026-03-03 18:29:13,695 INFO Row 544: chunking disabled, using 1 chunk
2026-03-03 18:29:13,698 INFO Row 545: chunking disabled, using 1 chunk
2026-03-03 18:29:13,702 INFO Row 546: chunking disabled, using 1 chunk
2026-03-03 18:29:13,706 INFO Row 547: chunking disabled, using 1 chunk
2026-03-03 18:29:13,712 INFO Row 548: chunking disabled, using 1 chunk
2026-03-03 18:29:13,717 INFO Row 549: chunking disabled, using 1 chunk
2026-03-03 18:29:13,721 INFO Row 550: chunking disabled, using 1 chunk
2026-03-03 18:29:13,726 INFO Row 551: chunking disabled, using 1 chunk
2026-03-03 18:29:13,732 INFO Row 552: chunking disabled, using 1 chunk
2026-03-03 18:29:13,741 INFO Row 553: chunking disabled, using 1 chunk
2026-03-03 18:29:13,742 INFO Row 554: chunking disabled, using 1 chunk
2026-03-03 18:29:13,747 INFO Row 555: chunking disabled, using 1 chunk
2026-03-03 18:29:13,763 INFO Row 556: chunking disabled, using 1 chunk
2026-03-03 18:29:13,780 INFO Row 557: chunking disabled, using 1 chunk
2026-03-03 18:29:13,782 INFO Row 558: chunking disabled, using 1 chunk
2026-03-03 18:29:13,808 INFO Row 559: chunking disabled, using 1 chunk
2026-03-03 18:29:13,828 INFO Row 560: chunking disabled, using 1 chunk
2026-03-03 18:29:13,837 INFO Row 561: chunking disabled, using 1 chunk
2026-03-03 18:29:13,851 INFO Row 562: chunking disabled, using 1 chunk
2026-03-03 18:29:13,853 INFO Row 563: chunking disabled, using 1 chunk
2026-03-03 18:29:13,858 INFO Row 564: chunking disabled, using 1 chunk
2026-03-03 18:29:13,862 INFO Row 565: chunking disabled, using 1 chunk
2026-03-03 18:29:13,866 INFO Row 566: chunking disabled, using 1 chunk
2026-03-03 18:29:13,872 INFO Row 567: chunking disabled, using 1 chunk
2026-03-03 18:29:13,876 INFO Row 568: chunking disabled, using 1 chunk
2026-03-03 18:29:13,881 INFO Row 569: chunking disabled, using 1 chunk
2026-03-03 18:29:13,886 INFO Row 570: chunking disabled, using 1 chunk
2026-03-03 18:29:13,891 INFO Row 571: chunking disabled, using 1 chunk
2026-03-03 18:29:13,895 INFO Row 572: chunking disabled, using 1 chunk
2026-03-03 18:29:13,900 INFO Row 573: chunking disabled, using 1 chunk
2026-03-03 18:29:13,911 INFO Row 574: chunking disabled, using 1 chunk
2026-03-03 18:29:13,914 INFO Row 575: chunking disabled, using 1 chunk
2026-03-03 18:29:13,920 INFO Row 576: chunking disabled, using 1 chunk
2026-03-03 18:29:13,923 INFO Row 577: chunking disabled, using 1 chunk
2026-03-03 18:29:13,928 INFO Row 578: chunking disabled, using 1 chunk
2026-03-03 18:29:13,936 INFO Row 579: chunking disabled, using 1 chunk
2026-03-03 18:29:13,942 INFO Row 580: chunking disabled, using 1 chunk
2026-03-03 18:29:13,946 INFO Row 581: chunking disabled, using 1 chunk
2026-03-03 18:29:13,954 INFO Row 582: chunking disabled, using 1 chunk
2026-03-03 18:29:13,960 INFO Row 583: chunking disabled, using 1 chunk
2026-03-03 18:29:13,964 INFO Row 584: chunking disabled, using 1 chunk
2026-03-03 18:29:13,969 INFO Row 585: chunking disabled, using 1 chunk
2026-03-03 18:29:13,983 INFO Row 586: chunking disabled, using 1 chunk
2026-03-03 18:29:13,988 INFO Row 587: chunking disabled, using 1 chunk
2026-03-03 18:29:13,996 INFO Row 588: chunking disabled, using 1 chunk
2026-03-03 18:29:13,997 INFO Row 589: chunking disabled, using 1 chunk
2026-03-03 18:29:14,001 INFO Row 590: chunking disabled, using 1 chunk
2026-03-03 18:29:14,004 INFO Row 591: chunking disabled, using 1 chunk
2026-03-03 18:29:14,006 INFO Row 592: chunking disabled, using 1 chunk
2026-03-03 18:29:14,007 INFO Row 593: chunking disabled, using 1 chunk
2026-03-03 18:29:14,009 INFO Row 594: chunking disabled, using 1 chunk
2026-03-03 18:29:14,011 INFO Row 595: chunking disabled, using 1 chunk
2026-03-03 18:29:14,012 INFO Row 596: chunking disabled, using 1 chunk
2026-03-03 18:29:14,013 INFO Row 597: chunking disabled, using 1 chunk
2026-03-03 18:29:14,026 INFO Row 598: chunking disabled, using 1 chunk
2026-03-03 18:29:14,028 INFO Row 599: chunking disabled, using 1 chunk
2026-03-03 18:29:14,029 INFO Row 600: chunking disabled, using 1 chunk
2026-03-03 18:29:14,030 INFO Row 601: chunking disabled, using 1 chunk
2026-03-03 18:29:14,036 INFO Row 602: chunking disabled, using 1 chunk
2026-03-03 18:29:14,041 INFO Row 603: chunking disabled, using 1 chunk
2026-03-03 18:29:14,045 INFO Row 604: chunking disabled, using 1 chunk
2026-03-03 18:29:14,057 INFO Row 605: chunking disabled, using 1 chunk
2026-03-03 18:29:14,060 INFO Row 606: chunking disabled, using 1 chunk
2026-03-03 18:29:14,064 INFO Row 607: chunking disabled, using 1 chunk
2026-03-03 18:29:14,079 INFO Row 608: chunking disabled, using 1 chunk
2026-03-03 18:29:14,086 INFO Row 609: chunking disabled, using 1 chunk
2026-03-03 18:29:14,091 INFO Row 610: chunking disabled, using 1 chunk
2026-03-03 18:29:14,095 INFO Row 611: chunking disabled, using 1 chunk
2026-03-03 18:29:14,100 INFO Row 612: chunking disabled, using 1 chunk
2026-03-03 18:29:14,104 INFO Row 613: chunking disabled, using 1 chunk
2026-03-03 18:29:14,108 INFO Row 614: chunking disabled, using 1 chunk
2026-03-03 18:29:14,113 INFO Row 615: chunking disabled, using 1 chunk
2026-03-03 18:29:14,118 INFO Row 616: chunking disabled, using 1 chunk
2026-03-03 18:29:14,122 INFO Row 617: chunking disabled, using 1 chunk
2026-03-03 18:29:14,127 INFO Row 618: chunking disabled, using 1 chunk
2026-03-03 18:29:14,131 INFO Row 619: chunking disabled, using 1 chunk
2026-03-03 18:29:14,135 INFO Row 620: chunking disabled, using 1 chunk
2026-03-03 18:29:14,139 INFO Row 621: chunking disabled, using 1 chunk
2026-03-03 18:29:14,143 INFO Row 622: chunking disabled, using 1 chunk
2026-03-03 18:29:14,148 INFO Row 623: chunking disabled, using 1 chunk
2026-03-03 18:29:14,153 INFO Row 624: chunking disabled, using 1 chunk
2026-03-03 18:29:14,165 INFO Row 625: chunking disabled, using 1 chunk
2026-03-03 18:29:14,167 INFO Row 626: chunking disabled, using 1 chunk
2026-03-03 18:29:14,192 INFO Row 627: chunking disabled, using 1 chunk
2026-03-03 18:29:14,194 INFO Row 628: chunking disabled, using 1 chunk
2026-03-03 18:29:14,203 INFO Row 629: chunking disabled, using 1 chunk
2026-03-03 18:29:14,213 INFO Row 630: chunking disabled, using 1 chunk
2026-03-03 18:29:14,218 INFO Row 631: chunking disabled, using 1 chunk
2026-03-03 18:29:14,232 INFO Row 632: chunking disabled, using 1 chunk
2026-03-03 18:29:14,251 INFO Row 633: chunking disabled, using 1 chunk
2026-03-03 18:29:14,274 INFO Row 634: chunking disabled, using 1 chunk
2026-03-03 18:29:14,276 INFO Row 635: chunking disabled, using 1 chunk
2026-03-03 18:29:14,283 INFO Row 636: chunking disabled, using 1 chunk
2026-03-03 18:29:14,289 INFO Row 637: chunking disabled, using 1 chunk
2026-03-03 18:29:14,293 INFO Row 638: chunking disabled, using 1 chunk
2026-03-03 18:29:14,297 INFO Row 639: chunking disabled, using 1 chunk
2026-03-03 18:29:14,305 INFO Row 640: chunking disabled, using 1 chunk
2026-03-03 18:29:14,312 INFO Row 641: chunking disabled, using 1 chunk
2026-03-03 18:29:14,315 INFO Row 642: chunking disabled, using 1 chunk
2026-03-03 18:29:14,317 INFO Row 643: chunking disabled, using 1 chunk
2026-03-03 18:29:14,318 INFO Row 644: chunking disabled, using 1 chunk
2026-03-03 18:29:14,319 INFO Row 645: chunking disabled, using 1 chunk
2026-03-03 18:29:14,321 INFO Row 646: chunking disabled, using 1 chunk
2026-03-03 18:29:14,322 INFO Row 647: chunking disabled, using 1 chunk
2026-03-03 18:29:14,323 INFO Row 648: chunking disabled, using 1 chunk
2026-03-03 18:29:14,347 INFO Row 649: chunking disabled, using 1 chunk
2026-03-03 18:29:14,349 INFO Row 650: chunking disabled, using 1 chunk
2026-03-03 18:29:14,353 INFO Row 651: chunking disabled, using 1 chunk
2026-03-03 18:29:14,365 INFO Row 652: chunking disabled, using 1 chunk
2026-03-03 18:29:14,370 INFO Row 653: chunking disabled, using 1 chunk
2026-03-03 18:29:14,378 INFO Row 654: chunking disabled, using 1 chunk
2026-03-03 18:29:14,390 INFO Row 655: chunking disabled, using 1 chunk
2026-03-03 18:29:14,394 INFO Row 656: chunking disabled, using 1 chunk
2026-03-03 18:29:14,405 INFO Row 657: chunking disabled, using 1 chunk
2026-03-03 18:29:14,409 INFO Row 658: chunking disabled, using 1 chunk
2026-03-03 18:29:14,421 INFO Row 659: chunking disabled, using 1 chunk
2026-03-03 18:29:14,423 INFO Row 660: chunking disabled, using 1 chunk
2026-03-03 18:29:14,424 INFO Row 661: chunking disabled, using 1 chunk
2026-03-03 18:29:14,425 INFO Row 662: chunking disabled, using 1 chunk
2026-03-03 18:29:14,427 INFO Row 663: chunking disabled, using 1 chunk
2026-03-03 18:29:14,428 INFO Row 664: chunking disabled, using 1 chunk
2026-03-03 18:29:14,442 INFO Row 665: chunking disabled, using 1 chunk
2026-03-03 18:29:14,444 INFO Row 666: chunking disabled, using 1 chunk
2026-03-03 18:29:14,445 INFO Row 667: chunking disabled, using 1 chunk
2026-03-03 18:29:14,446 INFO Row 668: chunking disabled, using 1 chunk
2026-03-03 18:29:14,447 INFO Row 669: chunking disabled, using 1 chunk
2026-03-03 18:29:14,449 INFO Row 670: chunking disabled, using 1 chunk
2026-03-03 18:29:14,450 INFO Row 671: chunking disabled, using 1 chunk
2026-03-03 18:29:14,461 INFO Row 672: chunking disabled, using 1 chunk
2026-03-03 18:29:14,473 INFO Row 673: chunking disabled, using 1 chunk
2026-03-03 18:29:14,480 INFO Row 674: chunking disabled, using 1 chunk
2026-03-03 18:29:14,482 INFO Row 675: chunking disabled, using 1 chunk
2026-03-03 18:29:14,483 INFO Row 676: chunking disabled, using 1 chunk
2026-03-03 18:29:14,493 INFO Row 677: chunking disabled, using 1 chunk
2026-03-03 18:29:14,505 INFO Row 678: chunking disabled, using 1 chunk
2026-03-03 18:29:14,506 INFO Row 679: chunking disabled, using 1 chunk
2026-03-03 18:29:14,508 INFO Row 680: chunking disabled, using 1 chunk
2026-03-03 18:29:14,509 INFO Row 681: chunking disabled, using 1 chunk
2026-03-03 18:29:14,510 INFO Row 682: chunking disabled, using 1 chunk
2026-03-03 18:29:14,512 INFO Row 683: chunking disabled, using 1 chunk
2026-03-03 18:29:14,513 INFO Row 684: chunking disabled, using 1 chunk
2026-03-03 18:29:14,514 INFO Row 685: chunking disabled, using 1 chunk
2026-03-03 18:29:14,525 INFO Row 686: chunking disabled, using 1 chunk
2026-03-03 18:29:14,540 INFO Row 687: chunking disabled, using 1 chunk
2026-03-03 18:29:14,551 INFO Row 688: chunking disabled, using 1 chunk
2026-03-03 18:29:14,556 INFO Row 689: chunking disabled, using 1 chunk
2026-03-03 18:29:14,558 INFO Row 690: chunking disabled, using 1 chunk
2026-03-03 18:29:14,568 INFO Row 691: chunking disabled, using 1 chunk
2026-03-03 18:29:14,573 INFO Row 692: chunking disabled, using 1 chunk
2026-03-03 18:29:14,578 INFO Row 693: chunking disabled, using 1 chunk
2026-03-03 18:29:14,582 INFO Row 694: chunking disabled, using 1 chunk
2026-03-03 18:29:14,591 INFO Row 695: chunking disabled, using 1 chunk
2026-03-03 18:29:14,592 INFO Row 696: chunking disabled, using 1 chunk
2026-03-03 18:29:14,602 INFO Row 697: chunking disabled, using 1 chunk
2026-03-03 18:29:14,603 INFO Row 698: chunking disabled, using 1 chunk
2026-03-03 18:29:14,607 INFO Row 699: chunking disabled, using 1 chunk
2026-03-03 18:29:14,612 INFO Row 700: chunking disabled, using 1 chunk
2026-03-03 18:29:14,616 INFO Row 701: chunking disabled, using 1 chunk
2026-03-03 18:29:14,619 INFO Row 702: chunking disabled, using 1 chunk
2026-03-03 18:29:14,623 INFO Row 703: chunking disabled, using 1 chunk
2026-03-03 18:29:14,625 INFO Row 704: chunking disabled, using 1 chunk
2026-03-03 18:29:14,628 INFO Row 705: chunking disabled, using 1 chunk
2026-03-03 18:29:14,631 INFO Row 706: chunking disabled, using 1 chunk
2026-03-03 18:29:14,635 INFO Row 707: chunking disabled, using 1 chunk
2026-03-03 18:29:14,639 INFO Row 708: chunking disabled, using 1 chunk
2026-03-03 18:29:14,647 INFO Row 709: chunking disabled, using 1 chunk
2026-03-03 18:29:14,650 INFO Row 710: chunking disabled, using 1 chunk
2026-03-03 18:29:14,655 INFO Row 711: chunking disabled, using 1 chunk
2026-03-03 18:29:14,659 INFO Row 712: chunking disabled, using 1 chunk
2026-03-03 18:29:14,664 INFO Row 713: chunking disabled, using 1 chunk
2026-03-03 18:29:14,669 INFO Row 714: chunking disabled, using 1 chunk
2026-03-03 18:29:14,673 INFO Row 715: chunking disabled, using 1 chunk
2026-03-03 18:29:14,677 INFO Row 716: chunking disabled, using 1 chunk
2026-03-03 18:29:14,681 INFO Row 717: chunking disabled, using 1 chunk
2026-03-03 18:29:14,692 INFO Row 718: chunking disabled, using 1 chunk
2026-03-03 18:29:14,698 INFO Row 719: chunking disabled, using 1 chunk
2026-03-03 18:29:14,702 INFO Row 720: chunking disabled, using 1 chunk
2026-03-03 18:29:14,706 INFO Row 721: chunking disabled, using 1 chunk
2026-03-03 18:29:14,711 INFO Row 722: chunking disabled, using 1 chunk
2026-03-03 18:29:14,716 INFO Row 723: chunking disabled, using 1 chunk
2026-03-03 18:29:14,721 INFO Row 724: chunking disabled, using 1 chunk
2026-03-03 18:29:14,726 INFO Row 725: chunking disabled, using 1 chunk
2026-03-03 18:29:14,729 INFO Row 726: chunking disabled, using 1 chunk
2026-03-03 18:29:14,734 INFO Row 727: chunking disabled, using 1 chunk
2026-03-03 18:29:14,738 INFO Row 728: chunking disabled, using 1 chunk
2026-03-03 18:29:14,743 INFO Row 729: chunking disabled, using 1 chunk
2026-03-03 18:29:14,748 INFO Row 730: chunking disabled, using 1 chunk
2026-03-03 18:29:14,753 INFO Row 731: chunking disabled, using 1 chunk
2026-03-03 18:29:14,756 INFO Row 732: chunking disabled, using 1 chunk
2026-03-03 18:29:14,760 INFO Row 733: chunking disabled, using 1 chunk
2026-03-03 18:29:14,765 INFO Row 734: chunking disabled, using 1 chunk
2026-03-03 18:29:14,769 INFO Row 735: chunking disabled, using 1 chunk
2026-03-03 18:29:14,775 INFO Row 736: chunking disabled, using 1 chunk
2026-03-03 18:29:14,781 INFO Row 737: chunking disabled, using 1 chunk
2026-03-03 18:29:14,785 INFO Row 738: chunking disabled, using 1 chunk
2026-03-03 18:29:14,790 INFO Row 739: chunking disabled, using 1 chunk
2026-03-03 18:29:14,794 INFO Row 740: chunking disabled, using 1 chunk
2026-03-03 18:29:14,798 INFO Row 741: chunking disabled, using 1 chunk
2026-03-03 18:29:14,807 INFO Row 742: chunking disabled, using 1 chunk
2026-03-03 18:29:14,808 INFO Row 743: chunking disabled, using 1 chunk
2026-03-03 18:29:14,813 INFO Row 744: chunking disabled, using 1 chunk
2026-03-03 18:29:14,830 INFO Row 745: chunking disabled, using 1 chunk
2026-03-03 18:29:14,845 INFO Row 746: chunking disabled, using 1 chunk
2026-03-03 18:29:14,847 INFO Row 747: chunking disabled, using 1 chunk
2026-03-03 18:29:14,858 INFO Row 748: chunking disabled, using 1 chunk
2026-03-03 18:29:14,871 INFO Row 749: chunking disabled, using 1 chunk
2026-03-03 18:29:14,883 INFO Row 750: chunking disabled, using 1 chunk
2026-03-03 18:29:14,891 INFO Row 751: chunking disabled, using 1 chunk
2026-03-03 18:29:14,894 INFO Row 752: chunking disabled, using 1 chunk
2026-03-03 18:29:14,898 INFO Row 753: chunking disabled, using 1 chunk
2026-03-03 18:29:14,902 INFO Row 754: chunking disabled, using 1 chunk
2026-03-03 18:29:14,908 INFO Row 755: chunking disabled, using 1 chunk
2026-03-03 18:29:14,915 INFO Row 756: chunking disabled, using 1 chunk
2026-03-03 18:29:14,920 INFO Row 757: chunking disabled, using 1 chunk
2026-03-03 18:29:14,924 INFO Row 758: chunking disabled, using 1 chunk
2026-03-03 18:29:14,938 INFO Row 759: chunking disabled, using 1 chunk
2026-03-03 18:29:14,940 INFO Row 760: chunking disabled, using 1 chunk
2026-03-03 18:29:14,943 INFO Row 761: chunking disabled, using 1 chunk
2026-03-03 18:29:14,949 INFO Row 762: chunking disabled, using 1 chunk
2026-03-03 18:29:14,960 INFO Row 763: chunking disabled, using 1 chunk
2026-03-03 18:29:14,970 INFO Row 764: chunking disabled, using 1 chunk
2026-03-03 18:29:14,981 INFO Row 765: chunking disabled, using 1 chunk
2026-03-03 18:29:14,991 INFO Row 766: chunking disabled, using 1 chunk
2026-03-03 18:29:14,997 INFO Row 767: chunking disabled, using 1 chunk
2026-03-03 18:29:14,999 INFO Row 768: chunking disabled, using 1 chunk
2026-03-03 18:29:15,004 INFO Row 769: chunking disabled, using 1 chunk
2026-03-03 18:29:15,008 INFO Row 770: chunking disabled, using 1 chunk
2026-03-03 18:29:15,014 INFO Row 771: chunking disabled, using 1 chunk
2026-03-03 18:29:15,017 INFO Row 772: chunking disabled, using 1 chunk
2026-03-03 18:29:15,031 INFO Row 773: chunking disabled, using 1 chunk
2026-03-03 18:29:15,033 INFO Row 774: chunking disabled, using 1 chunk
2026-03-03 18:29:15,037 INFO Row 775: chunking disabled, using 1 chunk
2026-03-03 18:29:15,047 INFO Row 776: chunking disabled, using 1 chunk
2026-03-03 18:29:15,051 INFO Row 777: chunking disabled, using 1 chunk
2026-03-03 18:29:15,056 INFO Row 778: chunking disabled, using 1 chunk
2026-03-03 18:29:15,068 INFO Row 779: chunking disabled, using 1 chunk
2026-03-03 18:29:15,089 INFO Row 780: chunking disabled, using 1 chunk
2026-03-03 18:29:15,090 INFO Row 781: chunking disabled, using 1 chunk
2026-03-03 18:29:15,092 INFO Row 782: chunking disabled, using 1 chunk
2026-03-03 18:29:15,093 INFO Row 783: chunking disabled, using 1 chunk
2026-03-03 18:29:15,095 INFO Row 784: chunking disabled, using 1 chunk
2026-03-03 18:29:15,096 INFO Row 785: chunking disabled, using 1 chunk
2026-03-03 18:29:15,097 INFO Row 786: chunking disabled, using 1 chunk
2026-03-03 18:29:15,104 INFO Row 787: chunking disabled, using 1 chunk
2026-03-03 18:29:15,113 INFO Row 788: chunking disabled, using 1 chunk
2026-03-03 18:29:15,115 INFO Row 789: chunking disabled, using 1 chunk
2026-03-03 18:29:15,116 INFO Row 790: chunking disabled, using 1 chunk
2026-03-03 18:29:15,117 INFO Row 791: chunking disabled, using 1 chunk
2026-03-03 18:29:15,119 INFO Row 792: chunking disabled, using 1 chunk
2026-03-03 18:29:15,120 INFO Row 793: chunking disabled, using 1 chunk
2026-03-03 18:29:15,121 INFO Row 794: chunking disabled, using 1 chunk
2026-03-03 18:29:15,126 INFO Row 795: chunking disabled, using 1 chunk
2026-03-03 18:29:15,127 INFO Row 796: chunking disabled, using 1 chunk
2026-03-03 18:29:15,129 INFO Row 797: chunking disabled, using 1 chunk
2026-03-03 18:29:15,130 INFO Row 798: chunking disabled, using 1 chunk
2026-03-03 18:29:15,131 INFO Row 799: chunking disabled, using 1 chunk
2026-03-03 18:29:15,143 INFO Row 800: chunking disabled, using 1 chunk
2026-03-03 18:29:15,144 INFO Row 801: chunking disabled, using 1 chunk
2026-03-03 18:29:15,146 INFO Row 802: chunking disabled, using 1 chunk
2026-03-03 18:29:15,147 INFO Row 803: chunking disabled, using 1 chunk
2026-03-03 18:29:15,148 INFO Row 804: chunking disabled, using 1 chunk
2026-03-03 18:29:15,150 INFO Row 805: chunking disabled, using 1 chunk
2026-03-03 18:29:15,151 INFO Row 806: chunking disabled, using 1 chunk
2026-03-03 18:29:15,163 INFO Row 807: chunking disabled, using 1 chunk
2026-03-03 18:29:15,167 INFO Row 808: chunking disabled, using 1 chunk
2026-03-03 18:29:15,169 INFO Row 809: chunking disabled, using 1 chunk
2026-03-03 18:29:15,170 INFO Row 810: chunking disabled, using 1 chunk
2026-03-03 18:29:15,172 INFO Row 811: chunking disabled, using 1 chunk
2026-03-03 18:29:15,173 INFO Row 812: chunking disabled, using 1 chunk
2026-03-03 18:29:15,174 INFO Row 813: chunking disabled, using 1 chunk
2026-03-03 18:29:15,188 INFO Row 814: chunking disabled, using 1 chunk
2026-03-03 18:29:15,190 INFO Row 815: chunking disabled, using 1 chunk
2026-03-03 18:29:15,192 INFO Row 816: chunking disabled, using 1 chunk
2026-03-03 18:29:15,193 INFO Row 817: chunking disabled, using 1 chunk
2026-03-03 18:29:15,195 INFO Row 818: chunking disabled, using 1 chunk
2026-03-03 18:29:15,196 INFO Row 819: chunking disabled, using 1 chunk
2026-03-03 18:29:15,198 INFO Row 820: chunking disabled, using 1 chunk
2026-03-03 18:29:15,199 INFO Row 821: chunking disabled, using 1 chunk
2026-03-03 18:29:15,201 INFO Row 822: chunking disabled, using 1 chunk
2026-03-03 18:29:15,206 INFO Row 823: chunking disabled, using 1 chunk
2026-03-03 18:29:15,214 INFO Row 824: chunking disabled, using 1 chunk
2026-03-03 18:29:15,218 INFO Row 825: chunking disabled, using 1 chunk
2026-03-03 18:29:15,224 INFO Row 826: chunking disabled, using 1 chunk
2026-03-03 18:29:15,230 INFO Row 827: chunking disabled, using 1 chunk
2026-03-03 18:29:15,232 INFO Row 828: chunking disabled, using 1 chunk
2026-03-03 18:29:15,240 INFO Row 829: chunking disabled, using 1 chunk
2026-03-03 18:29:15,246 INFO Row 830: chunking disabled, using 1 chunk
2026-03-03 18:29:15,274 INFO Row 831: chunking disabled, using 1 chunk
2026-03-03 18:29:15,278 INFO Row 832: chunking disabled, using 1 chunk
2026-03-03 18:29:15,280 INFO Row 833: chunking disabled, using 1 chunk
2026-03-03 18:29:15,281 INFO Row 834: chunking disabled, using 1 chunk
2026-03-03 18:29:15,288 INFO Row 835: chunking disabled, using 1 chunk
2026-03-03 18:29:15,289 INFO Row 836: chunking disabled, using 1 chunk
2026-03-03 18:29:15,294 INFO Row 837: chunking disabled, using 1 chunk
2026-03-03 18:29:15,298 INFO Row 838: chunking disabled, using 1 chunk
2026-03-03 18:29:15,302 INFO Row 839: chunking disabled, using 1 chunk
2026-03-03 18:29:15,306 INFO Row 840: chunking disabled, using 1 chunk
2026-03-03 18:29:15,311 INFO Row 841: chunking disabled, using 1 chunk
2026-03-03 18:29:15,316 INFO Row 842: chunking disabled, using 1 chunk
2026-03-03 18:29:15,321 INFO Row 843: chunking disabled, using 1 chunk
2026-03-03 18:29:15,330 INFO Row 844: chunking disabled, using 1 chunk
2026-03-03 18:29:15,334 INFO Row 845: chunking disabled, using 1 chunk
2026-03-03 18:29:15,339 INFO Row 846: chunking disabled, using 1 chunk
2026-03-03 18:29:15,345 INFO Row 847: chunking disabled, using 1 chunk
2026-03-03 18:29:15,354 INFO Row 848: chunking disabled, using 1 chunk
2026-03-03 18:29:15,360 INFO Row 849: chunking disabled, using 1 chunk
2026-03-03 18:29:15,365 INFO Row 850: chunking disabled, using 1 chunk
2026-03-03 18:29:15,369 INFO Row 851: chunking disabled, using 1 chunk
2026-03-03 18:29:15,372 INFO Row 852: chunking disabled, using 1 chunk
2026-03-03 18:29:15,376 INFO Row 853: chunking disabled, using 1 chunk
2026-03-03 18:29:15,380 INFO Row 854: chunking disabled, using 1 chunk
2026-03-03 18:29:15,384 INFO Row 855: chunking disabled, using 1 chunk
2026-03-03 18:29:15,388 INFO Row 856: chunking disabled, using 1 chunk
2026-03-03 18:29:15,392 INFO Row 857: chunking disabled, using 1 chunk
2026-03-03 18:29:15,397 INFO Row 858: chunking disabled, using 1 chunk
2026-03-03 18:29:15,402 INFO Row 859: chunking disabled, using 1 chunk
2026-03-03 18:29:15,407 INFO Row 860: chunking disabled, using 1 chunk
2026-03-03 18:29:15,412 INFO Row 861: chunking disabled, using 1 chunk
2026-03-03 18:29:15,417 INFO Row 862: chunking disabled, using 1 chunk
2026-03-03 18:29:15,422 INFO Row 863: chunking disabled, using 1 chunk
2026-03-03 18:29:15,426 INFO Row 864: chunking disabled, using 1 chunk
2026-03-03 18:29:15,431 INFO Row 865: chunking disabled, using 1 chunk
2026-03-03 18:29:15,437 INFO Row 866: chunking disabled, using 1 chunk
2026-03-03 18:29:15,443 INFO Row 867: chunking disabled, using 1 chunk
2026-03-03 18:29:15,447 INFO Row 868: chunking disabled, using 1 chunk
2026-03-03 18:29:15,449 INFO Row 869: chunking disabled, using 1 chunk
2026-03-03 18:29:15,450 INFO Row 870: chunking disabled, using 1 chunk
2026-03-03 18:29:15,451 INFO Row 871: chunking disabled, using 1 chunk
2026-03-03 18:29:15,453 INFO Row 872: chunking disabled, using 1 chunk
2026-03-03 18:29:15,454 INFO Row 873: chunking disabled, using 1 chunk
2026-03-03 18:29:15,455 INFO Row 874: chunking disabled, using 1 chunk
2026-03-03 18:29:15,463 INFO Row 875: chunking disabled, using 1 chunk
2026-03-03 18:29:15,465 INFO Row 876: chunking disabled, using 1 chunk
2026-03-03 18:29:15,466 INFO Row 877: chunking disabled, using 1 chunk
2026-03-03 18:29:15,467 INFO Row 878: chunking disabled, using 1 chunk
2026-03-03 18:29:15,471 INFO Row 879: chunking disabled, using 1 chunk
2026-03-03 18:29:15,472 INFO Row 880: chunking disabled, using 1 chunk
2026-03-03 18:29:15,474 INFO Row 881: chunking disabled, using 1 chunk
2026-03-03 18:29:15,475 INFO Row 882: chunking disabled, using 1 chunk
2026-03-03 18:29:15,480 INFO Row 883: chunking disabled, using 1 chunk
2026-03-03 18:29:15,482 INFO Row 884: chunking disabled, using 1 chunk
2026-03-03 18:29:15,483 INFO Row 885: chunking disabled, using 1 chunk
2026-03-03 18:29:15,484 INFO Row 886: chunking disabled, using 1 chunk
2026-03-03 18:29:15,486 INFO Row 887: chunking disabled, using 1 chunk
2026-03-03 18:29:15,496 INFO Row 888: chunking disabled, using 1 chunk
2026-03-03 18:29:15,500 INFO Row 889: chunking disabled, using 1 chunk
2026-03-03 18:29:15,505 INFO Row 890: chunking disabled, using 1 chunk
2026-03-03 18:29:15,510 INFO Row 891: chunking disabled, using 1 chunk
2026-03-03 18:29:15,516 INFO Row 892: chunking disabled, using 1 chunk
2026-03-03 18:29:15,520 INFO Row 893: chunking disabled, using 1 chunk
2026-03-03 18:29:15,524 INFO Row 894: chunking disabled, using 1 chunk
2026-03-03 18:29:15,527 INFO Row 895: chunking disabled, using 1 chunk
2026-03-03 18:29:15,532 INFO Row 896: chunking disabled, using 1 chunk
2026-03-03 18:29:15,536 INFO Row 897: chunking disabled, using 1 chunk
2026-03-03 18:29:15,540 INFO Row 898: chunking disabled, using 1 chunk
2026-03-03 18:29:15,544 INFO Row 899: chunking disabled, using 1 chunk
2026-03-03 18:29:15,549 INFO Row 900: chunking disabled, using 1 chunk
2026-03-03 18:29:15,554 INFO Row 901: chunking disabled, using 1 chunk
2026-03-03 18:29:15,557 INFO Row 902: chunking disabled, using 1 chunk
2026-03-03 18:29:15,561 INFO Row 903: chunking disabled, using 1 chunk
2026-03-03 18:29:15,567 INFO Row 904: chunking disabled, using 1 chunk
2026-03-03 18:29:15,571 INFO Row 905: chunking disabled, using 1 chunk
2026-03-03 18:29:15,576 INFO Row 906: chunking disabled, using 1 chunk
2026-03-03 18:29:15,580 INFO Row 907: chunking disabled, using 1 chunk
2026-03-03 18:29:15,584 INFO Row 908: chunking disabled, using 1 chunk
2026-03-03 18:29:15,588 INFO Row 909: chunking disabled, using 1 chunk
2026-03-03 18:29:15,594 INFO Row 910: chunking disabled, using 1 chunk
2026-03-03 18:29:15,598 INFO Row 911: chunking disabled, using 1 chunk
2026-03-03 18:29:15,601 INFO Row 912: chunking disabled, using 1 chunk
2026-03-03 18:29:15,611 INFO Row 913: chunking disabled, using 1 chunk
2026-03-03 18:29:15,613 INFO Row 914: chunking disabled, using 1 chunk
2026-03-03 18:29:15,623 INFO Row 915: chunking disabled, using 1 chunk
2026-03-03 18:29:15,627 INFO Row 916: chunking disabled, using 1 chunk
2026-03-03 18:29:15,640 INFO Row 917: chunking disabled, using 1 chunk
2026-03-03 18:29:15,676 INFO Row 918: chunking disabled, using 1 chunk
2026-03-03 18:29:15,690 INFO Row 919: chunking disabled, using 1 chunk
2026-03-03 18:29:15,702 INFO Row 920: chunking disabled, using 1 chunk
2026-03-03 18:29:15,707 INFO Row 921: chunking disabled, using 1 chunk
2026-03-03 18:29:15,711 INFO Row 922: chunking disabled, using 1 chunk
2026-03-03 18:29:15,715 INFO Row 923: chunking disabled, using 1 chunk
2026-03-03 18:29:15,732 INFO Row 924: chunking disabled, using 1 chunk
2026-03-03 18:29:15,733 INFO Row 925: chunking disabled, using 1 chunk
2026-03-03 18:29:15,744 INFO Row 926: chunking disabled, using 1 chunk
2026-03-03 18:29:15,747 INFO Row 927: chunking disabled, using 1 chunk
2026-03-03 18:29:15,748 INFO Row 928: chunking disabled, using 1 chunk
2026-03-03 18:29:15,750 INFO Row 929: chunking disabled, using 1 chunk
2026-03-03 18:29:15,751 INFO Row 930: chunking disabled, using 1 chunk
2026-03-03 18:29:15,756 INFO Row 931: chunking disabled, using 1 chunk
2026-03-03 18:29:15,757 INFO Row 932: chunking disabled, using 1 chunk
2026-03-03 18:29:15,758 INFO Row 933: chunking disabled, using 1 chunk
2026-03-03 18:29:15,760 INFO Row 934: chunking disabled, using 1 chunk
2026-03-03 18:29:15,775 INFO Row 935: chunking disabled, using 1 chunk
2026-03-03 18:29:15,778 INFO Row 936: chunking disabled, using 1 chunk
2026-03-03 18:29:15,779 INFO Total 937 chunks to generate
2026-03-03 18:29:15,779 INFO LLM dispatch 1/47 size 20
/opt/mamba/envs/lcc/lib/python3.10/site-packages/vertexai/generative_models/_generative_models.py:433: UserWarning: This feature is deprecated as of June 24, 2025 and will be removed on June 24, 2026. For details, see https://cloud.google.com/vertex-ai/generative-ai/docs/deprecations/genai-vertexai-sdk.
  warning_logs.show_deprecation_warning()
E0000 00:00:1772533756.431844  830092 http_connect_handshaker.cc:114] HTTP proxy handshake with [unknown] failed: UNKNOWN: FD Shutdown [type.googleapis.com/grpc.status.children='\x15\x00\x00\x00\x08\x0e\x12\x11\x65ndpoint shutdown']
2026-03-03 18:31:01,335 INFO LLM progress 20/937 rate 0.19/s ETA 4839.7s empty 0/20
2026-03-03 18:31:01,335 INFO LLM dispatch 2/47 size 20
2026-03-03 18:31:55,912 INFO LLM progress 40/937 rate 0.25/s ETA 3591.0s empty 0/20
2026-03-03 18:31:55,913 INFO LLM dispatch 3/47 size 20
2026-03-03 18:33:00,030 INFO LLM progress 60/937 rate 0.27/s ETA 3277.8s empty 0/20
2026-03-03 18:33:00,030 INFO LLM dispatch 4/47 size 20
2026-03-03 18:35:01,775 INFO LLM progress 80/937 rate 0.23/s ETA 3706.5s empty 0/20
2026-03-03 18:35:01,776 INFO LLM dispatch 5/47 size 20
2026-03-03 18:37:27,844 INFO LLM progress 100/937 rate 0.20/s ETA 4118.6s empty 0/20
2026-03-03 18:37:27,844 INFO LLM dispatch 6/47 size 20
2026-03-03 18:43:06,752 INFO LLM progress 120/937 rate 0.14/s ETA 5657.5s empty 0/20
2026-03-03 18:43:06,752 INFO LLM dispatch 7/47 size 20
2026-03-03 18:45:25,684 INFO LLM progress 140/937 rate 0.14/s ETA 5521.5s empty 0/20
2026-03-03 18:45:25,684 INFO LLM dispatch 8/47 size 20
2026-03-03 18:47:23,110 INFO LLM progress 160/937 rate 0.15/s ETA 5280.3s empty 0/20
2026-03-03 18:47:23,110 INFO LLM dispatch 9/47 size 20
2026-03-03 18:49:48,833 INFO LLM progress 180/937 rate 0.15/s ETA 5185.7s empty 0/20
2026-03-03 18:49:48,833 INFO LLM dispatch 10/47 size 20
2026-03-03 18:51:53,200 INFO LLM progress 200/937 rate 0.15/s ETA 5002.1s empty 0/20
2026-03-03 18:51:53,200 INFO LLM dispatch 11/47 size 20
2026-03-03 18:53:46,611 INFO LLM progress 220/937 rate 0.15/s ETA 4793.6s empty 0/20
2026-03-03 18:53:46,611 INFO LLM dispatch 12/47 size 20
2026-03-03 18:55:14,975 INFO LLM progress 240/937 rate 0.15/s ETA 4528.2s empty 0/20
2026-03-03 18:55:14,975 INFO LLM dispatch 13/47 size 20
2026-03-03 18:58:04,347 INFO LLM progress 260/937 rate 0.15/s ETA 4500.9s empty 0/20
2026-03-03 18:58:04,347 INFO LLM dispatch 14/47 size 20
2026-03-03 18:59:51,058 INFO LLM progress 280/937 rate 0.15/s ETA 4306.4s empty 0/20
2026-03-03 18:59:51,058 INFO LLM dispatch 15/47 size 20
2026-03-03 19:02:20,320 INFO LLM progress 300/937 rate 0.15/s ETA 4213.8s empty 0/20
2026-03-03 19:02:20,320 INFO LLM dispatch 16/47 size 20
2026-03-03 19:03:35,471 INFO LLM progress 320/937 rate 0.16/s ETA 3971.3s empty 0/20
2026-03-03 19:03:35,471 INFO LLM dispatch 17/47 size 20
2026-03-03 19:05:05,986 INFO LLM progress 340/937 rate 0.16/s ETA 3775.5s empty 0/20
2026-03-03 19:05:05,986 INFO LLM dispatch 18/47 size 20
2026-03-03 19:07:50,542 INFO LLM progress 360/937 rate 0.16/s ETA 3710.1s empty 0/20
2026-03-03 19:07:50,542 INFO LLM dispatch 19/47 size 20
2026-03-03 19:09:44,564 INFO LLM progress 380/937 rate 0.16/s ETA 3560.1s empty 0/20
2026-03-03 19:09:44,565 INFO LLM dispatch 20/47 size 20
2026-03-03 19:13:14,045 INFO LLM progress 400/937 rate 0.15/s ETA 3541.9s empty 0/20
2026-03-03 19:13:14,045 INFO LLM dispatch 21/47 size 20
2026-03-03 19:15:29,396 INFO LLM progress 420/937 rate 0.15/s ETA 3414.2s empty 0/20
2026-03-03 19:15:29,396 INFO LLM dispatch 22/47 size 20
2026-03-03 19:18:18,705 INFO LLM progress 440/937 rate 0.15/s ETA 3324.2s empty 0/20
2026-03-03 19:18:18,705 INFO LLM dispatch 23/47 size 20
2026-03-03 19:20:21,781 INFO LLM progress 460/937 rate 0.15/s ETA 3179.3s empty 0/20
2026-03-03 19:20:21,781 INFO LLM dispatch 24/47 size 20
2026-03-03 19:22:59,258 INFO LLM progress 480/937 rate 0.15/s ETA 3069.0s empty 0/20
2026-03-03 19:22:59,259 INFO LLM dispatch 25/47 size 20
2026-03-03 19:23:57,905 INFO LLM progress 500/937 rate 0.15/s ETA 2868.6s empty 0/20
2026-03-03 19:23:57,906 INFO LLM dispatch 26/47 size 20
2026-03-03 19:26:11,233 INFO LLM progress 520/937 rate 0.15/s ETA 2738.9s empty 0/20
2026-03-03 19:26:11,233 INFO LLM dispatch 27/47 size 20
2026-03-03 19:29:16,429 INFO LLM progress 540/937 rate 0.15/s ETA 2647.1s empty 0/20
2026-03-03 19:29:16,429 INFO LLM dispatch 28/47 size 20
2026-03-03 19:32:21,797 INFO LLM progress 560/937 rate 0.15/s ETA 2548.8s empty 0/20
2026-03-03 19:32:21,797 INFO LLM dispatch 29/47 size 20
2026-03-03 19:34:10,510 INFO LLM progress 580/937 rate 0.15/s ETA 2397.3s empty 0/20
2026-03-03 19:34:10,510 INFO LLM dispatch 30/47 size 20
2026-03-03 19:36:29,222 INFO LLM progress 600/937 rate 0.15/s ETA 2265.5s empty 0/20
2026-03-03 19:36:29,222 INFO LLM dispatch 31/47 size 20
2026-03-03 19:38:50,883 INFO LLM progress 620/937 rate 0.15/s ETA 2134.7s empty 0/20
2026-03-03 19:38:50,883 INFO LLM dispatch 32/47 size 20
2026-03-03 19:39:55,314 INFO LLM progress 640/937 rate 0.15/s ETA 1967.4s empty 0/20
2026-03-03 19:39:55,315 INFO LLM dispatch 33/47 size 20
2026-03-03 19:41:36,001 INFO LLM progress 660/937 rate 0.15/s ETA 1821.6s empty 0/20
2026-03-03 19:41:36,001 INFO LLM dispatch 34/47 size 20
2026-03-03 19:43:12,824 INFO LLM progress 680/937 rate 0.15/s ETA 1676.9s empty 0/20
2026-03-03 19:43:12,825 INFO LLM dispatch 35/47 size 20
2026-03-03 19:47:42,148 INFO LLM progress 700/937 rate 0.15/s ETA 1593.4s empty 0/20
2026-03-03 19:47:42,148 INFO LLM dispatch 36/47 size 20
2026-03-03 19:50:15,194 INFO LLM progress 720/937 rate 0.15/s ETA 1464.6s empty 0/20
2026-03-03 19:50:15,194 INFO LLM dispatch 37/47 size 20
2026-03-03 19:51:52,375 INFO LLM progress 740/937 rate 0.15/s ETA 1319.5s empty 0/20
2026-03-03 19:51:52,375 INFO LLM dispatch 38/47 size 20
2026-03-03 19:54:06,945 INFO LLM progress 760/937 rate 0.15/s ETA 1185.7s empty 0/20
2026-03-03 19:54:06,945 INFO LLM dispatch 39/47 size 20
2026-03-03 20:01:46,804 INFO LLM progress 780/937 rate 0.14/s ETA 1117.3s empty 1/20
2026-03-03 20:01:46,804 INFO LLM dispatch 40/47 size 20
E0000 00:00:1772539307.392731  830089 http_connect_handshaker.cc:114] HTTP proxy handshake with [unknown] failed: UNKNOWN: FD Shutdown [type.googleapis.com/grpc.status.children='\x15\x00\x00\x00\x08\x0e\x12\x11\x65ndpoint shutdown']
2026-03-03 20:04:30,822 INFO LLM progress 800/937 rate 0.14/s ETA 978.7s empty 0/20
2026-03-03 20:04:30,823 INFO LLM dispatch 41/47 size 20
2026-03-03 20:07:51,275 INFO LLM progress 820/937 rate 0.14/s ETA 844.0s empty 0/20
2026-03-03 20:07:51,275 INFO LLM dispatch 42/47 size 20
2026-03-03 20:09:38,642 INFO LLM progress 840/937 rate 0.14/s ETA 695.5s empty 0/20
2026-03-03 20:09:38,643 INFO LLM dispatch 43/47 size 20
2026-03-03 20:12:39,023 INFO LLM progress 860/937 rate 0.14/s ETA 555.4s empty 0/20
2026-03-03 20:12:39,023 INFO LLM dispatch 44/47 size 20
2026-03-03 20:14:14,264 INFO LLM progress 880/937 rate 0.14/s ETA 408.0s empty 0/20
2026-03-03 20:14:14,264 INFO LLM dispatch 45/47 size 20
2026-03-03 20:15:21,723 INFO LLM progress 900/937 rate 0.14/s ETA 261.7s empty 0/20
2026-03-03 20:15:21,723 INFO LLM dispatch 46/47 size 20
2026-03-03 20:16:20,853 INFO LLM progress 920/937 rate 0.14/s ETA 118.7s empty 0/20
2026-03-03 20:16:20,854 INFO LLM dispatch 47/47 size 17
2026-03-03 20:17:50,250 INFO LLM progress 937/937 rate 0.14/s ETA 0.0s empty 0/17
2026-03-03 20:17:52,141 INFO Generation complete. Output saved to ../mechanical_output/step_0.jsonl
2026-03-03 20:17:52,143 INFO ExtractCategoryProperties stage parse category mechanical
2026-03-03 20:17:54,224 INFO ExtractCategoryProperties complete category mechanical
2026-03-03 20:17:54,224 INFO Running save_results_to_csv category mechanical total 937
2026-03-03 20:17:55,354 INFO save_results_to_csv progress category mechanical 50/937
2026-03-03 20:17:56,128 INFO save_results_to_csv progress category mechanical 100/937
2026-03-03 20:17:57,014 INFO save_results_to_csv progress category mechanical 150/937
2026-03-03 20:17:57,913 INFO save_results_to_csv progress category mechanical 200/937
2026-03-03 20:17:58,726 INFO save_results_to_csv progress category mechanical 250/937
2026-03-03 20:17:59,324 INFO save_results_to_csv progress category mechanical 300/937
2026-03-03 20:18:00,291 INFO save_results_to_csv progress category mechanical 350/937
2026-03-03 20:18:01,805 INFO save_results_to_csv progress category mechanical 400/937
2026-03-03 20:18:02,994 INFO save_results_to_csv progress category mechanical 450/937
2026-03-03 20:18:03,960 INFO save_results_to_csv progress category mechanical 500/937
2026-03-03 20:18:05,275 INFO save_results_to_csv progress category mechanical 550/937
2026-03-03 20:18:06,512 INFO save_results_to_csv progress category mechanical 600/937
2026-03-03 20:18:07,503 INFO save_results_to_csv progress category mechanical 650/937
2026-03-03 20:18:08,328 INFO save_results_to_csv progress category mechanical 700/937
2026-03-03 20:18:09,023 INFO save_results_to_csv progress category mechanical 750/937
2026-03-03 20:18:09,660 INFO save_results_to_csv progress category mechanical 800/937
2026-03-03 20:18:10,323 INFO save_results_to_csv progress category mechanical 850/937
2026-03-03 20:18:10,947 INFO save_results_to_csv progress category mechanical 900/937
2026-03-03 20:18:12,056 INFO save_results_to_csv complete category mechanical total 937 nonempty 362 empty 572 rows 362
2026-03-03 20:18:46,593 INFO Prepared input_jsonl category electrical files 1866 rows 937 path /share/lcc/paper/10.1002/electrical_input.jsonl
2026-03-03 20:18:46,594 INFO Running category electrical entry_file /share/lcc/paper/10.1002/electrical_input.jsonl prompt_dir /share/lcc/dataflow-dp/prompts schema_dir /share/lcc/dataflow-dp/schemas
2026-03-03 20:18:46,610 INFO Running ExtractCategoryProperties category electrical prompts 1
2026-03-03 20:18:46,610 INFO ExtractCategoryProperties stage llm_run category electrical key electrical
2026-03-03 20:18:46,610 INFO Running ChunkedPromptedGenerator...
2026-03-03 20:18:47,459 INFO Loaded DataFrame with 937 rows.
2026-03-03 20:18:47,460 INFO Row 0: chunking disabled, using 1 chunk
2026-03-03 20:18:47,462 INFO Row 1: chunking disabled, using 1 chunk
2026-03-03 20:18:47,469 INFO Row 2: chunking disabled, using 1 chunk
2026-03-03 20:18:47,473 INFO Row 3: chunking disabled, using 1 chunk
2026-03-03 20:18:47,477 INFO Row 4: chunking disabled, using 1 chunk
2026-03-03 20:18:47,481 INFO Row 5: chunking disabled, using 1 chunk
2026-03-03 20:18:47,484 INFO Row 6: chunking disabled, using 1 chunk
2026-03-03 20:18:47,487 INFO Row 7: chunking disabled, using 1 chunk
2026-03-03 20:18:47,491 INFO Row 8: chunking disabled, using 1 chunk
2026-03-03 20:18:47,494 INFO Row 9: chunking disabled, using 1 chunk
2026-03-03 20:18:47,495 INFO Row 10: chunking disabled, using 1 chunk
2026-03-03 20:18:47,506 INFO Row 11: chunking disabled, using 1 chunk
2026-03-03 20:18:47,508 INFO Row 12: chunking disabled, using 1 chunk
2026-03-03 20:18:47,517 INFO Row 13: chunking disabled, using 1 chunk
2026-03-03 20:18:47,521 INFO Row 14: chunking disabled, using 1 chunk
2026-03-03 20:18:47,524 INFO Row 15: chunking disabled, using 1 chunk
2026-03-03 20:18:47,527 INFO Row 16: chunking disabled, using 1 chunk
2026-03-03 20:18:47,529 INFO Row 17: chunking disabled, using 1 chunk
2026-03-03 20:18:47,532 INFO Row 18: chunking disabled, using 1 chunk
2026-03-03 20:18:47,536 INFO Row 19: chunking disabled, using 1 chunk
2026-03-03 20:18:47,540 INFO Row 20: chunking disabled, using 1 chunk
2026-03-03 20:18:47,543 INFO Row 21: chunking disabled, using 1 chunk
2026-03-03 20:18:47,546 INFO Row 22: chunking disabled, using 1 chunk
2026-03-03 20:18:47,549 INFO Row 23: chunking disabled, using 1 chunk
2026-03-03 20:18:47,552 INFO Row 24: chunking disabled, using 1 chunk
2026-03-03 20:18:47,555 INFO Row 25: chunking disabled, using 1 chunk
2026-03-03 20:18:47,557 INFO Row 26: chunking disabled, using 1 chunk
2026-03-03 20:18:47,558 INFO Row 27: chunking disabled, using 1 chunk
2026-03-03 20:18:47,561 INFO Row 28: chunking disabled, using 1 chunk
2026-03-03 20:18:47,562 INFO Row 29: chunking disabled, using 1 chunk
2026-03-03 20:18:47,564 INFO Row 30: chunking disabled, using 1 chunk
2026-03-03 20:18:47,566 INFO Row 31: chunking disabled, using 1 chunk
2026-03-03 20:18:47,569 INFO Row 32: chunking disabled, using 1 chunk
2026-03-03 20:18:47,572 INFO Row 33: chunking disabled, using 1 chunk
2026-03-03 20:18:47,575 INFO Row 34: chunking disabled, using 1 chunk
2026-03-03 20:18:47,578 INFO Row 35: chunking disabled, using 1 chunk
2026-03-03 20:18:47,581 INFO Row 36: chunking disabled, using 1 chunk
2026-03-03 20:18:47,584 INFO Row 37: chunking disabled, using 1 chunk
2026-03-03 20:18:47,587 INFO Row 38: chunking disabled, using 1 chunk
2026-03-03 20:18:47,590 INFO Row 39: chunking disabled, using 1 chunk
2026-03-03 20:18:47,597 INFO Row 40: chunking disabled, using 1 chunk
2026-03-03 20:18:47,600 INFO Row 41: chunking disabled, using 1 chunk
2026-03-03 20:18:47,604 INFO Row 42: chunking disabled, using 1 chunk
2026-03-03 20:18:47,609 INFO Row 43: chunking disabled, using 1 chunk
2026-03-03 20:18:47,613 INFO Row 44: chunking disabled, using 1 chunk
2026-03-03 20:18:47,616 INFO Row 45: chunking disabled, using 1 chunk
2026-03-03 20:18:47,617 INFO Row 46: chunking disabled, using 1 chunk
2026-03-03 20:18:47,621 INFO Row 47: chunking disabled, using 1 chunk
2026-03-03 20:18:47,626 INFO Row 48: chunking disabled, using 1 chunk
2026-03-03 20:18:47,631 INFO Row 49: chunking disabled, using 1 chunk
2026-03-03 20:18:47,634 INFO Row 50: chunking disabled, using 1 chunk
2026-03-03 20:18:47,637 INFO Row 51: chunking disabled, using 1 chunk
2026-03-03 20:18:47,640 INFO Row 52: chunking disabled, using 1 chunk
2026-03-03 20:18:47,643 INFO Row 53: chunking disabled, using 1 chunk
2026-03-03 20:18:47,646 INFO Row 54: chunking disabled, using 1 chunk
2026-03-03 20:18:47,649 INFO Row 55: chunking disabled, using 1 chunk
2026-03-03 20:18:47,652 INFO Row 56: chunking disabled, using 1 chunk
2026-03-03 20:18:47,655 INFO Row 57: chunking disabled, using 1 chunk
2026-03-03 20:18:47,661 INFO Row 58: chunking disabled, using 1 chunk
2026-03-03 20:18:47,664 INFO Row 59: chunking disabled, using 1 chunk
2026-03-03 20:18:47,666 INFO Row 60: chunking disabled, using 1 chunk
2026-03-03 20:18:47,669 INFO Row 61: chunking disabled, using 1 chunk
2026-03-03 20:18:47,673 INFO Row 62: chunking disabled, using 1 chunk
2026-03-03 20:18:47,676 INFO Row 63: chunking disabled, using 1 chunk
2026-03-03 20:18:47,679 INFO Row 64: chunking disabled, using 1 chunk
2026-03-03 20:18:47,682 INFO Row 65: chunking disabled, using 1 chunk
2026-03-03 20:18:47,685 INFO Row 66: chunking disabled, using 1 chunk
2026-03-03 20:18:47,688 INFO Row 67: chunking disabled, using 1 chunk
2026-03-03 20:18:47,695 INFO Row 68: chunking disabled, using 1 chunk
2026-03-03 20:18:47,700 INFO Row 69: chunking disabled, using 1 chunk
2026-03-03 20:18:47,703 INFO Row 70: chunking disabled, using 1 chunk
2026-03-03 20:18:47,706 INFO Row 71: chunking disabled, using 1 chunk
2026-03-03 20:18:47,709 INFO Row 72: chunking disabled, using 1 chunk
2026-03-03 20:18:47,712 INFO Row 73: chunking disabled, using 1 chunk
2026-03-03 20:18:47,715 INFO Row 74: chunking disabled, using 1 chunk
2026-03-03 20:18:47,726 INFO Row 75: chunking disabled, using 1 chunk
2026-03-03 20:18:47,729 INFO Row 76: chunking disabled, using 1 chunk
2026-03-03 20:18:47,732 INFO Row 77: chunking disabled, using 1 chunk
2026-03-03 20:18:47,737 INFO Row 78: chunking disabled, using 1 chunk
2026-03-03 20:18:47,739 INFO Row 79: chunking disabled, using 1 chunk
2026-03-03 20:18:47,742 INFO Row 80: chunking disabled, using 1 chunk
2026-03-03 20:18:47,746 INFO Row 81: chunking disabled, using 1 chunk
2026-03-03 20:18:47,749 INFO Row 82: chunking disabled, using 1 chunk
2026-03-03 20:18:47,752 INFO Row 83: chunking disabled, using 1 chunk
2026-03-03 20:18:47,754 INFO Row 84: chunking disabled, using 1 chunk
2026-03-03 20:18:47,756 INFO Row 85: chunking disabled, using 1 chunk
2026-03-03 20:18:47,761 INFO Row 86: chunking disabled, using 1 chunk
2026-03-03 20:18:47,763 INFO Row 87: chunking disabled, using 1 chunk
2026-03-03 20:18:47,765 INFO Row 88: chunking disabled, using 1 chunk
2026-03-03 20:18:47,767 INFO Row 89: chunking disabled, using 1 chunk
2026-03-03 20:18:47,768 INFO Row 90: chunking disabled, using 1 chunk
2026-03-03 20:18:47,773 INFO Row 91: chunking disabled, using 1 chunk
2026-03-03 20:18:47,776 INFO Row 92: chunking disabled, using 1 chunk
2026-03-03 20:18:47,779 INFO Row 93: chunking disabled, using 1 chunk
2026-03-03 20:18:47,782 INFO Row 94: chunking disabled, using 1 chunk
2026-03-03 20:18:47,783 INFO Row 95: chunking disabled, using 1 chunk
2026-03-03 20:18:47,788 INFO Row 96: chunking disabled, using 1 chunk
2026-03-03 20:18:47,790 INFO Row 97: chunking disabled, using 1 chunk
2026-03-03 20:18:47,793 INFO Row 98: chunking disabled, using 1 chunk
2026-03-03 20:18:47,796 INFO Row 99: chunking disabled, using 1 chunk
2026-03-03 20:18:47,799 INFO Row 100: chunking disabled, using 1 chunk
2026-03-03 20:18:47,801 INFO Row 101: chunking disabled, using 1 chunk
2026-03-03 20:18:47,805 INFO Row 102: chunking disabled, using 1 chunk
2026-03-03 20:18:47,807 INFO Row 103: chunking disabled, using 1 chunk
2026-03-03 20:18:47,810 INFO Row 104: chunking disabled, using 1 chunk
2026-03-03 20:18:47,814 INFO Row 105: chunking disabled, using 1 chunk
2026-03-03 20:18:47,817 INFO Row 106: chunking disabled, using 1 chunk
2026-03-03 20:18:47,820 INFO Row 107: chunking disabled, using 1 chunk
2026-03-03 20:18:47,823 INFO Row 108: chunking disabled, using 1 chunk
2026-03-03 20:18:47,826 INFO Row 109: chunking disabled, using 1 chunk
2026-03-03 20:18:47,829 INFO Row 110: chunking disabled, using 1 chunk
2026-03-03 20:18:47,834 INFO Row 111: chunking disabled, using 1 chunk
2026-03-03 20:18:47,838 INFO Row 112: chunking disabled, using 1 chunk
2026-03-03 20:18:47,840 INFO Row 113: chunking disabled, using 1 chunk
2026-03-03 20:18:47,844 INFO Row 114: chunking disabled, using 1 chunk
2026-03-03 20:18:47,848 INFO Row 115: chunking disabled, using 1 chunk
2026-03-03 20:18:47,855 INFO Row 116: chunking disabled, using 1 chunk
2026-03-03 20:18:47,858 INFO Row 117: chunking disabled, using 1 chunk
2026-03-03 20:18:47,861 INFO Row 118: chunking disabled, using 1 chunk
2026-03-03 20:18:47,865 INFO Row 119: chunking disabled, using 1 chunk
2026-03-03 20:18:47,868 INFO Row 120: chunking disabled, using 1 chunk
2026-03-03 20:18:47,871 INFO Row 121: chunking disabled, using 1 chunk
2026-03-03 20:18:47,875 INFO Row 122: chunking disabled, using 1 chunk
2026-03-03 20:18:47,878 INFO Row 123: chunking disabled, using 1 chunk
2026-03-03 20:18:47,881 INFO Row 124: chunking disabled, using 1 chunk
2026-03-03 20:18:47,886 INFO Row 125: chunking disabled, using 1 chunk
2026-03-03 20:18:47,889 INFO Row 126: chunking disabled, using 1 chunk
2026-03-03 20:18:47,892 INFO Row 127: chunking disabled, using 1 chunk
2026-03-03 20:18:47,895 INFO Row 128: chunking disabled, using 1 chunk
2026-03-03 20:18:47,898 INFO Row 129: chunking disabled, using 1 chunk
2026-03-03 20:18:47,901 INFO Row 130: chunking disabled, using 1 chunk
2026-03-03 20:18:47,904 INFO Row 131: chunking disabled, using 1 chunk
2026-03-03 20:18:47,907 INFO Row 132: chunking disabled, using 1 chunk
2026-03-03 20:18:47,910 INFO Row 133: chunking disabled, using 1 chunk
2026-03-03 20:18:47,913 INFO Row 134: chunking disabled, using 1 chunk
2026-03-03 20:18:47,916 INFO Row 135: chunking disabled, using 1 chunk
2026-03-03 20:18:47,919 INFO Row 136: chunking disabled, using 1 chunk
2026-03-03 20:18:47,922 INFO Row 137: chunking disabled, using 1 chunk
2026-03-03 20:18:47,925 INFO Row 138: chunking disabled, using 1 chunk
2026-03-03 20:18:47,928 INFO Row 139: chunking disabled, using 1 chunk
2026-03-03 20:18:47,931 INFO Row 140: chunking disabled, using 1 chunk
2026-03-03 20:18:47,934 INFO Row 141: chunking disabled, using 1 chunk
2026-03-03 20:18:47,937 INFO Row 142: chunking disabled, using 1 chunk
2026-03-03 20:18:47,939 INFO Row 143: chunking disabled, using 1 chunk
2026-03-03 20:18:47,941 INFO Row 144: chunking disabled, using 1 chunk
2026-03-03 20:18:47,943 INFO Row 145: chunking disabled, using 1 chunk
2026-03-03 20:18:47,945 INFO Row 146: chunking disabled, using 1 chunk
2026-03-03 20:18:47,947 INFO Row 147: chunking disabled, using 1 chunk
2026-03-03 20:18:47,948 INFO Row 148: chunking disabled, using 1 chunk
2026-03-03 20:18:47,952 INFO Row 149: chunking disabled, using 1 chunk
2026-03-03 20:18:47,955 INFO Row 150: chunking disabled, using 1 chunk
2026-03-03 20:18:47,958 INFO Row 151: chunking disabled, using 1 chunk
2026-03-03 20:18:47,961 INFO Row 152: chunking disabled, using 1 chunk
2026-03-03 20:18:47,964 INFO Row 153: chunking disabled, using 1 chunk
2026-03-03 20:18:47,971 INFO Row 154: chunking disabled, using 1 chunk
2026-03-03 20:18:47,974 INFO Row 155: chunking disabled, using 1 chunk
2026-03-03 20:18:47,978 INFO Row 156: chunking disabled, using 1 chunk
2026-03-03 20:18:47,981 INFO Row 157: chunking disabled, using 1 chunk
2026-03-03 20:18:47,984 INFO Row 158: chunking disabled, using 1 chunk
2026-03-03 20:18:47,987 INFO Row 159: chunking disabled, using 1 chunk
2026-03-03 20:18:47,989 INFO Row 160: chunking disabled, using 1 chunk
2026-03-03 20:18:47,992 INFO Row 161: chunking disabled, using 1 chunk
2026-03-03 20:18:47,994 INFO Row 162: chunking disabled, using 1 chunk
2026-03-03 20:18:47,999 INFO Row 163: chunking disabled, using 1 chunk
2026-03-03 20:18:48,002 INFO Row 164: chunking disabled, using 1 chunk
2026-03-03 20:18:48,005 INFO Row 165: chunking disabled, using 1 chunk
2026-03-03 20:18:48,008 INFO Row 166: chunking disabled, using 1 chunk
2026-03-03 20:18:48,011 INFO Row 167: chunking disabled, using 1 chunk
2026-03-03 20:18:48,014 INFO Row 168: chunking disabled, using 1 chunk
2026-03-03 20:18:48,016 INFO Row 169: chunking disabled, using 1 chunk
2026-03-03 20:18:48,019 INFO Row 170: chunking disabled, using 1 chunk
2026-03-03 20:18:48,022 INFO Row 171: chunking disabled, using 1 chunk
2026-03-03 20:18:48,025 INFO Row 172: chunking disabled, using 1 chunk
2026-03-03 20:18:48,029 INFO Row 173: chunking disabled, using 1 chunk
2026-03-03 20:18:48,032 INFO Row 174: chunking disabled, using 1 chunk
2026-03-03 20:18:48,038 INFO Row 175: chunking disabled, using 1 chunk
2026-03-03 20:18:48,041 INFO Row 176: chunking disabled, using 1 chunk
2026-03-03 20:18:48,044 INFO Row 177: chunking disabled, using 1 chunk
2026-03-03 20:18:48,047 INFO Row 178: chunking disabled, using 1 chunk
2026-03-03 20:18:48,050 INFO Row 179: chunking disabled, using 1 chunk
2026-03-03 20:18:48,054 INFO Row 180: chunking disabled, using 1 chunk
2026-03-03 20:18:48,056 INFO Row 181: chunking disabled, using 1 chunk
2026-03-03 20:18:48,059 INFO Row 182: chunking disabled, using 1 chunk
2026-03-03 20:18:48,063 INFO Row 183: chunking disabled, using 1 chunk
2026-03-03 20:18:48,071 INFO Row 184: chunking disabled, using 1 chunk
2026-03-03 20:18:48,074 INFO Row 185: chunking disabled, using 1 chunk
2026-03-03 20:18:48,077 INFO Row 186: chunking disabled, using 1 chunk
2026-03-03 20:18:48,080 INFO Row 187: chunking disabled, using 1 chunk
2026-03-03 20:18:48,083 INFO Row 188: chunking disabled, using 1 chunk
2026-03-03 20:18:48,086 INFO Row 189: chunking disabled, using 1 chunk
2026-03-03 20:18:48,089 INFO Row 190: chunking disabled, using 1 chunk
2026-03-03 20:18:48,093 INFO Row 191: chunking disabled, using 1 chunk
2026-03-03 20:18:48,096 INFO Row 192: chunking disabled, using 1 chunk
2026-03-03 20:18:48,099 INFO Row 193: chunking disabled, using 1 chunk
2026-03-03 20:18:48,102 INFO Row 194: chunking disabled, using 1 chunk
2026-03-03 20:18:48,105 INFO Row 195: chunking disabled, using 1 chunk
2026-03-03 20:18:48,108 INFO Row 196: chunking disabled, using 1 chunk
2026-03-03 20:18:48,111 INFO Row 197: chunking disabled, using 1 chunk
2026-03-03 20:18:48,115 INFO Row 198: chunking disabled, using 1 chunk
2026-03-03 20:18:48,118 INFO Row 199: chunking disabled, using 1 chunk
2026-03-03 20:18:48,120 INFO Row 200: chunking disabled, using 1 chunk
2026-03-03 20:18:48,127 INFO Row 201: chunking disabled, using 1 chunk
2026-03-03 20:18:48,129 INFO Row 202: chunking disabled, using 1 chunk
2026-03-03 20:18:48,131 INFO Row 203: chunking disabled, using 1 chunk
2026-03-03 20:18:48,133 INFO Row 204: chunking disabled, using 1 chunk
2026-03-03 20:18:48,137 INFO Row 205: chunking disabled, using 1 chunk
2026-03-03 20:18:48,139 INFO Row 206: chunking disabled, using 1 chunk
2026-03-03 20:18:48,142 INFO Row 207: chunking disabled, using 1 chunk
2026-03-03 20:18:48,145 INFO Row 208: chunking disabled, using 1 chunk
2026-03-03 20:18:48,148 INFO Row 209: chunking disabled, using 1 chunk
2026-03-03 20:18:48,152 INFO Row 210: chunking disabled, using 1 chunk
2026-03-03 20:18:48,164 INFO Row 211: chunking disabled, using 1 chunk
2026-03-03 20:18:48,165 INFO Row 212: chunking disabled, using 1 chunk
2026-03-03 20:18:48,170 INFO Row 213: chunking disabled, using 1 chunk
2026-03-03 20:18:48,174 INFO Row 214: chunking disabled, using 1 chunk
2026-03-03 20:18:48,180 INFO Row 215: chunking disabled, using 1 chunk
2026-03-03 20:18:48,187 INFO Row 216: chunking disabled, using 1 chunk
2026-03-03 20:18:48,190 INFO Row 217: chunking disabled, using 1 chunk
2026-03-03 20:18:48,193 INFO Row 218: chunking disabled, using 1 chunk
2026-03-03 20:18:48,196 INFO Row 219: chunking disabled, using 1 chunk
2026-03-03 20:18:48,199 INFO Row 220: chunking disabled, using 1 chunk
2026-03-03 20:18:48,202 INFO Row 221: chunking disabled, using 1 chunk
2026-03-03 20:18:48,205 INFO Row 222: chunking disabled, using 1 chunk
2026-03-03 20:18:48,208 INFO Row 223: chunking disabled, using 1 chunk
2026-03-03 20:18:48,211 INFO Row 224: chunking disabled, using 1 chunk
2026-03-03 20:18:48,215 INFO Row 225: chunking disabled, using 1 chunk
2026-03-03 20:18:48,216 INFO Row 226: chunking disabled, using 1 chunk
2026-03-03 20:18:48,220 INFO Row 227: chunking disabled, using 1 chunk
2026-03-03 20:18:48,224 INFO Row 228: chunking disabled, using 1 chunk
2026-03-03 20:18:48,226 INFO Row 229: chunking disabled, using 1 chunk
2026-03-03 20:18:48,229 INFO Row 230: chunking disabled, using 1 chunk
2026-03-03 20:18:48,232 INFO Row 231: chunking disabled, using 1 chunk
2026-03-03 20:18:48,236 INFO Row 232: chunking disabled, using 1 chunk
2026-03-03 20:18:48,239 INFO Row 233: chunking disabled, using 1 chunk
2026-03-03 20:18:48,242 INFO Row 234: chunking disabled, using 1 chunk
2026-03-03 20:18:48,247 INFO Row 235: chunking disabled, using 1 chunk
2026-03-03 20:18:48,249 INFO Row 236: chunking disabled, using 1 chunk
2026-03-03 20:18:48,252 INFO Row 237: chunking disabled, using 1 chunk
2026-03-03 20:18:48,258 INFO Row 238: chunking disabled, using 1 chunk
2026-03-03 20:18:48,261 INFO Row 239: chunking disabled, using 1 chunk
2026-03-03 20:18:48,264 INFO Row 240: chunking disabled, using 1 chunk
2026-03-03 20:18:48,271 INFO Row 241: chunking disabled, using 1 chunk
2026-03-03 20:18:48,276 INFO Row 242: chunking disabled, using 1 chunk
2026-03-03 20:18:48,280 INFO Row 243: chunking disabled, using 1 chunk
2026-03-03 20:18:48,283 INFO Row 244: chunking disabled, using 1 chunk
2026-03-03 20:18:48,287 INFO Row 245: chunking disabled, using 1 chunk
2026-03-03 20:18:48,291 INFO Row 246: chunking disabled, using 1 chunk
2026-03-03 20:18:48,293 INFO Row 247: chunking disabled, using 1 chunk
2026-03-03 20:18:48,297 INFO Row 248: chunking disabled, using 1 chunk
2026-03-03 20:18:48,300 INFO Row 249: chunking disabled, using 1 chunk
2026-03-03 20:18:48,304 INFO Row 250: chunking disabled, using 1 chunk
2026-03-03 20:18:48,308 INFO Row 251: chunking disabled, using 1 chunk
2026-03-03 20:18:48,309 INFO Row 252: chunking disabled, using 1 chunk
2026-03-03 20:18:48,310 INFO Row 253: chunking disabled, using 1 chunk
2026-03-03 20:18:48,314 INFO Row 254: chunking disabled, using 1 chunk
2026-03-03 20:18:48,317 INFO Row 255: chunking disabled, using 1 chunk
2026-03-03 20:18:48,323 INFO Row 256: chunking disabled, using 1 chunk
2026-03-03 20:18:48,326 INFO Row 257: chunking disabled, using 1 chunk
2026-03-03 20:18:48,328 INFO Row 258: chunking disabled, using 1 chunk
2026-03-03 20:18:48,330 INFO Row 259: chunking disabled, using 1 chunk
2026-03-03 20:18:48,332 INFO Row 260: chunking disabled, using 1 chunk
2026-03-03 20:18:48,334 INFO Row 261: chunking disabled, using 1 chunk
2026-03-03 20:18:48,336 INFO Row 262: chunking disabled, using 1 chunk
2026-03-03 20:18:48,338 INFO Row 263: chunking disabled, using 1 chunk
2026-03-03 20:18:48,342 INFO Row 264: chunking disabled, using 1 chunk
2026-03-03 20:18:48,345 INFO Row 265: chunking disabled, using 1 chunk
2026-03-03 20:18:48,349 INFO Row 266: chunking disabled, using 1 chunk
2026-03-03 20:18:48,352 INFO Row 267: chunking disabled, using 1 chunk
2026-03-03 20:18:48,358 INFO Row 268: chunking disabled, using 1 chunk
2026-03-03 20:18:48,360 INFO Row 269: chunking disabled, using 1 chunk
2026-03-03 20:18:48,364 INFO Row 270: chunking disabled, using 1 chunk
2026-03-03 20:18:48,366 INFO Row 271: chunking disabled, using 1 chunk
2026-03-03 20:18:48,370 INFO Row 272: chunking disabled, using 1 chunk
2026-03-03 20:18:48,373 INFO Row 273: chunking disabled, using 1 chunk
2026-03-03 20:18:48,377 INFO Row 274: chunking disabled, using 1 chunk
2026-03-03 20:18:48,380 INFO Row 275: chunking disabled, using 1 chunk
2026-03-03 20:18:48,383 INFO Row 276: chunking disabled, using 1 chunk
2026-03-03 20:18:48,388 INFO Row 277: chunking disabled, using 1 chunk
2026-03-03 20:18:48,391 INFO Row 278: chunking disabled, using 1 chunk
2026-03-03 20:18:48,394 INFO Row 279: chunking disabled, using 1 chunk
2026-03-03 20:18:48,396 INFO Row 280: chunking disabled, using 1 chunk
2026-03-03 20:18:48,400 INFO Row 281: chunking disabled, using 1 chunk
2026-03-03 20:18:48,403 INFO Row 282: chunking disabled, using 1 chunk
2026-03-03 20:18:48,406 INFO Row 283: chunking disabled, using 1 chunk
2026-03-03 20:18:48,410 INFO Row 284: chunking disabled, using 1 chunk
2026-03-03 20:18:48,413 INFO Row 285: chunking disabled, using 1 chunk
2026-03-03 20:18:48,415 INFO Row 286: chunking disabled, using 1 chunk
2026-03-03 20:18:48,419 INFO Row 287: chunking disabled, using 1 chunk
2026-03-03 20:18:48,421 INFO Row 288: chunking disabled, using 1 chunk
2026-03-03 20:18:48,424 INFO Row 289: chunking disabled, using 1 chunk
2026-03-03 20:18:48,427 INFO Row 290: chunking disabled, using 1 chunk
2026-03-03 20:18:48,430 INFO Row 291: chunking disabled, using 1 chunk
2026-03-03 20:18:48,433 INFO Row 292: chunking disabled, using 1 chunk
2026-03-03 20:18:48,439 INFO Row 293: chunking disabled, using 1 chunk
2026-03-03 20:18:48,441 INFO Row 294: chunking disabled, using 1 chunk
2026-03-03 20:18:48,444 INFO Row 295: chunking disabled, using 1 chunk
2026-03-03 20:18:48,447 INFO Row 296: chunking disabled, using 1 chunk
2026-03-03 20:18:48,454 INFO Row 297: chunking disabled, using 1 chunk
2026-03-03 20:18:48,459 INFO Row 298: chunking disabled, using 1 chunk
2026-03-03 20:18:48,465 INFO Row 299: chunking disabled, using 1 chunk
2026-03-03 20:18:48,471 INFO Row 300: chunking disabled, using 1 chunk
2026-03-03 20:18:48,474 INFO Row 301: chunking disabled, using 1 chunk
2026-03-03 20:18:48,477 INFO Row 302: chunking disabled, using 1 chunk
2026-03-03 20:18:48,481 INFO Row 303: chunking disabled, using 1 chunk
2026-03-03 20:18:48,483 INFO Row 304: chunking disabled, using 1 chunk
2026-03-03 20:18:48,486 INFO Row 305: chunking disabled, using 1 chunk
2026-03-03 20:18:48,489 INFO Row 306: chunking disabled, using 1 chunk
2026-03-03 20:18:48,492 INFO Row 307: chunking disabled, using 1 chunk
2026-03-03 20:18:48,495 INFO Row 308: chunking disabled, using 1 chunk
2026-03-03 20:18:48,498 INFO Row 309: chunking disabled, using 1 chunk
2026-03-03 20:18:48,500 INFO Row 310: chunking disabled, using 1 chunk
2026-03-03 20:18:48,504 INFO Row 311: chunking disabled, using 1 chunk
2026-03-03 20:18:48,506 INFO Row 312: chunking disabled, using 1 chunk
2026-03-03 20:18:48,509 INFO Row 313: chunking disabled, using 1 chunk
2026-03-03 20:18:48,512 INFO Row 314: chunking disabled, using 1 chunk
2026-03-03 20:18:48,516 INFO Row 315: chunking disabled, using 1 chunk
2026-03-03 20:18:48,517 INFO Row 316: chunking disabled, using 1 chunk
2026-03-03 20:18:48,520 INFO Row 317: chunking disabled, using 1 chunk
2026-03-03 20:18:48,523 INFO Row 318: chunking disabled, using 1 chunk
2026-03-03 20:18:48,525 INFO Row 319: chunking disabled, using 1 chunk
2026-03-03 20:18:48,526 INFO Row 320: chunking disabled, using 1 chunk
2026-03-03 20:18:48,529 INFO Row 321: chunking disabled, using 1 chunk
2026-03-03 20:18:48,532 INFO Row 322: chunking disabled, using 1 chunk
2026-03-03 20:18:48,535 INFO Row 323: chunking disabled, using 1 chunk
2026-03-03 20:18:48,538 INFO Row 324: chunking disabled, using 1 chunk
2026-03-03 20:18:48,541 INFO Row 325: chunking disabled, using 1 chunk
2026-03-03 20:18:48,544 INFO Row 326: chunking disabled, using 1 chunk
2026-03-03 20:18:48,549 INFO Row 327: chunking disabled, using 1 chunk
2026-03-03 20:18:48,553 INFO Row 328: chunking disabled, using 1 chunk
2026-03-03 20:18:48,556 INFO Row 329: chunking disabled, using 1 chunk
2026-03-03 20:18:48,559 INFO Row 330: chunking disabled, using 1 chunk
2026-03-03 20:18:48,562 INFO Row 331: chunking disabled, using 1 chunk
2026-03-03 20:18:48,565 INFO Row 332: chunking disabled, using 1 chunk
2026-03-03 20:18:48,568 INFO Row 333: chunking disabled, using 1 chunk
2026-03-03 20:18:48,571 INFO Row 334: chunking disabled, using 1 chunk
2026-03-03 20:18:48,575 INFO Row 335: chunking disabled, using 1 chunk
2026-03-03 20:18:48,578 INFO Row 336: chunking disabled, using 1 chunk
2026-03-03 20:18:48,582 INFO Row 337: chunking disabled, using 1 chunk
2026-03-03 20:18:48,585 INFO Row 338: chunking disabled, using 1 chunk
2026-03-03 20:18:48,589 INFO Row 339: chunking disabled, using 1 chunk
2026-03-03 20:18:48,592 INFO Row 340: chunking disabled, using 1 chunk
2026-03-03 20:18:48,596 INFO Row 341: chunking disabled, using 1 chunk
2026-03-03 20:18:48,600 INFO Row 342: chunking disabled, using 1 chunk
2026-03-03 20:18:48,603 INFO Row 343: chunking disabled, using 1 chunk
2026-03-03 20:18:48,607 INFO Row 344: chunking disabled, using 1 chunk
2026-03-03 20:18:48,613 INFO Row 345: chunking disabled, using 1 chunk
2026-03-03 20:18:48,617 INFO Row 346: chunking disabled, using 1 chunk
2026-03-03 20:18:48,619 INFO Row 347: chunking disabled, using 1 chunk
2026-03-03 20:18:48,631 INFO Row 348: chunking disabled, using 1 chunk
2026-03-03 20:18:48,632 INFO Row 349: chunking disabled, using 1 chunk
2026-03-03 20:18:48,636 INFO Row 350: chunking disabled, using 1 chunk
2026-03-03 20:18:48,639 INFO Row 351: chunking disabled, using 1 chunk
2026-03-03 20:18:48,642 INFO Row 352: chunking disabled, using 1 chunk
2026-03-03 20:18:48,645 INFO Row 353: chunking disabled, using 1 chunk
2026-03-03 20:18:48,648 INFO Row 354: chunking disabled, using 1 chunk
2026-03-03 20:18:48,651 INFO Row 355: chunking disabled, using 1 chunk
2026-03-03 20:18:48,654 INFO Row 356: chunking disabled, using 1 chunk
2026-03-03 20:18:48,657 INFO Row 357: chunking disabled, using 1 chunk
2026-03-03 20:18:48,660 INFO Row 358: chunking disabled, using 1 chunk
2026-03-03 20:18:48,663 INFO Row 359: chunking disabled, using 1 chunk
2026-03-03 20:18:48,666 INFO Row 360: chunking disabled, using 1 chunk
2026-03-03 20:18:48,671 INFO Row 361: chunking disabled, using 1 chunk
2026-03-03 20:18:48,674 INFO Row 362: chunking disabled, using 1 chunk
2026-03-03 20:18:48,677 INFO Row 363: chunking disabled, using 1 chunk
2026-03-03 20:18:48,681 INFO Row 364: chunking disabled, using 1 chunk
2026-03-03 20:18:48,685 INFO Row 365: chunking disabled, using 1 chunk
2026-03-03 20:18:48,688 INFO Row 366: chunking disabled, using 1 chunk
2026-03-03 20:18:48,693 INFO Row 367: chunking disabled, using 1 chunk
2026-03-03 20:18:48,696 INFO Row 368: chunking disabled, using 1 chunk
2026-03-03 20:18:48,699 INFO Row 369: chunking disabled, using 1 chunk
2026-03-03 20:18:48,702 INFO Row 370: chunking disabled, using 1 chunk
2026-03-03 20:18:48,706 INFO Row 371: chunking disabled, using 1 chunk
2026-03-03 20:18:48,709 INFO Row 372: chunking disabled, using 1 chunk
2026-03-03 20:18:48,711 INFO Row 373: chunking disabled, using 1 chunk
2026-03-03 20:18:48,714 INFO Row 374: chunking disabled, using 1 chunk
2026-03-03 20:18:48,715 INFO Row 375: chunking disabled, using 1 chunk
2026-03-03 20:18:48,718 INFO Row 376: chunking disabled, using 1 chunk
2026-03-03 20:18:48,720 INFO Row 377: chunking disabled, using 1 chunk
2026-03-03 20:18:48,722 INFO Row 378: chunking disabled, using 1 chunk
2026-03-03 20:18:48,723 INFO Row 379: chunking disabled, using 1 chunk
2026-03-03 20:18:48,727 INFO Row 380: chunking disabled, using 1 chunk
2026-03-03 20:18:48,730 INFO Row 381: chunking disabled, using 1 chunk
2026-03-03 20:18:48,733 INFO Row 382: chunking disabled, using 1 chunk
2026-03-03 20:18:48,736 INFO Row 383: chunking disabled, using 1 chunk
2026-03-03 20:18:48,739 INFO Row 384: chunking disabled, using 1 chunk
2026-03-03 20:18:48,742 INFO Row 385: chunking disabled, using 1 chunk
2026-03-03 20:18:48,745 INFO Row 386: chunking disabled, using 1 chunk
2026-03-03 20:18:48,749 INFO Row 387: chunking disabled, using 1 chunk
2026-03-03 20:18:48,753 INFO Row 388: chunking disabled, using 1 chunk
2026-03-03 20:18:48,756 INFO Row 389: chunking disabled, using 1 chunk
2026-03-03 20:18:48,759 INFO Row 390: chunking disabled, using 1 chunk
2026-03-03 20:18:48,762 INFO Row 391: chunking disabled, using 1 chunk
2026-03-03 20:18:48,771 INFO Row 392: chunking disabled, using 1 chunk
2026-03-03 20:18:48,772 INFO Row 393: chunking disabled, using 1 chunk
2026-03-03 20:18:48,775 INFO Row 394: chunking disabled, using 1 chunk
2026-03-03 20:18:48,780 INFO Row 395: chunking disabled, using 1 chunk
2026-03-03 20:18:48,784 INFO Row 396: chunking disabled, using 1 chunk
2026-03-03 20:18:48,787 INFO Row 397: chunking disabled, using 1 chunk
2026-03-03 20:18:48,790 INFO Row 398: chunking disabled, using 1 chunk
2026-03-03 20:18:48,795 INFO Row 399: chunking disabled, using 1 chunk
2026-03-03 20:18:48,798 INFO Row 400: chunking disabled, using 1 chunk
2026-03-03 20:18:48,801 INFO Row 401: chunking disabled, using 1 chunk
2026-03-03 20:18:48,805 INFO Row 402: chunking disabled, using 1 chunk
2026-03-03 20:18:48,808 INFO Row 403: chunking disabled, using 1 chunk
2026-03-03 20:18:48,811 INFO Row 404: chunking disabled, using 1 chunk
2026-03-03 20:18:48,815 INFO Row 405: chunking disabled, using 1 chunk
2026-03-03 20:18:48,818 INFO Row 406: chunking disabled, using 1 chunk
2026-03-03 20:18:48,821 INFO Row 407: chunking disabled, using 1 chunk
2026-03-03 20:18:48,824 INFO Row 408: chunking disabled, using 1 chunk
2026-03-03 20:18:48,827 INFO Row 409: chunking disabled, using 1 chunk
2026-03-03 20:18:48,830 INFO Row 410: chunking disabled, using 1 chunk
2026-03-03 20:18:48,838 INFO Row 411: chunking disabled, using 1 chunk
2026-03-03 20:18:48,841 INFO Row 412: chunking disabled, using 1 chunk
2026-03-03 20:18:48,844 INFO Row 413: chunking disabled, using 1 chunk
2026-03-03 20:18:48,848 INFO Row 414: chunking disabled, using 1 chunk
2026-03-03 20:18:48,854 INFO Row 415: chunking disabled, using 1 chunk
2026-03-03 20:18:48,857 INFO Row 416: chunking disabled, using 1 chunk
2026-03-03 20:18:48,864 INFO Row 417: chunking disabled, using 1 chunk
2026-03-03 20:18:48,867 INFO Row 418: chunking disabled, using 1 chunk
2026-03-03 20:18:48,870 INFO Row 419: chunking disabled, using 1 chunk
2026-03-03 20:18:48,873 INFO Row 420: chunking disabled, using 1 chunk
2026-03-03 20:18:48,877 INFO Row 421: chunking disabled, using 1 chunk
2026-03-03 20:18:48,880 INFO Row 422: chunking disabled, using 1 chunk
2026-03-03 20:18:48,883 INFO Row 423: chunking disabled, using 1 chunk
2026-03-03 20:18:48,886 INFO Row 424: chunking disabled, using 1 chunk
2026-03-03 20:18:48,890 INFO Row 425: chunking disabled, using 1 chunk
2026-03-03 20:18:48,893 INFO Row 426: chunking disabled, using 1 chunk
2026-03-03 20:18:48,897 INFO Row 427: chunking disabled, using 1 chunk
2026-03-03 20:18:48,900 INFO Row 428: chunking disabled, using 1 chunk
2026-03-03 20:18:48,903 INFO Row 429: chunking disabled, using 1 chunk
2026-03-03 20:18:48,908 INFO Row 430: chunking disabled, using 1 chunk
2026-03-03 20:18:48,910 INFO Row 431: chunking disabled, using 1 chunk
2026-03-03 20:18:48,912 INFO Row 432: chunking disabled, using 1 chunk
2026-03-03 20:18:48,914 INFO Row 433: chunking disabled, using 1 chunk
2026-03-03 20:18:48,916 INFO Row 434: chunking disabled, using 1 chunk
2026-03-03 20:18:48,918 INFO Row 435: chunking disabled, using 1 chunk
2026-03-03 20:18:48,920 INFO Row 436: chunking disabled, using 1 chunk
2026-03-03 20:18:48,923 INFO Row 437: chunking disabled, using 1 chunk
2026-03-03 20:18:48,926 INFO Row 438: chunking disabled, using 1 chunk
2026-03-03 20:18:48,929 INFO Row 439: chunking disabled, using 1 chunk
2026-03-03 20:18:48,932 INFO Row 440: chunking disabled, using 1 chunk
2026-03-03 20:18:48,935 INFO Row 441: chunking disabled, using 1 chunk
2026-03-03 20:18:48,938 INFO Row 442: chunking disabled, using 1 chunk
2026-03-03 20:18:48,946 INFO Row 443: chunking disabled, using 1 chunk
2026-03-03 20:18:48,950 INFO Row 444: chunking disabled, using 1 chunk
2026-03-03 20:18:48,955 INFO Row 445: chunking disabled, using 1 chunk
2026-03-03 20:18:48,959 INFO Row 446: chunking disabled, using 1 chunk
2026-03-03 20:18:48,962 INFO Row 447: chunking disabled, using 1 chunk
2026-03-03 20:18:48,966 INFO Row 448: chunking disabled, using 1 chunk
2026-03-03 20:18:48,968 INFO Row 449: chunking disabled, using 1 chunk
2026-03-03 20:18:48,973 INFO Row 450: chunking disabled, using 1 chunk
2026-03-03 20:18:48,976 INFO Row 451: chunking disabled, using 1 chunk
2026-03-03 20:18:48,980 INFO Row 452: chunking disabled, using 1 chunk
2026-03-03 20:18:48,984 INFO Row 453: chunking disabled, using 1 chunk
2026-03-03 20:18:48,988 INFO Row 454: chunking disabled, using 1 chunk
2026-03-03 20:18:48,991 INFO Row 455: chunking disabled, using 1 chunk
2026-03-03 20:18:48,994 INFO Row 456: chunking disabled, using 1 chunk
2026-03-03 20:18:48,997 INFO Row 457: chunking disabled, using 1 chunk
2026-03-03 20:18:49,001 INFO Row 458: chunking disabled, using 1 chunk
2026-03-03 20:18:49,004 INFO Row 459: chunking disabled, using 1 chunk
2026-03-03 20:18:49,007 INFO Row 460: chunking disabled, using 1 chunk
2026-03-03 20:18:49,010 INFO Row 461: chunking disabled, using 1 chunk
2026-03-03 20:18:49,013 INFO Row 462: chunking disabled, using 1 chunk
2026-03-03 20:18:49,016 INFO Row 463: chunking disabled, using 1 chunk
2026-03-03 20:18:49,019 INFO Row 464: chunking disabled, using 1 chunk
2026-03-03 20:18:49,023 INFO Row 465: chunking disabled, using 1 chunk
2026-03-03 20:18:49,026 INFO Row 466: chunking disabled, using 1 chunk
2026-03-03 20:18:49,029 INFO Row 467: chunking disabled, using 1 chunk
2026-03-03 20:18:49,032 INFO Row 468: chunking disabled, using 1 chunk
2026-03-03 20:18:49,035 INFO Row 469: chunking disabled, using 1 chunk
2026-03-03 20:18:49,038 INFO Row 470: chunking disabled, using 1 chunk
2026-03-03 20:18:49,040 INFO Row 471: chunking disabled, using 1 chunk
2026-03-03 20:18:49,052 INFO Row 472: chunking disabled, using 1 chunk
2026-03-03 20:18:49,057 INFO Row 473: chunking disabled, using 1 chunk
2026-03-03 20:18:49,060 INFO Row 474: chunking disabled, using 1 chunk
2026-03-03 20:18:49,063 INFO Row 475: chunking disabled, using 1 chunk
2026-03-03 20:18:49,070 INFO Row 476: chunking disabled, using 1 chunk
2026-03-03 20:18:49,073 INFO Row 477: chunking disabled, using 1 chunk
2026-03-03 20:18:49,081 INFO Row 478: chunking disabled, using 1 chunk
2026-03-03 20:18:49,084 INFO Row 479: chunking disabled, using 1 chunk
2026-03-03 20:18:49,089 INFO Row 480: chunking disabled, using 1 chunk
2026-03-03 20:18:49,092 INFO Row 481: chunking disabled, using 1 chunk
2026-03-03 20:18:49,096 INFO Row 482: chunking disabled, using 1 chunk
2026-03-03 20:18:49,100 INFO Row 483: chunking disabled, using 1 chunk
2026-03-03 20:18:49,108 INFO Row 484: chunking disabled, using 1 chunk
2026-03-03 20:18:49,115 INFO Row 485: chunking disabled, using 1 chunk
2026-03-03 20:18:49,118 INFO Row 486: chunking disabled, using 1 chunk
2026-03-03 20:18:49,122 INFO Row 487: chunking disabled, using 1 chunk
2026-03-03 20:18:49,126 INFO Row 488: chunking disabled, using 1 chunk
2026-03-03 20:18:49,128 INFO Row 489: chunking disabled, using 1 chunk
2026-03-03 20:18:49,130 INFO Row 490: chunking disabled, using 1 chunk
2026-03-03 20:18:49,132 INFO Row 491: chunking disabled, using 1 chunk
2026-03-03 20:18:49,134 INFO Row 492: chunking disabled, using 1 chunk
2026-03-03 20:18:49,136 INFO Row 493: chunking disabled, using 1 chunk
2026-03-03 20:18:49,138 INFO Row 494: chunking disabled, using 1 chunk
2026-03-03 20:18:49,142 INFO Row 495: chunking disabled, using 1 chunk
2026-03-03 20:18:49,144 INFO Row 496: chunking disabled, using 1 chunk
2026-03-03 20:18:49,153 INFO Row 497: chunking disabled, using 1 chunk
2026-03-03 20:18:49,156 INFO Row 498: chunking disabled, using 1 chunk
2026-03-03 20:18:49,159 INFO Row 499: chunking disabled, using 1 chunk
2026-03-03 20:18:49,165 INFO Row 500: chunking disabled, using 1 chunk
2026-03-03 20:18:49,169 INFO Row 501: chunking disabled, using 1 chunk
2026-03-03 20:18:49,174 INFO Row 502: chunking disabled, using 1 chunk
2026-03-03 20:18:49,178 INFO Row 503: chunking disabled, using 1 chunk
2026-03-03 20:18:49,183 INFO Row 504: chunking disabled, using 1 chunk
2026-03-03 20:18:49,186 INFO Row 505: chunking disabled, using 1 chunk
2026-03-03 20:18:49,189 INFO Row 506: chunking disabled, using 1 chunk
2026-03-03 20:18:49,192 INFO Row 507: chunking disabled, using 1 chunk
2026-03-03 20:18:49,195 INFO Row 508: chunking disabled, using 1 chunk
2026-03-03 20:18:49,198 INFO Row 509: chunking disabled, using 1 chunk
2026-03-03 20:18:49,201 INFO Row 510: chunking disabled, using 1 chunk
2026-03-03 20:18:49,204 INFO Row 511: chunking disabled, using 1 chunk
2026-03-03 20:18:49,207 INFO Row 512: chunking disabled, using 1 chunk
2026-03-03 20:18:49,210 INFO Row 513: chunking disabled, using 1 chunk
2026-03-03 20:18:49,213 INFO Row 514: chunking disabled, using 1 chunk
2026-03-03 20:18:49,216 INFO Row 515: chunking disabled, using 1 chunk
2026-03-03 20:18:49,219 INFO Row 516: chunking disabled, using 1 chunk
2026-03-03 20:18:49,222 INFO Row 517: chunking disabled, using 1 chunk
2026-03-03 20:18:49,225 INFO Row 518: chunking disabled, using 1 chunk
2026-03-03 20:18:49,232 INFO Row 519: chunking disabled, using 1 chunk
2026-03-03 20:18:49,236 INFO Row 520: chunking disabled, using 1 chunk
2026-03-03 20:18:49,239 INFO Row 521: chunking disabled, using 1 chunk
2026-03-03 20:18:49,242 INFO Row 522: chunking disabled, using 1 chunk
2026-03-03 20:18:49,245 INFO Row 523: chunking disabled, using 1 chunk
2026-03-03 20:18:49,251 INFO Row 524: chunking disabled, using 1 chunk
2026-03-03 20:18:49,255 INFO Row 525: chunking disabled, using 1 chunk
2026-03-03 20:18:49,258 INFO Row 526: chunking disabled, using 1 chunk
2026-03-03 20:18:49,262 INFO Row 527: chunking disabled, using 1 chunk
2026-03-03 20:18:49,265 INFO Row 528: chunking disabled, using 1 chunk
2026-03-03 20:18:49,268 INFO Row 529: chunking disabled, using 1 chunk
2026-03-03 20:18:49,272 INFO Row 530: chunking disabled, using 1 chunk
2026-03-03 20:18:49,276 INFO Row 531: chunking disabled, using 1 chunk
2026-03-03 20:18:49,280 INFO Row 532: chunking disabled, using 1 chunk
2026-03-03 20:18:49,283 INFO Row 533: chunking disabled, using 1 chunk
2026-03-03 20:18:49,288 INFO Row 534: chunking disabled, using 1 chunk
2026-03-03 20:18:49,297 INFO Row 535: chunking disabled, using 1 chunk
2026-03-03 20:18:49,301 INFO Row 536: chunking disabled, using 1 chunk
2026-03-03 20:18:49,305 INFO Row 537: chunking disabled, using 1 chunk
2026-03-03 20:18:49,309 INFO Row 538: chunking disabled, using 1 chunk
2026-03-03 20:18:49,312 INFO Row 539: chunking disabled, using 1 chunk
2026-03-03 20:18:49,315 INFO Row 540: chunking disabled, using 1 chunk
2026-03-03 20:18:49,319 INFO Row 541: chunking disabled, using 1 chunk
2026-03-03 20:18:49,322 INFO Row 542: chunking disabled, using 1 chunk
2026-03-03 20:18:49,325 INFO Row 543: chunking disabled, using 1 chunk
2026-03-03 20:18:49,328 INFO Row 544: chunking disabled, using 1 chunk
2026-03-03 20:18:49,331 INFO Row 545: chunking disabled, using 1 chunk
2026-03-03 20:18:49,333 INFO Row 546: chunking disabled, using 1 chunk
2026-03-03 20:18:49,336 INFO Row 547: chunking disabled, using 1 chunk
2026-03-03 20:18:49,338 INFO Row 548: chunking disabled, using 1 chunk
2026-03-03 20:18:49,341 INFO Row 549: chunking disabled, using 1 chunk
2026-03-03 20:18:49,344 INFO Row 550: chunking disabled, using 1 chunk
2026-03-03 20:18:49,346 INFO Row 551: chunking disabled, using 1 chunk
2026-03-03 20:18:49,349 INFO Row 552: chunking disabled, using 1 chunk
2026-03-03 20:18:49,352 INFO Row 553: chunking disabled, using 1 chunk
2026-03-03 20:18:49,355 INFO Row 554: chunking disabled, using 1 chunk
2026-03-03 20:18:49,359 INFO Row 555: chunking disabled, using 1 chunk
2026-03-03 20:18:49,362 INFO Row 556: chunking disabled, using 1 chunk
2026-03-03 20:18:49,367 INFO Row 557: chunking disabled, using 1 chunk
2026-03-03 20:18:49,370 INFO Row 558: chunking disabled, using 1 chunk
2026-03-03 20:18:49,373 INFO Row 559: chunking disabled, using 1 chunk
2026-03-03 20:18:49,377 INFO Row 560: chunking disabled, using 1 chunk
2026-03-03 20:18:49,380 INFO Row 561: chunking disabled, using 1 chunk
2026-03-03 20:18:49,383 INFO Row 562: chunking disabled, using 1 chunk
2026-03-03 20:18:49,386 INFO Row 563: chunking disabled, using 1 chunk
2026-03-03 20:18:49,389 INFO Row 564: chunking disabled, using 1 chunk
2026-03-03 20:18:49,393 INFO Row 565: chunking disabled, using 1 chunk
2026-03-03 20:18:49,397 INFO Row 566: chunking disabled, using 1 chunk
2026-03-03 20:18:49,399 INFO Row 567: chunking disabled, using 1 chunk
2026-03-03 20:18:49,402 INFO Row 568: chunking disabled, using 1 chunk
2026-03-03 20:18:49,405 INFO Row 569: chunking disabled, using 1 chunk
2026-03-03 20:18:49,408 INFO Row 570: chunking disabled, using 1 chunk
2026-03-03 20:18:49,411 INFO Row 571: chunking disabled, using 1 chunk
2026-03-03 20:18:49,414 INFO Row 572: chunking disabled, using 1 chunk
2026-03-03 20:18:49,417 INFO Row 573: chunking disabled, using 1 chunk
2026-03-03 20:18:49,420 INFO Row 574: chunking disabled, using 1 chunk
2026-03-03 20:18:49,424 INFO Row 575: chunking disabled, using 1 chunk
2026-03-03 20:18:49,427 INFO Row 576: chunking disabled, using 1 chunk
2026-03-03 20:18:49,430 INFO Row 577: chunking disabled, using 1 chunk
2026-03-03 20:18:49,434 INFO Row 578: chunking disabled, using 1 chunk
2026-03-03 20:18:49,437 INFO Row 579: chunking disabled, using 1 chunk
2026-03-03 20:18:49,441 INFO Row 580: chunking disabled, using 1 chunk
2026-03-03 20:18:49,443 INFO Row 581: chunking disabled, using 1 chunk
2026-03-03 20:18:49,446 INFO Row 582: chunking disabled, using 1 chunk
2026-03-03 20:18:49,449 INFO Row 583: chunking disabled, using 1 chunk
2026-03-03 20:18:49,452 INFO Row 584: chunking disabled, using 1 chunk
2026-03-03 20:18:49,455 INFO Row 585: chunking disabled, using 1 chunk
2026-03-03 20:18:49,458 INFO Row 586: chunking disabled, using 1 chunk
2026-03-03 20:18:49,461 INFO Row 587: chunking disabled, using 1 chunk
2026-03-03 20:18:49,464 INFO Row 588: chunking disabled, using 1 chunk
2026-03-03 20:18:49,467 INFO Row 589: chunking disabled, using 1 chunk
2026-03-03 20:18:49,470 INFO Row 590: chunking disabled, using 1 chunk
2026-03-03 20:18:49,473 INFO Row 591: chunking disabled, using 1 chunk
2026-03-03 20:18:49,476 INFO Row 592: chunking disabled, using 1 chunk
2026-03-03 20:18:49,479 INFO Row 593: chunking disabled, using 1 chunk
2026-03-03 20:18:49,483 INFO Row 594: chunking disabled, using 1 chunk
2026-03-03 20:18:49,486 INFO Row 595: chunking disabled, using 1 chunk
2026-03-03 20:18:49,488 INFO Row 596: chunking disabled, using 1 chunk
2026-03-03 20:18:49,491 INFO Row 597: chunking disabled, using 1 chunk
2026-03-03 20:18:49,494 INFO Row 598: chunking disabled, using 1 chunk
2026-03-03 20:18:49,497 INFO Row 599: chunking disabled, using 1 chunk
2026-03-03 20:18:49,502 INFO Row 600: chunking disabled, using 1 chunk
2026-03-03 20:18:49,505 INFO Row 601: chunking disabled, using 1 chunk
2026-03-03 20:18:49,508 INFO Row 602: chunking disabled, using 1 chunk
2026-03-03 20:18:49,511 INFO Row 603: chunking disabled, using 1 chunk
2026-03-03 20:18:49,513 INFO Row 604: chunking disabled, using 1 chunk
2026-03-03 20:18:49,516 INFO Row 605: chunking disabled, using 1 chunk
2026-03-03 20:18:49,518 INFO Row 606: chunking disabled, using 1 chunk
2026-03-03 20:18:49,520 INFO Row 607: chunking disabled, using 1 chunk
2026-03-03 20:18:49,522 INFO Row 608: chunking disabled, using 1 chunk
2026-03-03 20:18:49,525 INFO Row 609: chunking disabled, using 1 chunk
2026-03-03 20:18:49,530 INFO Row 610: chunking disabled, using 1 chunk
2026-03-03 20:18:49,533 INFO Row 611: chunking disabled, using 1 chunk
2026-03-03 20:18:49,537 INFO Row 612: chunking disabled, using 1 chunk
2026-03-03 20:18:49,540 INFO Row 613: chunking disabled, using 1 chunk
2026-03-03 20:18:49,543 INFO Row 614: chunking disabled, using 1 chunk
2026-03-03 20:18:49,546 INFO Row 615: chunking disabled, using 1 chunk
2026-03-03 20:18:49,549 INFO Row 616: chunking disabled, using 1 chunk
2026-03-03 20:18:49,552 INFO Row 617: chunking disabled, using 1 chunk
2026-03-03 20:18:49,554 INFO Row 618: chunking disabled, using 1 chunk
2026-03-03 20:18:49,558 INFO Row 619: chunking disabled, using 1 chunk
2026-03-03 20:18:49,561 INFO Row 620: chunking disabled, using 1 chunk
2026-03-03 20:18:49,564 INFO Row 621: chunking disabled, using 1 chunk
2026-03-03 20:18:49,570 INFO Row 622: chunking disabled, using 1 chunk
2026-03-03 20:18:49,573 INFO Row 623: chunking disabled, using 1 chunk
2026-03-03 20:18:49,575 INFO Row 624: chunking disabled, using 1 chunk
2026-03-03 20:18:49,579 INFO Row 625: chunking disabled, using 1 chunk
2026-03-03 20:18:49,582 INFO Row 626: chunking disabled, using 1 chunk
2026-03-03 20:18:49,585 INFO Row 627: chunking disabled, using 1 chunk
2026-03-03 20:18:49,588 INFO Row 628: chunking disabled, using 1 chunk
2026-03-03 20:18:49,591 INFO Row 629: chunking disabled, using 1 chunk
2026-03-03 20:18:49,594 INFO Row 630: chunking disabled, using 1 chunk
2026-03-03 20:18:49,597 INFO Row 631: chunking disabled, using 1 chunk
2026-03-03 20:18:49,600 INFO Row 632: chunking disabled, using 1 chunk
2026-03-03 20:18:49,603 INFO Row 633: chunking disabled, using 1 chunk
2026-03-03 20:18:49,607 INFO Row 634: chunking disabled, using 1 chunk
2026-03-03 20:18:49,610 INFO Row 635: chunking disabled, using 1 chunk
2026-03-03 20:18:49,613 INFO Row 636: chunking disabled, using 1 chunk
2026-03-03 20:18:49,616 INFO Row 637: chunking disabled, using 1 chunk
2026-03-03 20:18:49,620 INFO Row 638: chunking disabled, using 1 chunk
2026-03-03 20:18:49,622 INFO Row 639: chunking disabled, using 1 chunk
2026-03-03 20:18:49,625 INFO Row 640: chunking disabled, using 1 chunk
2026-03-03 20:18:49,628 INFO Row 641: chunking disabled, using 1 chunk
2026-03-03 20:18:49,631 INFO Row 642: chunking disabled, using 1 chunk
2026-03-03 20:18:49,634 INFO Row 643: chunking disabled, using 1 chunk
2026-03-03 20:18:49,641 INFO Row 644: chunking disabled, using 1 chunk
2026-03-03 20:18:49,644 INFO Row 645: chunking disabled, using 1 chunk
2026-03-03 20:18:49,651 INFO Row 646: chunking disabled, using 1 chunk
2026-03-03 20:18:49,654 INFO Row 647: chunking disabled, using 1 chunk
2026-03-03 20:18:49,657 INFO Row 648: chunking disabled, using 1 chunk
2026-03-03 20:18:49,659 INFO Row 649: chunking disabled, using 1 chunk
2026-03-03 20:18:49,662 INFO Row 650: chunking disabled, using 1 chunk
2026-03-03 20:18:49,665 INFO Row 651: chunking disabled, using 1 chunk
2026-03-03 20:18:49,669 INFO Row 652: chunking disabled, using 1 chunk
2026-03-03 20:18:49,672 INFO Row 653: chunking disabled, using 1 chunk
2026-03-03 20:18:49,675 INFO Row 654: chunking disabled, using 1 chunk
2026-03-03 20:18:49,678 INFO Row 655: chunking disabled, using 1 chunk
2026-03-03 20:18:49,681 INFO Row 656: chunking disabled, using 1 chunk
2026-03-03 20:18:49,684 INFO Row 657: chunking disabled, using 1 chunk
2026-03-03 20:18:49,687 INFO Row 658: chunking disabled, using 1 chunk
2026-03-03 20:18:49,690 INFO Row 659: chunking disabled, using 1 chunk
2026-03-03 20:18:49,694 INFO Row 660: chunking disabled, using 1 chunk
2026-03-03 20:18:49,697 INFO Row 661: chunking disabled, using 1 chunk
2026-03-03 20:18:49,698 INFO Row 662: chunking disabled, using 1 chunk
2026-03-03 20:18:49,700 INFO Row 663: chunking disabled, using 1 chunk
2026-03-03 20:18:49,702 INFO Row 664: chunking disabled, using 1 chunk
2026-03-03 20:18:49,704 INFO Row 665: chunking disabled, using 1 chunk
2026-03-03 20:18:49,706 INFO Row 666: chunking disabled, using 1 chunk
2026-03-03 20:18:49,708 INFO Row 667: chunking disabled, using 1 chunk
2026-03-03 20:18:49,711 INFO Row 668: chunking disabled, using 1 chunk
2026-03-03 20:18:49,714 INFO Row 669: chunking disabled, using 1 chunk
2026-03-03 20:18:49,719 INFO Row 670: chunking disabled, using 1 chunk
2026-03-03 20:18:49,722 INFO Row 671: chunking disabled, using 1 chunk
2026-03-03 20:18:49,730 INFO Row 672: chunking disabled, using 1 chunk
2026-03-03 20:18:49,733 INFO Row 673: chunking disabled, using 1 chunk
2026-03-03 20:18:49,736 INFO Row 674: chunking disabled, using 1 chunk
2026-03-03 20:18:49,739 INFO Row 675: chunking disabled, using 1 chunk
2026-03-03 20:18:49,742 INFO Row 676: chunking disabled, using 1 chunk
2026-03-03 20:18:49,746 INFO Row 677: chunking disabled, using 1 chunk
2026-03-03 20:18:49,748 INFO Row 678: chunking disabled, using 1 chunk
2026-03-03 20:18:49,751 INFO Row 679: chunking disabled, using 1 chunk
2026-03-03 20:18:49,758 INFO Row 680: chunking disabled, using 1 chunk
2026-03-03 20:18:49,761 INFO Row 681: chunking disabled, using 1 chunk
2026-03-03 20:18:49,764 INFO Row 682: chunking disabled, using 1 chunk
2026-03-03 20:18:49,768 INFO Row 683: chunking disabled, using 1 chunk
2026-03-03 20:18:49,771 INFO Row 684: chunking disabled, using 1 chunk
2026-03-03 20:18:49,774 INFO Row 685: chunking disabled, using 1 chunk
2026-03-03 20:18:49,778 INFO Row 686: chunking disabled, using 1 chunk
2026-03-03 20:18:49,781 INFO Row 687: chunking disabled, using 1 chunk
2026-03-03 20:18:49,784 INFO Row 688: chunking disabled, using 1 chunk
2026-03-03 20:18:49,786 INFO Row 689: chunking disabled, using 1 chunk
2026-03-03 20:18:49,790 INFO Row 690: chunking disabled, using 1 chunk
2026-03-03 20:18:49,793 INFO Row 691: chunking disabled, using 1 chunk
2026-03-03 20:18:49,799 INFO Row 692: chunking disabled, using 1 chunk
2026-03-03 20:18:49,803 INFO Row 693: chunking disabled, using 1 chunk
2026-03-03 20:18:49,808 INFO Row 694: chunking disabled, using 1 chunk
2026-03-03 20:18:49,812 INFO Row 695: chunking disabled, using 1 chunk
2026-03-03 20:18:49,814 INFO Row 696: chunking disabled, using 1 chunk
2026-03-03 20:18:49,818 INFO Row 697: chunking disabled, using 1 chunk
2026-03-03 20:18:49,821 INFO Row 698: chunking disabled, using 1 chunk
2026-03-03 20:18:49,824 INFO Row 699: chunking disabled, using 1 chunk
2026-03-03 20:18:49,827 INFO Row 700: chunking disabled, using 1 chunk
2026-03-03 20:18:49,830 INFO Row 701: chunking disabled, using 1 chunk
2026-03-03 20:18:49,833 INFO Row 702: chunking disabled, using 1 chunk
2026-03-03 20:18:49,836 INFO Row 703: chunking disabled, using 1 chunk
2026-03-03 20:18:49,839 INFO Row 704: chunking disabled, using 1 chunk
2026-03-03 20:18:49,842 INFO Row 705: chunking disabled, using 1 chunk
2026-03-03 20:18:49,846 INFO Row 706: chunking disabled, using 1 chunk
2026-03-03 20:18:49,851 INFO Row 707: chunking disabled, using 1 chunk
2026-03-03 20:18:49,855 INFO Row 708: chunking disabled, using 1 chunk
2026-03-03 20:18:49,858 INFO Row 709: chunking disabled, using 1 chunk
2026-03-03 20:18:49,861 INFO Row 710: chunking disabled, using 1 chunk
2026-03-03 20:18:49,864 INFO Row 711: chunking disabled, using 1 chunk
2026-03-03 20:18:49,867 INFO Row 712: chunking disabled, using 1 chunk
2026-03-03 20:18:49,872 INFO Row 713: chunking disabled, using 1 chunk
2026-03-03 20:18:49,875 INFO Row 714: chunking disabled, using 1 chunk
2026-03-03 20:18:49,878 INFO Row 715: chunking disabled, using 1 chunk
2026-03-03 20:18:49,881 INFO Row 716: chunking disabled, using 1 chunk
2026-03-03 20:18:49,885 INFO Row 717: chunking disabled, using 1 chunk
2026-03-03 20:18:49,888 INFO Row 718: chunking disabled, using 1 chunk
2026-03-03 20:18:49,891 INFO Row 719: chunking disabled, using 1 chunk
2026-03-03 20:18:49,893 INFO Row 720: chunking disabled, using 1 chunk
2026-03-03 20:18:49,895 INFO Row 721: chunking disabled, using 1 chunk
2026-03-03 20:18:49,896 INFO Row 722: chunking disabled, using 1 chunk
2026-03-03 20:18:49,898 INFO Row 723: chunking disabled, using 1 chunk
2026-03-03 20:18:49,900 INFO Row 724: chunking disabled, using 1 chunk
2026-03-03 20:18:49,903 INFO Row 725: chunking disabled, using 1 chunk
2026-03-03 20:18:49,906 INFO Row 726: chunking disabled, using 1 chunk
2026-03-03 20:18:49,909 INFO Row 727: chunking disabled, using 1 chunk
2026-03-03 20:18:49,912 INFO Row 728: chunking disabled, using 1 chunk
2026-03-03 20:18:49,915 INFO Row 729: chunking disabled, using 1 chunk
2026-03-03 20:18:49,920 INFO Row 730: chunking disabled, using 1 chunk
2026-03-03 20:18:49,923 INFO Row 731: chunking disabled, using 1 chunk
2026-03-03 20:18:49,926 INFO Row 732: chunking disabled, using 1 chunk
2026-03-03 20:18:49,929 INFO Row 733: chunking disabled, using 1 chunk
2026-03-03 20:18:49,931 INFO Row 734: chunking disabled, using 1 chunk
2026-03-03 20:18:49,934 INFO Row 735: chunking disabled, using 1 chunk
2026-03-03 20:18:49,943 INFO Row 736: chunking disabled, using 1 chunk
2026-03-03 20:18:49,945 INFO Row 737: chunking disabled, using 1 chunk
2026-03-03 20:18:49,949 INFO Row 738: chunking disabled, using 1 chunk
2026-03-03 20:18:49,952 INFO Row 739: chunking disabled, using 1 chunk
2026-03-03 20:18:49,955 INFO Row 740: chunking disabled, using 1 chunk
2026-03-03 20:18:49,958 INFO Row 741: chunking disabled, using 1 chunk
2026-03-03 20:18:49,961 INFO Row 742: chunking disabled, using 1 chunk
2026-03-03 20:18:49,965 INFO Row 743: chunking disabled, using 1 chunk
2026-03-03 20:18:49,968 INFO Row 744: chunking disabled, using 1 chunk
2026-03-03 20:18:49,971 INFO Row 745: chunking disabled, using 1 chunk
2026-03-03 20:18:49,974 INFO Row 746: chunking disabled, using 1 chunk
2026-03-03 20:18:49,976 INFO Row 747: chunking disabled, using 1 chunk
2026-03-03 20:18:49,980 INFO Row 748: chunking disabled, using 1 chunk
2026-03-03 20:18:49,983 INFO Row 749: chunking disabled, using 1 chunk
2026-03-03 20:18:49,986 INFO Row 750: chunking disabled, using 1 chunk
2026-03-03 20:18:49,989 INFO Row 751: chunking disabled, using 1 chunk
2026-03-03 20:18:49,993 INFO Row 752: chunking disabled, using 1 chunk
2026-03-03 20:18:49,996 INFO Row 753: chunking disabled, using 1 chunk
2026-03-03 20:18:49,999 INFO Row 754: chunking disabled, using 1 chunk
2026-03-03 20:18:50,007 INFO Row 755: chunking disabled, using 1 chunk
2026-03-03 20:18:50,010 INFO Row 756: chunking disabled, using 1 chunk
2026-03-03 20:18:50,013 INFO Row 757: chunking disabled, using 1 chunk
2026-03-03 20:18:50,020 INFO Row 758: chunking disabled, using 1 chunk
2026-03-03 20:18:50,023 INFO Row 759: chunking disabled, using 1 chunk
2026-03-03 20:18:50,026 INFO Row 760: chunking disabled, using 1 chunk
2026-03-03 20:18:50,029 INFO Row 761: chunking disabled, using 1 chunk
2026-03-03 20:18:50,033 INFO Row 762: chunking disabled, using 1 chunk
2026-03-03 20:18:50,036 INFO Row 763: chunking disabled, using 1 chunk
2026-03-03 20:18:50,039 INFO Row 764: chunking disabled, using 1 chunk
2026-03-03 20:18:50,042 INFO Row 765: chunking disabled, using 1 chunk
2026-03-03 20:18:50,045 INFO Row 766: chunking disabled, using 1 chunk
2026-03-03 20:18:50,048 INFO Row 767: chunking disabled, using 1 chunk
2026-03-03 20:18:50,051 INFO Row 768: chunking disabled, using 1 chunk
2026-03-03 20:18:50,054 INFO Row 769: chunking disabled, using 1 chunk
2026-03-03 20:18:50,057 INFO Row 770: chunking disabled, using 1 chunk
2026-03-03 20:18:50,061 INFO Row 771: chunking disabled, using 1 chunk
2026-03-03 20:18:50,064 INFO Row 772: chunking disabled, using 1 chunk
2026-03-03 20:18:50,070 INFO Row 773: chunking disabled, using 1 chunk
2026-03-03 20:18:50,076 INFO Row 774: chunking disabled, using 1 chunk
2026-03-03 20:18:50,081 INFO Row 775: chunking disabled, using 1 chunk
2026-03-03 20:18:50,084 INFO Row 776: chunking disabled, using 1 chunk
2026-03-03 20:18:50,085 INFO Row 777: chunking disabled, using 1 chunk
2026-03-03 20:18:50,087 INFO Row 778: chunking disabled, using 1 chunk
2026-03-03 20:18:50,089 INFO Row 779: chunking disabled, using 1 chunk
2026-03-03 20:18:50,091 INFO Row 780: chunking disabled, using 1 chunk
2026-03-03 20:18:50,093 INFO Row 781: chunking disabled, using 1 chunk
2026-03-03 20:18:50,095 INFO Row 782: chunking disabled, using 1 chunk
2026-03-03 20:18:50,099 INFO Row 783: chunking disabled, using 1 chunk
2026-03-03 20:18:50,102 INFO Row 784: chunking disabled, using 1 chunk
2026-03-03 20:18:50,105 INFO Row 785: chunking disabled, using 1 chunk
2026-03-03 20:18:50,108 INFO Row 786: chunking disabled, using 1 chunk
2026-03-03 20:18:50,111 INFO Row 787: chunking disabled, using 1 chunk
2026-03-03 20:18:50,114 INFO Row 788: chunking disabled, using 1 chunk
2026-03-03 20:18:50,117 INFO Row 789: chunking disabled, using 1 chunk
2026-03-03 20:18:50,120 INFO Row 790: chunking disabled, using 1 chunk
2026-03-03 20:18:50,123 INFO Row 791: chunking disabled, using 1 chunk
2026-03-03 20:18:50,127 INFO Row 792: chunking disabled, using 1 chunk
2026-03-03 20:18:50,131 INFO Row 793: chunking disabled, using 1 chunk
2026-03-03 20:18:50,134 INFO Row 794: chunking disabled, using 1 chunk
2026-03-03 20:18:50,138 INFO Row 795: chunking disabled, using 1 chunk
2026-03-03 20:18:50,146 INFO Row 796: chunking disabled, using 1 chunk
2026-03-03 20:18:50,149 INFO Row 797: chunking disabled, using 1 chunk
2026-03-03 20:18:50,152 INFO Row 798: chunking disabled, using 1 chunk
2026-03-03 20:18:50,155 INFO Row 799: chunking disabled, using 1 chunk
2026-03-03 20:18:50,158 INFO Row 800: chunking disabled, using 1 chunk
2026-03-03 20:18:50,162 INFO Row 801: chunking disabled, using 1 chunk
2026-03-03 20:18:50,165 INFO Row 802: chunking disabled, using 1 chunk
2026-03-03 20:18:50,168 INFO Row 803: chunking disabled, using 1 chunk
2026-03-03 20:18:50,172 INFO Row 804: chunking disabled, using 1 chunk
2026-03-03 20:18:50,176 INFO Row 805: chunking disabled, using 1 chunk
2026-03-03 20:18:50,180 INFO Row 806: chunking disabled, using 1 chunk
2026-03-03 20:18:50,183 INFO Row 807: chunking disabled, using 1 chunk
2026-03-03 20:18:50,189 INFO Row 808: chunking disabled, using 1 chunk
2026-03-03 20:18:50,193 INFO Row 809: chunking disabled, using 1 chunk
2026-03-03 20:18:50,196 INFO Row 810: chunking disabled, using 1 chunk
2026-03-03 20:18:50,199 INFO Row 811: chunking disabled, using 1 chunk
2026-03-03 20:18:50,203 INFO Row 812: chunking disabled, using 1 chunk
2026-03-03 20:18:50,206 INFO Row 813: chunking disabled, using 1 chunk
2026-03-03 20:18:50,210 INFO Row 814: chunking disabled, using 1 chunk
2026-03-03 20:18:50,213 INFO Row 815: chunking disabled, using 1 chunk
2026-03-03 20:18:50,216 INFO Row 816: chunking disabled, using 1 chunk
2026-03-03 20:18:50,232 INFO Row 817: chunking disabled, using 1 chunk
2026-03-03 20:18:50,234 INFO Row 818: chunking disabled, using 1 chunk
2026-03-03 20:18:50,247 INFO Row 819: chunking disabled, using 1 chunk
2026-03-03 20:18:50,251 INFO Row 820: chunking disabled, using 1 chunk
2026-03-03 20:18:50,254 INFO Row 821: chunking disabled, using 1 chunk
2026-03-03 20:18:50,256 INFO Row 822: chunking disabled, using 1 chunk
2026-03-03 20:18:50,259 INFO Row 823: chunking disabled, using 1 chunk
2026-03-03 20:18:50,262 INFO Row 824: chunking disabled, using 1 chunk
2026-03-03 20:18:50,266 INFO Row 825: chunking disabled, using 1 chunk
2026-03-03 20:18:50,269 INFO Row 826: chunking disabled, using 1 chunk
2026-03-03 20:18:50,273 INFO Row 827: chunking disabled, using 1 chunk
2026-03-03 20:18:50,275 INFO Row 828: chunking disabled, using 1 chunk
2026-03-03 20:18:50,278 INFO Row 829: chunking disabled, using 1 chunk
2026-03-03 20:18:50,282 INFO Row 830: chunking disabled, using 1 chunk
2026-03-03 20:18:50,286 INFO Row 831: chunking disabled, using 1 chunk
2026-03-03 20:18:50,292 INFO Row 832: chunking disabled, using 1 chunk
2026-03-03 20:18:50,295 INFO Row 833: chunking disabled, using 1 chunk
2026-03-03 20:18:50,298 INFO Row 834: chunking disabled, using 1 chunk
2026-03-03 20:18:50,300 INFO Row 835: chunking disabled, using 1 chunk
2026-03-03 20:18:50,302 INFO Row 836: chunking disabled, using 1 chunk
2026-03-03 20:18:50,304 INFO Row 837: chunking disabled, using 1 chunk
2026-03-03 20:18:50,305 INFO Row 838: chunking disabled, using 1 chunk
2026-03-03 20:18:50,308 INFO Row 839: chunking disabled, using 1 chunk
2026-03-03 20:18:50,310 INFO Row 840: chunking disabled, using 1 chunk
2026-03-03 20:18:50,313 INFO Row 841: chunking disabled, using 1 chunk
2026-03-03 20:18:50,315 INFO Row 842: chunking disabled, using 1 chunk
2026-03-03 20:18:50,319 INFO Row 843: chunking disabled, using 1 chunk
2026-03-03 20:18:50,322 INFO Row 844: chunking disabled, using 1 chunk
2026-03-03 20:18:50,326 INFO Row 845: chunking disabled, using 1 chunk
2026-03-03 20:18:50,329 INFO Row 846: chunking disabled, using 1 chunk
2026-03-03 20:18:50,332 INFO Row 847: chunking disabled, using 1 chunk
2026-03-03 20:18:50,336 INFO Row 848: chunking disabled, using 1 chunk
2026-03-03 20:18:50,339 INFO Row 849: chunking disabled, using 1 chunk
2026-03-03 20:18:50,342 INFO Row 850: chunking disabled, using 1 chunk
2026-03-03 20:18:50,345 INFO Row 851: chunking disabled, using 1 chunk
2026-03-03 20:18:50,348 INFO Row 852: chunking disabled, using 1 chunk
2026-03-03 20:18:50,351 INFO Row 853: chunking disabled, using 1 chunk
2026-03-03 20:18:50,354 INFO Row 854: chunking disabled, using 1 chunk
2026-03-03 20:18:50,357 INFO Row 855: chunking disabled, using 1 chunk
2026-03-03 20:18:50,360 INFO Row 856: chunking disabled, using 1 chunk
2026-03-03 20:18:50,363 INFO Row 857: chunking disabled, using 1 chunk
2026-03-03 20:18:50,366 INFO Row 858: chunking disabled, using 1 chunk
2026-03-03 20:18:50,369 INFO Row 859: chunking disabled, using 1 chunk
2026-03-03 20:18:50,372 INFO Row 860: chunking disabled, using 1 chunk
2026-03-03 20:18:50,374 INFO Row 861: chunking disabled, using 1 chunk
2026-03-03 20:18:50,378 INFO Row 862: chunking disabled, using 1 chunk
2026-03-03 20:18:50,381 INFO Row 863: chunking disabled, using 1 chunk
2026-03-03 20:18:50,384 INFO Row 864: chunking disabled, using 1 chunk
2026-03-03 20:18:50,387 INFO Row 865: chunking disabled, using 1 chunk
2026-03-03 20:18:50,390 INFO Row 866: chunking disabled, using 1 chunk
2026-03-03 20:18:50,393 INFO Row 867: chunking disabled, using 1 chunk
2026-03-03 20:18:50,396 INFO Row 868: chunking disabled, using 1 chunk
2026-03-03 20:18:50,399 INFO Row 869: chunking disabled, using 1 chunk
2026-03-03 20:18:50,401 INFO Row 870: chunking disabled, using 1 chunk
2026-03-03 20:18:50,404 INFO Row 871: chunking disabled, using 1 chunk
2026-03-03 20:18:50,408 INFO Row 872: chunking disabled, using 1 chunk
2026-03-03 20:18:50,410 INFO Row 873: chunking disabled, using 1 chunk
2026-03-03 20:18:50,413 INFO Row 874: chunking disabled, using 1 chunk
2026-03-03 20:18:50,416 INFO Row 875: chunking disabled, using 1 chunk
2026-03-03 20:18:50,419 INFO Row 876: chunking disabled, using 1 chunk
2026-03-03 20:18:50,422 INFO Row 877: chunking disabled, using 1 chunk
2026-03-03 20:18:50,425 INFO Row 878: chunking disabled, using 1 chunk
2026-03-03 20:18:50,428 INFO Row 879: chunking disabled, using 1 chunk
2026-03-03 20:18:50,431 INFO Row 880: chunking disabled, using 1 chunk
2026-03-03 20:18:50,434 INFO Row 881: chunking disabled, using 1 chunk
2026-03-03 20:18:50,437 INFO Row 882: chunking disabled, using 1 chunk
2026-03-03 20:18:50,440 INFO Row 883: chunking disabled, using 1 chunk
2026-03-03 20:18:50,442 INFO Row 884: chunking disabled, using 1 chunk
2026-03-03 20:18:50,445 INFO Row 885: chunking disabled, using 1 chunk
2026-03-03 20:18:50,450 INFO Row 886: chunking disabled, using 1 chunk
2026-03-03 20:18:50,453 INFO Row 887: chunking disabled, using 1 chunk
2026-03-03 20:18:50,459 INFO Row 888: chunking disabled, using 1 chunk
2026-03-03 20:18:50,462 INFO Row 889: chunking disabled, using 1 chunk
2026-03-03 20:18:50,465 INFO Row 890: chunking disabled, using 1 chunk
2026-03-03 20:18:50,469 INFO Row 891: chunking disabled, using 1 chunk
2026-03-03 20:18:50,472 INFO Row 892: chunking disabled, using 1 chunk
2026-03-03 20:18:50,474 INFO Row 893: chunking disabled, using 1 chunk
2026-03-03 20:18:50,476 INFO Row 894: chunking disabled, using 1 chunk
2026-03-03 20:18:50,479 INFO Row 895: chunking disabled, using 1 chunk
2026-03-03 20:18:50,481 INFO Row 896: chunking disabled, using 1 chunk
2026-03-03 20:18:50,488 INFO Row 897: chunking disabled, using 1 chunk
2026-03-03 20:18:50,490 INFO Row 898: chunking disabled, using 1 chunk
2026-03-03 20:18:50,498 INFO Row 899: chunking disabled, using 1 chunk
2026-03-03 20:18:50,507 INFO Row 900: chunking disabled, using 1 chunk
2026-03-03 20:18:50,513 INFO Row 901: chunking disabled, using 1 chunk
2026-03-03 20:18:50,515 INFO Row 902: chunking disabled, using 1 chunk
2026-03-03 20:18:50,519 INFO Row 903: chunking disabled, using 1 chunk
2026-03-03 20:18:50,526 INFO Row 904: chunking disabled, using 1 chunk
2026-03-03 20:18:50,530 INFO Row 905: chunking disabled, using 1 chunk
2026-03-03 20:18:50,535 INFO Row 906: chunking disabled, using 1 chunk
2026-03-03 20:18:50,537 INFO Row 907: chunking disabled, using 1 chunk
2026-03-03 20:18:50,542 INFO Row 908: chunking disabled, using 1 chunk
2026-03-03 20:18:50,545 INFO Row 909: chunking disabled, using 1 chunk
2026-03-03 20:18:50,548 INFO Row 910: chunking disabled, using 1 chunk
2026-03-03 20:18:50,552 INFO Row 911: chunking disabled, using 1 chunk
2026-03-03 20:18:50,555 INFO Row 912: chunking disabled, using 1 chunk
2026-03-03 20:18:50,559 INFO Row 913: chunking disabled, using 1 chunk
2026-03-03 20:18:50,562 INFO Row 914: chunking disabled, using 1 chunk
2026-03-03 20:18:50,566 INFO Row 915: chunking disabled, using 1 chunk
2026-03-03 20:18:50,569 INFO Row 916: chunking disabled, using 1 chunk
2026-03-03 20:18:50,572 INFO Row 917: chunking disabled, using 1 chunk
2026-03-03 20:18:50,575 INFO Row 918: chunking disabled, using 1 chunk
2026-03-03 20:18:50,578 INFO Row 919: chunking disabled, using 1 chunk
2026-03-03 20:18:50,586 INFO Row 920: chunking disabled, using 1 chunk
2026-03-03 20:18:50,588 INFO Row 921: chunking disabled, using 1 chunk
2026-03-03 20:18:50,589 INFO Row 922: chunking disabled, using 1 chunk
2026-03-03 20:18:50,601 INFO Row 923: chunking disabled, using 1 chunk
2026-03-03 20:18:50,609 INFO Row 924: chunking disabled, using 1 chunk
2026-03-03 20:18:50,613 INFO Row 925: chunking disabled, using 1 chunk
2026-03-03 20:18:50,616 INFO Row 926: chunking disabled, using 1 chunk
2026-03-03 20:18:50,620 INFO Row 927: chunking disabled, using 1 chunk
2026-03-03 20:18:50,623 INFO Row 928: chunking disabled, using 1 chunk
2026-03-03 20:18:50,628 INFO Row 929: chunking disabled, using 1 chunk
2026-03-03 20:18:50,632 INFO Row 930: chunking disabled, using 1 chunk
2026-03-03 20:18:50,635 INFO Row 931: chunking disabled, using 1 chunk
2026-03-03 20:18:50,639 INFO Row 932: chunking disabled, using 1 chunk
2026-03-03 20:18:50,642 INFO Row 933: chunking disabled, using 1 chunk
2026-03-03 20:18:50,645 INFO Row 934: chunking disabled, using 1 chunk
2026-03-03 20:18:50,648 INFO Row 935: chunking disabled, using 1 chunk
2026-03-03 20:18:50,652 INFO Row 936: chunking disabled, using 1 chunk
2026-03-03 20:18:50,654 INFO Total 937 chunks to generate
2026-03-03 20:18:50,657 INFO LLM dispatch 1/47 size 20
/opt/mamba/envs/lcc/lib/python3.10/site-packages/vertexai/generative_models/_generative_models.py:433: UserWarning: This feature is deprecated as of June 24, 2025 and will be removed on June 24, 2026. For details, see https://cloud.google.com/vertex-ai/generative-ai/docs/deprecations/genai-vertexai-sdk.
  warning_logs.show_deprecation_warning()
E0000 00:00:1772540331.193515  830089 http_connect_handshaker.cc:114] HTTP proxy handshake with [unknown] failed: UNKNOWN: FD Shutdown [type.googleapis.com/grpc.status.children='\x15\x00\x00\x00\x08\x0e\x12\x11\x65ndpoint shutdown']
2026-03-03 20:20:31,831 INFO LLM progress 20/937 rate 0.20/s ETA 4638.8s empty 0/20
2026-03-03 20:20:31,831 INFO LLM dispatch 2/47 size 20
2026-03-03 20:21:08,343 INFO LLM progress 40/937 rate 0.29/s ETA 3087.6s empty 0/20
2026-03-03 20:21:08,343 INFO LLM dispatch 3/47 size 20
2026-03-03 20:22:32,911 INFO LLM progress 60/937 rate 0.27/s ETA 3248.6s empty 0/20
2026-03-03 20:22:32,912 INFO LLM dispatch 4/47 size 20
2026-03-03 20:23:35,583 INFO LLM progress 80/937 rate 0.28/s ETA 3052.3s empty 0/20
2026-03-03 20:23:35,584 INFO LLM dispatch 5/47 size 20
2026-03-03 20:24:20,360 INFO LLM progress 100/937 rate 0.30/s ETA 2759.6s empty 0/20
2026-03-03 20:24:20,360 INFO LLM dispatch 6/47 size 20
2026-03-03 20:26:22,563 INFO LLM progress 120/937 rate 0.27/s ETA 3076.7s empty 0/20
2026-03-03 20:26:22,563 INFO LLM dispatch 7/47 size 20
2026-03-03 20:28:18,216 INFO LLM progress 140/937 rate 0.25/s ETA 3231.0s empty 0/20
2026-03-03 20:28:18,216 INFO LLM dispatch 8/47 size 20
2026-03-03 20:29:24,878 INFO LLM progress 160/937 rate 0.25/s ETA 3079.9s empty 0/20
2026-03-03 20:29:24,878 INFO LLM dispatch 9/47 size 20
2026-03-03 20:31:08,415 INFO LLM progress 180/937 rate 0.24/s ETA 3102.7s empty 0/20
2026-03-03 20:31:08,415 INFO LLM dispatch 10/47 size 20
2026-03-03 20:32:58,314 INFO LLM progress 200/937 rate 0.24/s ETA 3123.6s empty 0/20
2026-03-03 20:32:58,314 INFO LLM dispatch 11/47 size 20
2026-03-03 20:34:01,711 INFO LLM progress 220/937 rate 0.24/s ETA 2969.2s empty 0/20
2026-03-03 20:34:01,711 INFO LLM dispatch 12/47 size 20
2026-03-03 20:35:15,526 INFO LLM progress 240/937 rate 0.24/s ETA 2860.2s empty 0/20
2026-03-03 20:35:15,526 INFO LLM dispatch 13/47 size 20
2026-03-03 20:36:19,287 INFO LLM progress 260/937 rate 0.25/s ETA 2730.5s empty 0/20
2026-03-03 20:36:19,288 INFO LLM dispatch 14/47 size 20
2026-03-03 20:38:01,275 INFO LLM progress 280/937 rate 0.24/s ETA 2699.8s empty 0/20
2026-03-03 20:38:01,275 INFO LLM dispatch 15/47 size 20
2026-03-03 20:39:14,565 INFO LLM progress 300/937 rate 0.25/s ETA 2598.8s empty 0/20
2026-03-03 20:39:14,565 INFO LLM dispatch 16/47 size 20
2026-03-03 20:40:12,921 INFO LLM progress 320/937 rate 0.25/s ETA 2472.4s empty 0/20
2026-03-03 20:40:12,921 INFO LLM dispatch 17/47 size 20
2026-03-03 20:41:37,467 INFO LLM progress 340/937 rate 0.25/s ETA 2400.0s empty 0/20
2026-03-03 20:41:37,467 INFO LLM dispatch 18/47 size 20
2026-03-03 20:42:18,807 INFO LLM progress 360/937 rate 0.26/s ETA 2257.0s empty 0/20
2026-03-03 20:42:18,807 INFO LLM dispatch 19/47 size 20
2026-03-03 20:42:58,372 INFO LLM progress 380/937 rate 0.26/s ETA 2122.0s empty 0/20
2026-03-03 20:42:58,372 INFO LLM dispatch 20/47 size 20
2026-03-03 20:44:08,434 INFO LLM progress 400/937 rate 0.26/s ETA 2037.6s empty 0/20
2026-03-03 20:44:08,434 INFO LLM dispatch 21/47 size 20
2026-03-03 20:45:35,380 INFO LLM progress 420/937 rate 0.26/s ETA 1975.3s empty 0/20
2026-03-03 20:45:35,380 INFO LLM dispatch 22/47 size 20
2026-03-03 20:46:57,729 INFO LLM progress 440/937 rate 0.26/s ETA 1905.6s empty 0/20
2026-03-03 20:46:57,730 INFO LLM dispatch 23/47 size 20
2026-03-03 20:47:54,112 INFO LLM progress 460/937 rate 0.26/s ETA 1807.9s empty 0/20
2026-03-03 20:47:54,112 INFO LLM dispatch 24/47 size 20
2026-03-03 20:49:32,574 INFO LLM progress 480/937 rate 0.26/s ETA 1753.7s empty 0/20
2026-03-03 20:49:32,574 INFO LLM dispatch 25/47 size 20
2026-03-03 20:50:26,389 INFO LLM progress 500/937 rate 0.26/s ETA 1656.9s empty 0/20
2026-03-03 20:50:26,390 INFO LLM dispatch 26/47 size 20
2026-03-03 20:51:35,955 INFO LLM progress 520/937 rate 0.26/s ETA 1576.0s empty 0/20
2026-03-03 20:51:35,955 INFO LLM dispatch 27/47 size 20
2026-03-03 20:52:30,074 INFO LLM progress 540/937 rate 0.27/s ETA 1484.6s empty 0/20
2026-03-03 20:52:30,075 INFO LLM dispatch 28/47 size 20
2026-03-03 20:54:12,160 INFO LLM progress 560/937 rate 0.26/s ETA 1428.2s empty 0/20
2026-03-03 20:54:12,160 INFO LLM dispatch 29/47 size 20
2026-03-03 20:55:59,897 INFO LLM progress 580/937 rate 0.26/s ETA 1372.1s empty 0/20
2026-03-03 20:55:59,897 INFO LLM dispatch 30/47 size 20
2026-03-03 20:57:03,441 INFO LLM progress 600/937 rate 0.26/s ETA 1287.8s empty 0/20
2026-03-03 20:57:03,441 INFO LLM dispatch 31/47 size 20
2026-03-03 20:57:53,612 INFO LLM progress 620/937 rate 0.26/s ETA 1197.9s empty 0/20
2026-03-03 20:57:53,613 INFO LLM dispatch 32/47 size 20
2026-03-03 20:58:12,348 INFO LLM progress 640/937 rate 0.27/s ETA 1096.0s empty 0/20
2026-03-03 20:58:12,348 INFO LLM dispatch 33/47 size 20
2026-03-03 20:59:24,769 INFO LLM progress 660/937 rate 0.27/s ETA 1021.6s empty 0/20
2026-03-03 20:59:24,770 INFO LLM dispatch 34/47 size 20
2026-03-03 21:01:21,327 INFO LLM progress 680/937 rate 0.27/s ETA 964.0s empty 0/20
2026-03-03 21:01:21,327 INFO LLM dispatch 35/47 size 20
2026-03-03 21:02:37,394 INFO LLM progress 700/937 rate 0.27/s ETA 889.3s empty 0/20
2026-03-03 21:02:37,395 INFO LLM dispatch 36/47 size 20
2026-03-03 21:03:48,344 INFO LLM progress 720/937 rate 0.27/s ETA 813.1s empty 0/20
2026-03-03 21:03:48,344 INFO LLM dispatch 37/47 size 20
2026-03-03 21:04:09,048 INFO LLM progress 740/937 rate 0.27/s ETA 723.7s empty 0/20
2026-03-03 21:04:09,048 INFO LLM dispatch 38/47 size 20
2026-03-03 21:05:46,337 INFO LLM progress 760/937 rate 0.27/s ETA 655.8s empty 0/20
2026-03-03 21:05:46,338 INFO LLM dispatch 39/47 size 20
2026-03-03 21:08:07,476 INFO LLM progress 780/937 rate 0.26/s ETA 595.2s empty 0/20
2026-03-03 21:08:07,476 INFO LLM dispatch 40/47 size 20
2026-03-03 21:10:50,967 INFO LLM progress 800/937 rate 0.26/s ETA 534.4s empty 0/20
2026-03-03 21:10:50,968 INFO LLM dispatch 41/47 size 20
2026-03-03 21:13:28,914 INFO LLM progress 820/937 rate 0.25/s ETA 467.8s empty 0/20
2026-03-03 21:13:28,914 INFO LLM dispatch 42/47 size 20
2026-03-03 21:15:49,651 INFO LLM progress 840/937 rate 0.25/s ETA 394.8s empty 0/20
2026-03-03 21:15:49,651 INFO LLM dispatch 43/47 size 20
2026-03-03 21:17:11,333 INFO LLM progress 860/937 rate 0.25/s ETA 313.4s empty 0/20
2026-03-03 21:17:11,334 INFO LLM dispatch 44/47 size 20
2026-03-03 21:17:31,873 INFO LLM progress 880/937 rate 0.25/s ETA 228.1s empty 0/20
2026-03-03 21:17:31,873 INFO LLM dispatch 45/47 size 20
2026-03-03 21:19:03,410 INFO LLM progress 900/937 rate 0.25/s ETA 148.5s empty 0/20
2026-03-03 21:19:03,411 INFO LLM dispatch 46/47 size 20
E0000 00:00:1772543944.308486  830092 http_connect_handshaker.cc:114] HTTP proxy handshake with [unknown] failed: UNKNOWN: FD Shutdown [type.googleapis.com/grpc.status.children='\x15\x00\x00\x00\x08\x0e\x12\x11\x65ndpoint shutdown']
2026-03-03 21:20:08,047 INFO LLM progress 920/937 rate 0.25/s ETA 68.0s empty 0/20
2026-03-03 21:20:08,047 INFO LLM dispatch 47/47 size 17
2026-03-03 21:21:34,506 INFO LLM progress 937/937 rate 0.25/s ETA 0.0s empty 0/17
2026-03-03 21:21:36,422 INFO Generation complete. Output saved to ../electrical_output/step_0.jsonl
2026-03-03 21:21:36,423 INFO ExtractCategoryProperties stage parse category electrical
2026-03-03 21:21:38,034 INFO ExtractCategoryProperties complete category electrical
2026-03-03 21:21:38,034 INFO Running save_results_to_csv category electrical total 937
2026-03-03 21:21:39,111 INFO save_results_to_csv progress category electrical 50/937
2026-03-03 21:21:39,874 INFO save_results_to_csv progress category electrical 100/937
2026-03-03 21:21:40,755 INFO save_results_to_csv progress category electrical 150/937
2026-03-03 21:21:41,710 INFO save_results_to_csv progress category electrical 200/937
2026-03-03 21:21:42,441 INFO save_results_to_csv progress category electrical 250/937
2026-03-03 21:21:43,220 INFO save_results_to_csv progress category electrical 300/937
2026-03-03 21:21:44,308 INFO save_results_to_csv progress category electrical 350/937
2026-03-03 21:21:45,061 INFO save_results_to_csv progress category electrical 400/937
2026-03-03 21:21:45,707 INFO save_results_to_csv progress category electrical 450/937
2026-03-03 21:21:46,503 INFO save_results_to_csv progress category electrical 500/937
2026-03-03 21:21:47,861 INFO save_results_to_csv progress category electrical 550/937
2026-03-03 21:21:48,972 INFO save_results_to_csv progress category electrical 600/937
2026-03-03 21:21:50,430 INFO save_results_to_csv progress category electrical 650/937
2026-03-03 21:21:51,999 INFO save_results_to_csv progress category electrical 700/937
2026-03-03 21:21:53,187 INFO save_results_to_csv progress category electrical 750/937
2026-03-03 21:21:54,339 INFO save_results_to_csv progress category electrical 800/937
2026-03-03 21:21:55,245 INFO save_results_to_csv progress category electrical 850/937
2026-03-03 21:21:56,100 INFO save_results_to_csv progress category electrical 900/937
2026-03-03 21:21:56,872 INFO save_results_to_csv complete category electrical total 937 nonempty 202 empty 735 rows 202
2026-03-03 21:22:27,296 INFO Prepared input_jsonl category other files 1866 rows 937 path /share/lcc/paper/10.1002/other_input.jsonl
2026-03-03 21:22:27,296 INFO Running category other entry_file /share/lcc/paper/10.1002/other_input.jsonl prompt_dir /share/lcc/dataflow-dp/prompts schema_dir /share/lcc/dataflow-dp/schemas
2026-03-03 21:22:27,324 INFO Running ExtractCategoryProperties category other prompts 1
2026-03-03 21:22:27,324 INFO ExtractCategoryProperties stage llm_run category other key other
2026-03-03 21:22:27,325 INFO Running ChunkedPromptedGenerator...
2026-03-03 21:22:28,320 INFO Loaded DataFrame with 937 rows.
2026-03-03 21:22:28,321 INFO Row 0: chunking disabled, using 1 chunk
2026-03-03 21:22:28,338 INFO Row 1: chunking disabled, using 1 chunk
2026-03-03 21:22:28,340 INFO Row 2: chunking disabled, using 1 chunk
2026-03-03 21:22:28,344 INFO Row 3: chunking disabled, using 1 chunk
2026-03-03 21:22:28,347 INFO Row 4: chunking disabled, using 1 chunk
2026-03-03 21:22:28,351 INFO Row 5: chunking disabled, using 1 chunk
2026-03-03 21:22:28,355 INFO Row 6: chunking disabled, using 1 chunk
2026-03-03 21:22:28,357 INFO Row 7: chunking disabled, using 1 chunk
2026-03-03 21:22:28,362 INFO Row 8: chunking disabled, using 1 chunk
2026-03-03 21:22:28,371 INFO Row 9: chunking disabled, using 1 chunk
2026-03-03 21:22:28,374 INFO Row 10: chunking disabled, using 1 chunk
2026-03-03 21:22:28,378 INFO Row 11: chunking disabled, using 1 chunk
2026-03-03 21:22:28,381 INFO Row 12: chunking disabled, using 1 chunk
2026-03-03 21:22:28,387 INFO Row 13: chunking disabled, using 1 chunk
2026-03-03 21:22:28,391 INFO Row 14: chunking disabled, using 1 chunk
2026-03-03 21:22:28,395 INFO Row 15: chunking disabled, using 1 chunk
2026-03-03 21:22:28,398 INFO Row 16: chunking disabled, using 1 chunk
2026-03-03 21:22:28,401 INFO Row 17: chunking disabled, using 1 chunk
2026-03-03 21:22:28,405 INFO Row 18: chunking disabled, using 1 chunk
2026-03-03 21:22:28,408 INFO Row 19: chunking disabled, using 1 chunk
2026-03-03 21:22:28,411 INFO Row 20: chunking disabled, using 1 chunk
2026-03-03 21:22:28,414 INFO Row 21: chunking disabled, using 1 chunk
2026-03-03 21:22:28,417 INFO Row 22: chunking disabled, using 1 chunk
2026-03-03 21:22:28,420 INFO Row 23: chunking disabled, using 1 chunk
2026-03-03 21:22:28,423 INFO Row 24: chunking disabled, using 1 chunk
2026-03-03 21:22:28,426 INFO Row 25: chunking disabled, using 1 chunk
2026-03-03 21:22:28,430 INFO Row 26: chunking disabled, using 1 chunk
2026-03-03 21:22:28,433 INFO Row 27: chunking disabled, using 1 chunk
2026-03-03 21:22:28,436 INFO Row 28: chunking disabled, using 1 chunk
2026-03-03 21:22:28,439 INFO Row 29: chunking disabled, using 1 chunk
2026-03-03 21:22:28,443 INFO Row 30: chunking disabled, using 1 chunk
2026-03-03 21:22:28,446 INFO Row 31: chunking disabled, using 1 chunk
2026-03-03 21:22:28,450 INFO Row 32: chunking disabled, using 1 chunk
2026-03-03 21:22:28,453 INFO Row 33: chunking disabled, using 1 chunk
2026-03-03 21:22:28,456 INFO Row 34: chunking disabled, using 1 chunk
2026-03-03 21:22:28,459 INFO Row 35: chunking disabled, using 1 chunk
2026-03-03 21:22:28,466 INFO Row 36: chunking disabled, using 1 chunk
2026-03-03 21:22:28,468 INFO Row 37: chunking disabled, using 1 chunk
2026-03-03 21:22:28,471 INFO Row 38: chunking disabled, using 1 chunk
2026-03-03 21:22:28,474 INFO Row 39: chunking disabled, using 1 chunk
2026-03-03 21:22:28,478 INFO Row 40: chunking disabled, using 1 chunk
2026-03-03 21:22:28,481 INFO Row 41: chunking disabled, using 1 chunk
2026-03-03 21:22:28,484 INFO Row 42: chunking disabled, using 1 chunk
2026-03-03 21:22:28,487 INFO Row 43: chunking disabled, using 1 chunk
2026-03-03 21:22:28,490 INFO Row 44: chunking disabled, using 1 chunk
2026-03-03 21:22:28,492 INFO Row 45: chunking disabled, using 1 chunk
2026-03-03 21:22:28,494 INFO Row 46: chunking disabled, using 1 chunk
2026-03-03 21:22:28,496 INFO Row 47: chunking disabled, using 1 chunk
2026-03-03 21:22:28,498 INFO Row 48: chunking disabled, using 1 chunk
2026-03-03 21:22:28,500 INFO Row 49: chunking disabled, using 1 chunk
2026-03-03 21:22:28,502 INFO Row 50: chunking disabled, using 1 chunk
2026-03-03 21:22:28,505 INFO Row 51: chunking disabled, using 1 chunk
2026-03-03 21:22:28,508 INFO Row 52: chunking disabled, using 1 chunk
2026-03-03 21:22:28,510 INFO Row 53: chunking disabled, using 1 chunk
2026-03-03 21:22:28,514 INFO Row 54: chunking disabled, using 1 chunk
2026-03-03 21:22:28,517 INFO Row 55: chunking disabled, using 1 chunk
2026-03-03 21:22:28,519 INFO Row 56: chunking disabled, using 1 chunk
2026-03-03 21:22:28,523 INFO Row 57: chunking disabled, using 1 chunk
2026-03-03 21:22:28,526 INFO Row 58: chunking disabled, using 1 chunk
2026-03-03 21:22:28,529 INFO Row 59: chunking disabled, using 1 chunk
2026-03-03 21:22:28,532 INFO Row 60: chunking disabled, using 1 chunk
2026-03-03 21:22:28,535 INFO Row 61: chunking disabled, using 1 chunk
2026-03-03 21:22:28,538 INFO Row 62: chunking disabled, using 1 chunk
2026-03-03 21:22:28,541 INFO Row 63: chunking disabled, using 1 chunk
2026-03-03 21:22:28,544 INFO Row 64: chunking disabled, using 1 chunk
2026-03-03 21:22:28,547 INFO Row 65: chunking disabled, using 1 chunk
2026-03-03 21:22:28,550 INFO Row 66: chunking disabled, using 1 chunk
2026-03-03 21:22:28,554 INFO Row 67: chunking disabled, using 1 chunk
2026-03-03 21:22:28,557 INFO Row 68: chunking disabled, using 1 chunk
2026-03-03 21:22:28,559 INFO Row 69: chunking disabled, using 1 chunk
2026-03-03 21:22:28,563 INFO Row 70: chunking disabled, using 1 chunk
2026-03-03 21:22:28,566 INFO Row 71: chunking disabled, using 1 chunk
2026-03-03 21:22:28,568 INFO Row 72: chunking disabled, using 1 chunk
2026-03-03 21:22:28,572 INFO Row 73: chunking disabled, using 1 chunk
2026-03-03 21:22:28,575 INFO Row 74: chunking disabled, using 1 chunk
2026-03-03 21:22:28,578 INFO Row 75: chunking disabled, using 1 chunk
2026-03-03 21:22:28,581 INFO Row 76: chunking disabled, using 1 chunk
2026-03-03 21:22:28,584 INFO Row 77: chunking disabled, using 1 chunk
2026-03-03 21:22:28,587 INFO Row 78: chunking disabled, using 1 chunk
2026-03-03 21:22:28,590 INFO Row 79: chunking disabled, using 1 chunk
2026-03-03 21:22:28,593 INFO Row 80: chunking disabled, using 1 chunk
2026-03-03 21:22:28,596 INFO Row 81: chunking disabled, using 1 chunk
2026-03-03 21:22:28,601 INFO Row 82: chunking disabled, using 1 chunk
2026-03-03 21:22:28,604 INFO Row 83: chunking disabled, using 1 chunk
2026-03-03 21:22:28,606 INFO Row 84: chunking disabled, using 1 chunk
2026-03-03 21:22:28,610 INFO Row 85: chunking disabled, using 1 chunk
2026-03-03 21:22:28,613 INFO Row 86: chunking disabled, using 1 chunk
2026-03-03 21:22:28,616 INFO Row 87: chunking disabled, using 1 chunk
2026-03-03 21:22:28,619 INFO Row 88: chunking disabled, using 1 chunk
2026-03-03 21:22:28,622 INFO Row 89: chunking disabled, using 1 chunk
2026-03-03 21:22:28,625 INFO Row 90: chunking disabled, using 1 chunk
2026-03-03 21:22:28,628 INFO Row 91: chunking disabled, using 1 chunk
2026-03-03 21:22:28,631 INFO Row 92: chunking disabled, using 1 chunk
2026-03-03 21:22:28,634 INFO Row 93: chunking disabled, using 1 chunk
2026-03-03 21:22:28,637 INFO Row 94: chunking disabled, using 1 chunk
2026-03-03 21:22:28,640 INFO Row 95: chunking disabled, using 1 chunk
2026-03-03 21:22:28,644 INFO Row 96: chunking disabled, using 1 chunk
2026-03-03 21:22:28,647 INFO Row 97: chunking disabled, using 1 chunk
2026-03-03 21:22:28,651 INFO Row 98: chunking disabled, using 1 chunk
2026-03-03 21:22:28,655 INFO Row 99: chunking disabled, using 1 chunk
2026-03-03 21:22:28,658 INFO Row 100: chunking disabled, using 1 chunk
2026-03-03 21:22:28,661 INFO Row 101: chunking disabled, using 1 chunk
2026-03-03 21:22:28,664 INFO Row 102: chunking disabled, using 1 chunk
2026-03-03 21:22:28,666 INFO Row 103: chunking disabled, using 1 chunk
2026-03-03 21:22:28,668 INFO Row 104: chunking disabled, using 1 chunk
2026-03-03 21:22:28,670 INFO Row 105: chunking disabled, using 1 chunk
2026-03-03 21:22:28,672 INFO Row 106: chunking disabled, using 1 chunk
2026-03-03 21:22:28,673 INFO Row 107: chunking disabled, using 1 chunk
2026-03-03 21:22:28,675 INFO Row 108: chunking disabled, using 1 chunk
2026-03-03 21:22:28,684 INFO Row 109: chunking disabled, using 1 chunk
2026-03-03 21:22:28,687 INFO Row 110: chunking disabled, using 1 chunk
2026-03-03 21:22:28,690 INFO Row 111: chunking disabled, using 1 chunk
2026-03-03 21:22:28,693 INFO Row 112: chunking disabled, using 1 chunk
2026-03-03 21:22:28,696 INFO Row 113: chunking disabled, using 1 chunk
2026-03-03 21:22:28,699 INFO Row 114: chunking disabled, using 1 chunk
2026-03-03 21:22:28,702 INFO Row 115: chunking disabled, using 1 chunk
2026-03-03 21:22:28,705 INFO Row 116: chunking disabled, using 1 chunk
2026-03-03 21:22:28,708 INFO Row 117: chunking disabled, using 1 chunk
2026-03-03 21:22:28,712 INFO Row 118: chunking disabled, using 1 chunk
2026-03-03 21:22:28,715 INFO Row 119: chunking disabled, using 1 chunk
2026-03-03 21:22:28,718 INFO Row 120: chunking disabled, using 1 chunk
2026-03-03 21:22:28,720 INFO Row 121: chunking disabled, using 1 chunk
2026-03-03 21:22:28,724 INFO Row 122: chunking disabled, using 1 chunk
2026-03-03 21:22:28,726 INFO Row 123: chunking disabled, using 1 chunk
2026-03-03 21:22:28,730 INFO Row 124: chunking disabled, using 1 chunk
2026-03-03 21:22:28,733 INFO Row 125: chunking disabled, using 1 chunk
2026-03-03 21:22:28,736 INFO Row 126: chunking disabled, using 1 chunk
2026-03-03 21:22:28,739 INFO Row 127: chunking disabled, using 1 chunk
2026-03-03 21:22:28,742 INFO Row 128: chunking disabled, using 1 chunk
2026-03-03 21:22:28,745 INFO Row 129: chunking disabled, using 1 chunk
2026-03-03 21:22:28,748 INFO Row 130: chunking disabled, using 1 chunk
2026-03-03 21:22:28,751 INFO Row 131: chunking disabled, using 1 chunk
2026-03-03 21:22:28,754 INFO Row 132: chunking disabled, using 1 chunk
2026-03-03 21:22:28,757 INFO Row 133: chunking disabled, using 1 chunk
2026-03-03 21:22:28,760 INFO Row 134: chunking disabled, using 1 chunk
2026-03-03 21:22:28,763 INFO Row 135: chunking disabled, using 1 chunk
2026-03-03 21:22:28,766 INFO Row 136: chunking disabled, using 1 chunk
2026-03-03 21:22:28,769 INFO Row 137: chunking disabled, using 1 chunk
2026-03-03 21:22:28,772 INFO Row 138: chunking disabled, using 1 chunk
2026-03-03 21:22:28,776 INFO Row 139: chunking disabled, using 1 chunk
2026-03-03 21:22:28,779 INFO Row 140: chunking disabled, using 1 chunk
2026-03-03 21:22:28,782 INFO Row 141: chunking disabled, using 1 chunk
2026-03-03 21:22:28,785 INFO Row 142: chunking disabled, using 1 chunk
2026-03-03 21:22:28,787 INFO Row 143: chunking disabled, using 1 chunk
2026-03-03 21:22:28,791 INFO Row 144: chunking disabled, using 1 chunk
2026-03-03 21:22:28,794 INFO Row 145: chunking disabled, using 1 chunk
2026-03-03 21:22:28,797 INFO Row 146: chunking disabled, using 1 chunk
2026-03-03 21:22:28,801 INFO Row 147: chunking disabled, using 1 chunk
2026-03-03 21:22:28,804 INFO Row 148: chunking disabled, using 1 chunk
2026-03-03 21:22:28,807 INFO Row 149: chunking disabled, using 1 chunk
2026-03-03 21:22:28,810 INFO Row 150: chunking disabled, using 1 chunk
2026-03-03 21:22:28,813 INFO Row 151: chunking disabled, using 1 chunk
2026-03-03 21:22:28,816 INFO Row 152: chunking disabled, using 1 chunk
2026-03-03 21:22:28,819 INFO Row 153: chunking disabled, using 1 chunk
2026-03-03 21:22:28,822 INFO Row 154: chunking disabled, using 1 chunk
2026-03-03 21:22:28,825 INFO Row 155: chunking disabled, using 1 chunk
2026-03-03 21:22:28,828 INFO Row 156: chunking disabled, using 1 chunk
2026-03-03 21:22:28,832 INFO Row 157: chunking disabled, using 1 chunk
2026-03-03 21:22:28,835 INFO Row 158: chunking disabled, using 1 chunk
2026-03-03 21:22:28,839 INFO Row 159: chunking disabled, using 1 chunk
2026-03-03 21:22:28,843 INFO Row 160: chunking disabled, using 1 chunk
2026-03-03 21:22:28,845 INFO Row 161: chunking disabled, using 1 chunk
2026-03-03 21:22:28,850 INFO Row 162: chunking disabled, using 1 chunk
2026-03-03 21:22:28,851 INFO Row 163: chunking disabled, using 1 chunk
2026-03-03 21:22:28,855 INFO Row 164: chunking disabled, using 1 chunk
2026-03-03 21:22:28,856 INFO Row 165: chunking disabled, using 1 chunk
2026-03-03 21:22:28,862 INFO Row 166: chunking disabled, using 1 chunk
2026-03-03 21:22:28,865 INFO Row 167: chunking disabled, using 1 chunk
2026-03-03 21:22:28,868 INFO Row 168: chunking disabled, using 1 chunk
2026-03-03 21:22:28,872 INFO Row 169: chunking disabled, using 1 chunk
2026-03-03 21:22:28,874 INFO Row 170: chunking disabled, using 1 chunk
2026-03-03 21:22:28,877 INFO Row 171: chunking disabled, using 1 chunk
2026-03-03 21:22:28,879 INFO Row 172: chunking disabled, using 1 chunk
2026-03-03 21:22:28,883 INFO Row 173: chunking disabled, using 1 chunk
2026-03-03 21:22:28,886 INFO Row 174: chunking disabled, using 1 chunk
2026-03-03 21:22:28,889 INFO Row 175: chunking disabled, using 1 chunk
2026-03-03 21:22:28,892 INFO Row 176: chunking disabled, using 1 chunk
2026-03-03 21:22:28,894 INFO Row 177: chunking disabled, using 1 chunk
2026-03-03 21:22:28,897 INFO Row 178: chunking disabled, using 1 chunk
2026-03-03 21:22:28,900 INFO Row 179: chunking disabled, using 1 chunk
2026-03-03 21:22:28,903 INFO Row 180: chunking disabled, using 1 chunk
2026-03-03 21:22:28,906 INFO Row 181: chunking disabled, using 1 chunk
2026-03-03 21:22:28,910 INFO Row 182: chunking disabled, using 1 chunk
2026-03-03 21:22:28,913 INFO Row 183: chunking disabled, using 1 chunk
2026-03-03 21:22:28,916 INFO Row 184: chunking disabled, using 1 chunk
2026-03-03 21:22:28,919 INFO Row 185: chunking disabled, using 1 chunk
2026-03-03 21:22:28,922 INFO Row 186: chunking disabled, using 1 chunk
2026-03-03 21:22:28,925 INFO Row 187: chunking disabled, using 1 chunk
2026-03-03 21:22:28,926 INFO Row 188: chunking disabled, using 1 chunk
2026-03-03 21:22:28,927 INFO Row 189: chunking disabled, using 1 chunk
2026-03-03 21:22:28,944 INFO Row 190: chunking disabled, using 1 chunk
2026-03-03 21:22:28,947 INFO Row 191: chunking disabled, using 1 chunk
2026-03-03 21:22:28,950 INFO Row 192: chunking disabled, using 1 chunk
2026-03-03 21:22:28,954 INFO Row 193: chunking disabled, using 1 chunk
2026-03-03 21:22:28,957 INFO Row 194: chunking disabled, using 1 chunk
2026-03-03 21:22:28,961 INFO Row 195: chunking disabled, using 1 chunk
2026-03-03 21:22:28,965 INFO Row 196: chunking disabled, using 1 chunk
2026-03-03 21:22:28,968 INFO Row 197: chunking disabled, using 1 chunk
2026-03-03 21:22:28,972 INFO Row 198: chunking disabled, using 1 chunk
2026-03-03 21:22:28,978 INFO Row 199: chunking disabled, using 1 chunk
2026-03-03 21:22:28,982 INFO Row 200: chunking disabled, using 1 chunk
2026-03-03 21:22:28,985 INFO Row 201: chunking disabled, using 1 chunk
2026-03-03 21:22:28,988 INFO Row 202: chunking disabled, using 1 chunk
2026-03-03 21:22:28,991 INFO Row 203: chunking disabled, using 1 chunk
2026-03-03 21:22:28,994 INFO Row 204: chunking disabled, using 1 chunk
2026-03-03 21:22:28,997 INFO Row 205: chunking disabled, using 1 chunk
2026-03-03 21:22:29,000 INFO Row 206: chunking disabled, using 1 chunk
2026-03-03 21:22:29,003 INFO Row 207: chunking disabled, using 1 chunk
2026-03-03 21:22:29,006 INFO Row 208: chunking disabled, using 1 chunk
2026-03-03 21:22:29,009 INFO Row 209: chunking disabled, using 1 chunk
2026-03-03 21:22:29,013 INFO Row 210: chunking disabled, using 1 chunk
2026-03-03 21:22:29,016 INFO Row 211: chunking disabled, using 1 chunk
2026-03-03 21:22:29,019 INFO Row 212: chunking disabled, using 1 chunk
2026-03-03 21:22:29,022 INFO Row 213: chunking disabled, using 1 chunk
2026-03-03 21:22:29,026 INFO Row 214: chunking disabled, using 1 chunk
2026-03-03 21:22:29,029 INFO Row 215: chunking disabled, using 1 chunk
2026-03-03 21:22:29,032 INFO Row 216: chunking disabled, using 1 chunk
2026-03-03 21:22:29,035 INFO Row 217: chunking disabled, using 1 chunk
2026-03-03 21:22:29,037 INFO Row 218: chunking disabled, using 1 chunk
2026-03-03 21:22:29,039 INFO Row 219: chunking disabled, using 1 chunk
2026-03-03 21:22:29,041 INFO Row 220: chunking disabled, using 1 chunk
2026-03-03 21:22:29,043 INFO Row 221: chunking disabled, using 1 chunk
2026-03-03 21:22:29,045 INFO Row 222: chunking disabled, using 1 chunk
2026-03-03 21:22:29,047 INFO Row 223: chunking disabled, using 1 chunk
2026-03-03 21:22:29,048 INFO Row 224: chunking disabled, using 1 chunk
2026-03-03 21:22:29,052 INFO Row 225: chunking disabled, using 1 chunk
2026-03-03 21:22:29,054 INFO Row 226: chunking disabled, using 1 chunk
2026-03-03 21:22:29,057 INFO Row 227: chunking disabled, using 1 chunk
2026-03-03 21:22:29,060 INFO Row 228: chunking disabled, using 1 chunk
2026-03-03 21:22:29,063 INFO Row 229: chunking disabled, using 1 chunk
2026-03-03 21:22:29,066 INFO Row 230: chunking disabled, using 1 chunk
2026-03-03 21:22:29,070 INFO Row 231: chunking disabled, using 1 chunk
2026-03-03 21:22:29,073 INFO Row 232: chunking disabled, using 1 chunk
2026-03-03 21:22:29,076 INFO Row 233: chunking disabled, using 1 chunk
2026-03-03 21:22:29,078 INFO Row 234: chunking disabled, using 1 chunk
2026-03-03 21:22:29,081 INFO Row 235: chunking disabled, using 1 chunk
2026-03-03 21:22:29,084 INFO Row 236: chunking disabled, using 1 chunk
2026-03-03 21:22:29,087 INFO Row 237: chunking disabled, using 1 chunk
2026-03-03 21:22:29,090 INFO Row 238: chunking disabled, using 1 chunk
2026-03-03 21:22:29,093 INFO Row 239: chunking disabled, using 1 chunk
2026-03-03 21:22:29,096 INFO Row 240: chunking disabled, using 1 chunk
2026-03-03 21:22:29,099 INFO Row 241: chunking disabled, using 1 chunk
2026-03-03 21:22:29,102 INFO Row 242: chunking disabled, using 1 chunk
2026-03-03 21:22:29,105 INFO Row 243: chunking disabled, using 1 chunk
2026-03-03 21:22:29,108 INFO Row 244: chunking disabled, using 1 chunk
2026-03-03 21:22:29,111 INFO Row 245: chunking disabled, using 1 chunk
2026-03-03 21:22:29,114 INFO Row 246: chunking disabled, using 1 chunk
2026-03-03 21:22:29,117 INFO Row 247: chunking disabled, using 1 chunk
2026-03-03 21:22:29,120 INFO Row 248: chunking disabled, using 1 chunk
2026-03-03 21:22:29,123 INFO Row 249: chunking disabled, using 1 chunk
2026-03-03 21:22:29,126 INFO Row 250: chunking disabled, using 1 chunk
2026-03-03 21:22:29,129 INFO Row 251: chunking disabled, using 1 chunk
2026-03-03 21:22:29,132 INFO Row 252: chunking disabled, using 1 chunk
2026-03-03 21:22:29,135 INFO Row 253: chunking disabled, using 1 chunk
2026-03-03 21:22:29,138 INFO Row 254: chunking disabled, using 1 chunk
2026-03-03 21:22:29,141 INFO Row 255: chunking disabled, using 1 chunk
2026-03-03 21:22:29,144 INFO Row 256: chunking disabled, using 1 chunk
2026-03-03 21:22:29,147 INFO Row 257: chunking disabled, using 1 chunk
2026-03-03 21:22:29,151 INFO Row 258: chunking disabled, using 1 chunk
2026-03-03 21:22:29,153 INFO Row 259: chunking disabled, using 1 chunk
2026-03-03 21:22:29,156 INFO Row 260: chunking disabled, using 1 chunk
2026-03-03 21:22:29,159 INFO Row 261: chunking disabled, using 1 chunk
2026-03-03 21:22:29,162 INFO Row 262: chunking disabled, using 1 chunk
2026-03-03 21:22:29,165 INFO Row 263: chunking disabled, using 1 chunk
2026-03-03 21:22:29,168 INFO Row 264: chunking disabled, using 1 chunk
2026-03-03 21:22:29,171 INFO Row 265: chunking disabled, using 1 chunk
2026-03-03 21:22:29,174 INFO Row 266: chunking disabled, using 1 chunk
2026-03-03 21:22:29,177 INFO Row 267: chunking disabled, using 1 chunk
2026-03-03 21:22:29,180 INFO Row 268: chunking disabled, using 1 chunk
2026-03-03 21:22:29,183 INFO Row 269: chunking disabled, using 1 chunk
2026-03-03 21:22:29,186 INFO Row 270: chunking disabled, using 1 chunk
2026-03-03 21:22:29,190 INFO Row 271: chunking disabled, using 1 chunk
2026-03-03 21:22:29,193 INFO Row 272: chunking disabled, using 1 chunk
2026-03-03 21:22:29,196 INFO Row 273: chunking disabled, using 1 chunk
2026-03-03 21:22:29,199 INFO Row 274: chunking disabled, using 1 chunk
2026-03-03 21:22:29,202 INFO Row 275: chunking disabled, using 1 chunk
2026-03-03 21:22:29,205 INFO Row 276: chunking disabled, using 1 chunk
2026-03-03 21:22:29,207 INFO Row 277: chunking disabled, using 1 chunk
2026-03-03 21:22:29,209 INFO Row 278: chunking disabled, using 1 chunk
2026-03-03 21:22:29,211 INFO Row 279: chunking disabled, using 1 chunk
2026-03-03 21:22:29,213 INFO Row 280: chunking disabled, using 1 chunk
2026-03-03 21:22:29,215 INFO Row 281: chunking disabled, using 1 chunk
2026-03-03 21:22:29,218 INFO Row 282: chunking disabled, using 1 chunk
2026-03-03 21:22:29,221 INFO Row 283: chunking disabled, using 1 chunk
2026-03-03 21:22:29,224 INFO Row 284: chunking disabled, using 1 chunk
2026-03-03 21:22:29,226 INFO Row 285: chunking disabled, using 1 chunk
2026-03-03 21:22:29,229 INFO Row 286: chunking disabled, using 1 chunk
2026-03-03 21:22:29,232 INFO Row 287: chunking disabled, using 1 chunk
2026-03-03 21:22:29,235 INFO Row 288: chunking disabled, using 1 chunk
2026-03-03 21:22:29,238 INFO Row 289: chunking disabled, using 1 chunk
2026-03-03 21:22:29,241 INFO Row 290: chunking disabled, using 1 chunk
2026-03-03 21:22:29,244 INFO Row 291: chunking disabled, using 1 chunk
2026-03-03 21:22:29,246 INFO Row 292: chunking disabled, using 1 chunk
2026-03-03 21:22:29,249 INFO Row 293: chunking disabled, using 1 chunk
2026-03-03 21:22:29,252 INFO Row 294: chunking disabled, using 1 chunk
2026-03-03 21:22:29,255 INFO Row 295: chunking disabled, using 1 chunk
2026-03-03 21:22:29,258 INFO Row 296: chunking disabled, using 1 chunk
2026-03-03 21:22:29,261 INFO Row 297: chunking disabled, using 1 chunk
2026-03-03 21:22:29,264 INFO Row 298: chunking disabled, using 1 chunk
2026-03-03 21:22:29,267 INFO Row 299: chunking disabled, using 1 chunk
2026-03-03 21:22:29,270 INFO Row 300: chunking disabled, using 1 chunk
2026-03-03 21:22:29,274 INFO Row 301: chunking disabled, using 1 chunk
2026-03-03 21:22:29,277 INFO Row 302: chunking disabled, using 1 chunk
2026-03-03 21:22:29,280 INFO Row 303: chunking disabled, using 1 chunk
2026-03-03 21:22:29,283 INFO Row 304: chunking disabled, using 1 chunk
2026-03-03 21:22:29,286 INFO Row 305: chunking disabled, using 1 chunk
2026-03-03 21:22:29,289 INFO Row 306: chunking disabled, using 1 chunk
2026-03-03 21:22:29,293 INFO Row 307: chunking disabled, using 1 chunk
2026-03-03 21:22:29,295 INFO Row 308: chunking disabled, using 1 chunk
2026-03-03 21:22:29,298 INFO Row 309: chunking disabled, using 1 chunk
2026-03-03 21:22:29,303 INFO Row 310: chunking disabled, using 1 chunk
2026-03-03 21:22:29,305 INFO Row 311: chunking disabled, using 1 chunk
2026-03-03 21:22:29,308 INFO Row 312: chunking disabled, using 1 chunk
2026-03-03 21:22:29,311 INFO Row 313: chunking disabled, using 1 chunk
2026-03-03 21:22:29,314 INFO Row 314: chunking disabled, using 1 chunk
2026-03-03 21:22:29,317 INFO Row 315: chunking disabled, using 1 chunk
2026-03-03 21:22:29,320 INFO Row 316: chunking disabled, using 1 chunk
2026-03-03 21:22:29,323 INFO Row 317: chunking disabled, using 1 chunk
2026-03-03 21:22:29,326 INFO Row 318: chunking disabled, using 1 chunk
2026-03-03 21:22:29,330 INFO Row 319: chunking disabled, using 1 chunk
2026-03-03 21:22:29,333 INFO Row 320: chunking disabled, using 1 chunk
2026-03-03 21:22:29,336 INFO Row 321: chunking disabled, using 1 chunk
2026-03-03 21:22:29,339 INFO Row 322: chunking disabled, using 1 chunk
2026-03-03 21:22:29,343 INFO Row 323: chunking disabled, using 1 chunk
2026-03-03 21:22:29,346 INFO Row 324: chunking disabled, using 1 chunk
2026-03-03 21:22:29,349 INFO Row 325: chunking disabled, using 1 chunk
2026-03-03 21:22:29,352 INFO Row 326: chunking disabled, using 1 chunk
2026-03-03 21:22:29,355 INFO Row 327: chunking disabled, using 1 chunk
2026-03-03 21:22:29,358 INFO Row 328: chunking disabled, using 1 chunk
2026-03-03 21:22:29,361 INFO Row 329: chunking disabled, using 1 chunk
2026-03-03 21:22:29,364 INFO Row 330: chunking disabled, using 1 chunk
2026-03-03 21:22:29,367 INFO Row 331: chunking disabled, using 1 chunk
2026-03-03 21:22:29,370 INFO Row 332: chunking disabled, using 1 chunk
2026-03-03 21:22:29,373 INFO Row 333: chunking disabled, using 1 chunk
2026-03-03 21:22:29,375 INFO Row 334: chunking disabled, using 1 chunk
2026-03-03 21:22:29,377 INFO Row 335: chunking disabled, using 1 chunk
2026-03-03 21:22:29,379 INFO Row 336: chunking disabled, using 1 chunk
2026-03-03 21:22:29,381 INFO Row 337: chunking disabled, using 1 chunk
2026-03-03 21:22:29,382 INFO Row 338: chunking disabled, using 1 chunk
2026-03-03 21:22:29,384 INFO Row 339: chunking disabled, using 1 chunk
2026-03-03 21:22:29,387 INFO Row 340: chunking disabled, using 1 chunk
2026-03-03 21:22:29,390 INFO Row 341: chunking disabled, using 1 chunk
2026-03-03 21:22:29,394 INFO Row 342: chunking disabled, using 1 chunk
2026-03-03 21:22:29,397 INFO Row 343: chunking disabled, using 1 chunk
2026-03-03 21:22:29,400 INFO Row 344: chunking disabled, using 1 chunk
2026-03-03 21:22:29,403 INFO Row 345: chunking disabled, using 1 chunk
2026-03-03 21:22:29,407 INFO Row 346: chunking disabled, using 1 chunk
2026-03-03 21:22:29,410 INFO Row 347: chunking disabled, using 1 chunk
2026-03-03 21:22:29,413 INFO Row 348: chunking disabled, using 1 chunk
2026-03-03 21:22:29,416 INFO Row 349: chunking disabled, using 1 chunk
2026-03-03 21:22:29,419 INFO Row 350: chunking disabled, using 1 chunk
2026-03-03 21:22:29,422 INFO Row 351: chunking disabled, using 1 chunk
2026-03-03 21:22:29,425 INFO Row 352: chunking disabled, using 1 chunk
2026-03-03 21:22:29,428 INFO Row 353: chunking disabled, using 1 chunk
2026-03-03 21:22:29,431 INFO Row 354: chunking disabled, using 1 chunk
2026-03-03 21:22:29,435 INFO Row 355: chunking disabled, using 1 chunk
2026-03-03 21:22:29,440 INFO Row 356: chunking disabled, using 1 chunk
2026-03-03 21:22:29,441 INFO Row 357: chunking disabled, using 1 chunk
2026-03-03 21:22:29,445 INFO Row 358: chunking disabled, using 1 chunk
2026-03-03 21:22:29,448 INFO Row 359: chunking disabled, using 1 chunk
2026-03-03 21:22:29,451 INFO Row 360: chunking disabled, using 1 chunk
2026-03-03 21:22:29,454 INFO Row 361: chunking disabled, using 1 chunk
2026-03-03 21:22:29,457 INFO Row 362: chunking disabled, using 1 chunk
2026-03-03 21:22:29,460 INFO Row 363: chunking disabled, using 1 chunk
2026-03-03 21:22:29,463 INFO Row 364: chunking disabled, using 1 chunk
2026-03-03 21:22:29,466 INFO Row 365: chunking disabled, using 1 chunk
2026-03-03 21:22:29,469 INFO Row 366: chunking disabled, using 1 chunk
2026-03-03 21:22:29,472 INFO Row 367: chunking disabled, using 1 chunk
2026-03-03 21:22:29,475 INFO Row 368: chunking disabled, using 1 chunk
2026-03-03 21:22:29,477 INFO Row 369: chunking disabled, using 1 chunk
2026-03-03 21:22:29,481 INFO Row 370: chunking disabled, using 1 chunk
2026-03-03 21:22:29,483 INFO Row 371: chunking disabled, using 1 chunk
2026-03-03 21:22:29,487 INFO Row 372: chunking disabled, using 1 chunk
2026-03-03 21:22:29,490 INFO Row 373: chunking disabled, using 1 chunk
2026-03-03 21:22:29,493 INFO Row 374: chunking disabled, using 1 chunk
2026-03-03 21:22:29,496 INFO Row 375: chunking disabled, using 1 chunk
2026-03-03 21:22:29,499 INFO Row 376: chunking disabled, using 1 chunk
2026-03-03 21:22:29,502 INFO Row 377: chunking disabled, using 1 chunk
2026-03-03 21:22:29,505 INFO Row 378: chunking disabled, using 1 chunk
2026-03-03 21:22:29,508 INFO Row 379: chunking disabled, using 1 chunk
2026-03-03 21:22:29,511 INFO Row 380: chunking disabled, using 1 chunk
2026-03-03 21:22:29,517 INFO Row 381: chunking disabled, using 1 chunk
2026-03-03 21:22:29,521 INFO Row 382: chunking disabled, using 1 chunk
2026-03-03 21:22:29,524 INFO Row 383: chunking disabled, using 1 chunk
2026-03-03 21:22:29,527 INFO Row 384: chunking disabled, using 1 chunk
2026-03-03 21:22:29,530 INFO Row 385: chunking disabled, using 1 chunk
2026-03-03 21:22:29,533 INFO Row 386: chunking disabled, using 1 chunk
2026-03-03 21:22:29,537 INFO Row 387: chunking disabled, using 1 chunk
2026-03-03 21:22:29,541 INFO Row 388: chunking disabled, using 1 chunk
2026-03-03 21:22:29,544 INFO Row 389: chunking disabled, using 1 chunk
2026-03-03 21:22:29,547 INFO Row 390: chunking disabled, using 1 chunk
2026-03-03 21:22:29,549 INFO Row 391: chunking disabled, using 1 chunk
2026-03-03 21:22:29,550 INFO Row 392: chunking disabled, using 1 chunk
2026-03-03 21:22:29,553 INFO Row 393: chunking disabled, using 1 chunk
2026-03-03 21:22:29,555 INFO Row 394: chunking disabled, using 1 chunk
2026-03-03 21:22:29,557 INFO Row 395: chunking disabled, using 1 chunk
2026-03-03 21:22:29,559 INFO Row 396: chunking disabled, using 1 chunk
2026-03-03 21:22:29,561 INFO Row 397: chunking disabled, using 1 chunk
2026-03-03 21:22:29,563 INFO Row 398: chunking disabled, using 1 chunk
2026-03-03 21:22:29,567 INFO Row 399: chunking disabled, using 1 chunk
2026-03-03 21:22:29,570 INFO Row 400: chunking disabled, using 1 chunk
2026-03-03 21:22:29,573 INFO Row 401: chunking disabled, using 1 chunk
2026-03-03 21:22:29,577 INFO Row 402: chunking disabled, using 1 chunk
2026-03-03 21:22:29,580 INFO Row 403: chunking disabled, using 1 chunk
2026-03-03 21:22:29,583 INFO Row 404: chunking disabled, using 1 chunk
2026-03-03 21:22:29,586 INFO Row 405: chunking disabled, using 1 chunk
2026-03-03 21:22:29,588 INFO Row 406: chunking disabled, using 1 chunk
2026-03-03 21:22:29,591 INFO Row 407: chunking disabled, using 1 chunk
2026-03-03 21:22:29,594 INFO Row 408: chunking disabled, using 1 chunk
2026-03-03 21:22:29,597 INFO Row 409: chunking disabled, using 1 chunk
2026-03-03 21:22:29,601 INFO Row 410: chunking disabled, using 1 chunk
2026-03-03 21:22:29,604 INFO Row 411: chunking disabled, using 1 chunk
2026-03-03 21:22:29,606 INFO Row 412: chunking disabled, using 1 chunk
2026-03-03 21:22:29,609 INFO Row 413: chunking disabled, using 1 chunk
2026-03-03 21:22:29,612 INFO Row 414: chunking disabled, using 1 chunk
2026-03-03 21:22:29,615 INFO Row 415: chunking disabled, using 1 chunk
2026-03-03 21:22:29,618 INFO Row 416: chunking disabled, using 1 chunk
2026-03-03 21:22:29,621 INFO Row 417: chunking disabled, using 1 chunk
2026-03-03 21:22:29,624 INFO Row 418: chunking disabled, using 1 chunk
2026-03-03 21:22:29,627 INFO Row 419: chunking disabled, using 1 chunk
2026-03-03 21:22:29,631 INFO Row 420: chunking disabled, using 1 chunk
2026-03-03 21:22:29,634 INFO Row 421: chunking disabled, using 1 chunk
2026-03-03 21:22:29,637 INFO Row 422: chunking disabled, using 1 chunk
2026-03-03 21:22:29,640 INFO Row 423: chunking disabled, using 1 chunk
2026-03-03 21:22:29,644 INFO Row 424: chunking disabled, using 1 chunk
2026-03-03 21:22:29,647 INFO Row 425: chunking disabled, using 1 chunk
2026-03-03 21:22:29,650 INFO Row 426: chunking disabled, using 1 chunk
2026-03-03 21:22:29,653 INFO Row 427: chunking disabled, using 1 chunk
2026-03-03 21:22:29,655 INFO Row 428: chunking disabled, using 1 chunk
2026-03-03 21:22:29,658 INFO Row 429: chunking disabled, using 1 chunk
2026-03-03 21:22:29,663 INFO Row 430: chunking disabled, using 1 chunk
2026-03-03 21:22:29,667 INFO Row 431: chunking disabled, using 1 chunk
2026-03-03 21:22:29,670 INFO Row 432: chunking disabled, using 1 chunk
2026-03-03 21:22:29,673 INFO Row 433: chunking disabled, using 1 chunk
2026-03-03 21:22:29,676 INFO Row 434: chunking disabled, using 1 chunk
2026-03-03 21:22:29,679 INFO Row 435: chunking disabled, using 1 chunk
2026-03-03 21:22:29,682 INFO Row 436: chunking disabled, using 1 chunk
2026-03-03 21:22:29,686 INFO Row 437: chunking disabled, using 1 chunk
2026-03-03 21:22:29,689 INFO Row 438: chunking disabled, using 1 chunk
2026-03-03 21:22:29,692 INFO Row 439: chunking disabled, using 1 chunk
2026-03-03 21:22:29,694 INFO Row 440: chunking disabled, using 1 chunk
2026-03-03 21:22:29,697 INFO Row 441: chunking disabled, using 1 chunk
2026-03-03 21:22:29,700 INFO Row 442: chunking disabled, using 1 chunk
2026-03-03 21:22:29,703 INFO Row 443: chunking disabled, using 1 chunk
2026-03-03 21:22:29,706 INFO Row 444: chunking disabled, using 1 chunk
2026-03-03 21:22:29,709 INFO Row 445: chunking disabled, using 1 chunk
2026-03-03 21:22:29,712 INFO Row 446: chunking disabled, using 1 chunk
2026-03-03 21:22:29,715 INFO Row 447: chunking disabled, using 1 chunk
2026-03-03 21:22:29,718 INFO Row 448: chunking disabled, using 1 chunk
2026-03-03 21:22:29,720 INFO Row 449: chunking disabled, using 1 chunk
2026-03-03 21:22:29,721 INFO Row 450: chunking disabled, using 1 chunk
2026-03-03 21:22:29,723 INFO Row 451: chunking disabled, using 1 chunk
2026-03-03 21:22:29,725 INFO Row 452: chunking disabled, using 1 chunk
2026-03-03 21:22:29,727 INFO Row 453: chunking disabled, using 1 chunk
2026-03-03 21:22:29,729 INFO Row 454: chunking disabled, using 1 chunk
2026-03-03 21:22:29,732 INFO Row 455: chunking disabled, using 1 chunk
2026-03-03 21:22:29,734 INFO Row 456: chunking disabled, using 1 chunk
2026-03-03 21:22:29,738 INFO Row 457: chunking disabled, using 1 chunk
2026-03-03 21:22:29,741 INFO Row 458: chunking disabled, using 1 chunk
2026-03-03 21:22:29,749 INFO Row 459: chunking disabled, using 1 chunk
2026-03-03 21:22:29,750 INFO Row 460: chunking disabled, using 1 chunk
2026-03-03 21:22:29,758 INFO Row 461: chunking disabled, using 1 chunk
2026-03-03 21:22:29,761 INFO Row 462: chunking disabled, using 1 chunk
2026-03-03 21:22:29,766 INFO Row 463: chunking disabled, using 1 chunk
2026-03-03 21:22:29,769 INFO Row 464: chunking disabled, using 1 chunk
2026-03-03 21:22:29,774 INFO Row 465: chunking disabled, using 1 chunk
2026-03-03 21:22:29,776 INFO Row 466: chunking disabled, using 1 chunk
2026-03-03 21:22:29,779 INFO Row 467: chunking disabled, using 1 chunk
2026-03-03 21:22:29,786 INFO Row 468: chunking disabled, using 1 chunk
2026-03-03 21:22:29,788 INFO Row 469: chunking disabled, using 1 chunk
2026-03-03 21:22:29,791 INFO Row 470: chunking disabled, using 1 chunk
2026-03-03 21:22:29,794 INFO Row 471: chunking disabled, using 1 chunk
2026-03-03 21:22:29,798 INFO Row 472: chunking disabled, using 1 chunk
2026-03-03 21:22:29,800 INFO Row 473: chunking disabled, using 1 chunk
2026-03-03 21:22:29,803 INFO Row 474: chunking disabled, using 1 chunk
2026-03-03 21:22:29,807 INFO Row 475: chunking disabled, using 1 chunk
2026-03-03 21:22:29,810 INFO Row 476: chunking disabled, using 1 chunk
2026-03-03 21:22:29,813 INFO Row 477: chunking disabled, using 1 chunk
2026-03-03 21:22:29,817 INFO Row 478: chunking disabled, using 1 chunk
2026-03-03 21:22:29,820 INFO Row 479: chunking disabled, using 1 chunk
2026-03-03 21:22:29,823 INFO Row 480: chunking disabled, using 1 chunk
2026-03-03 21:22:29,826 INFO Row 481: chunking disabled, using 1 chunk
2026-03-03 21:22:29,829 INFO Row 482: chunking disabled, using 1 chunk
2026-03-03 21:22:29,832 INFO Row 483: chunking disabled, using 1 chunk
2026-03-03 21:22:29,836 INFO Row 484: chunking disabled, using 1 chunk
2026-03-03 21:22:29,839 INFO Row 485: chunking disabled, using 1 chunk
2026-03-03 21:22:29,842 INFO Row 486: chunking disabled, using 1 chunk
2026-03-03 21:22:29,845 INFO Row 487: chunking disabled, using 1 chunk
2026-03-03 21:22:29,852 INFO Row 488: chunking disabled, using 1 chunk
2026-03-03 21:22:29,854 INFO Row 489: chunking disabled, using 1 chunk
2026-03-03 21:22:29,858 INFO Row 490: chunking disabled, using 1 chunk
2026-03-03 21:22:29,860 INFO Row 491: chunking disabled, using 1 chunk
2026-03-03 21:22:29,863 INFO Row 492: chunking disabled, using 1 chunk
2026-03-03 21:22:29,867 INFO Row 493: chunking disabled, using 1 chunk
2026-03-03 21:22:29,871 INFO Row 494: chunking disabled, using 1 chunk
2026-03-03 21:22:29,874 INFO Row 495: chunking disabled, using 1 chunk
2026-03-03 21:22:29,877 INFO Row 496: chunking disabled, using 1 chunk
2026-03-03 21:22:29,880 INFO Row 497: chunking disabled, using 1 chunk
2026-03-03 21:22:29,883 INFO Row 498: chunking disabled, using 1 chunk
2026-03-03 21:22:29,886 INFO Row 499: chunking disabled, using 1 chunk
2026-03-03 21:22:29,890 INFO Row 500: chunking disabled, using 1 chunk
2026-03-03 21:22:29,893 INFO Row 501: chunking disabled, using 1 chunk
2026-03-03 21:22:29,896 INFO Row 502: chunking disabled, using 1 chunk
2026-03-03 21:22:29,899 INFO Row 503: chunking disabled, using 1 chunk
2026-03-03 21:22:29,902 INFO Row 504: chunking disabled, using 1 chunk
2026-03-03 21:22:29,905 INFO Row 505: chunking disabled, using 1 chunk
2026-03-03 21:22:29,908 INFO Row 506: chunking disabled, using 1 chunk
2026-03-03 21:22:29,910 INFO Row 507: chunking disabled, using 1 chunk
2026-03-03 21:22:29,912 INFO Row 508: chunking disabled, using 1 chunk
2026-03-03 21:22:29,914 INFO Row 509: chunking disabled, using 1 chunk
2026-03-03 21:22:29,916 INFO Row 510: chunking disabled, using 1 chunk
2026-03-03 21:22:29,918 INFO Row 511: chunking disabled, using 1 chunk
2026-03-03 21:22:29,920 INFO Row 512: chunking disabled, using 1 chunk
2026-03-03 21:22:29,923 INFO Row 513: chunking disabled, using 1 chunk
2026-03-03 21:22:29,927 INFO Row 514: chunking disabled, using 1 chunk
2026-03-03 21:22:29,930 INFO Row 515: chunking disabled, using 1 chunk
2026-03-03 21:22:29,933 INFO Row 516: chunking disabled, using 1 chunk
2026-03-03 21:22:29,936 INFO Row 517: chunking disabled, using 1 chunk
2026-03-03 21:22:29,939 INFO Row 518: chunking disabled, using 1 chunk
2026-03-03 21:22:29,942 INFO Row 519: chunking disabled, using 1 chunk
2026-03-03 21:22:29,945 INFO Row 520: chunking disabled, using 1 chunk
2026-03-03 21:22:29,948 INFO Row 521: chunking disabled, using 1 chunk
2026-03-03 21:22:29,951 INFO Row 522: chunking disabled, using 1 chunk
2026-03-03 21:22:29,954 INFO Row 523: chunking disabled, using 1 chunk
2026-03-03 21:22:29,957 INFO Row 524: chunking disabled, using 1 chunk
2026-03-03 21:22:29,962 INFO Row 525: chunking disabled, using 1 chunk
2026-03-03 21:22:29,965 INFO Row 526: chunking disabled, using 1 chunk
2026-03-03 21:22:29,968 INFO Row 527: chunking disabled, using 1 chunk
2026-03-03 21:22:29,971 INFO Row 528: chunking disabled, using 1 chunk
2026-03-03 21:22:29,974 INFO Row 529: chunking disabled, using 1 chunk
2026-03-03 21:22:29,977 INFO Row 530: chunking disabled, using 1 chunk
2026-03-03 21:22:29,980 INFO Row 531: chunking disabled, using 1 chunk
2026-03-03 21:22:29,983 INFO Row 532: chunking disabled, using 1 chunk
2026-03-03 21:22:29,986 INFO Row 533: chunking disabled, using 1 chunk
2026-03-03 21:22:29,990 INFO Row 534: chunking disabled, using 1 chunk
2026-03-03 21:22:29,994 INFO Row 535: chunking disabled, using 1 chunk
2026-03-03 21:22:29,998 INFO Row 536: chunking disabled, using 1 chunk
2026-03-03 21:22:30,007 INFO Row 537: chunking disabled, using 1 chunk
2026-03-03 21:22:30,009 INFO Row 538: chunking disabled, using 1 chunk
2026-03-03 21:22:30,013 INFO Row 539: chunking disabled, using 1 chunk
2026-03-03 21:22:30,016 INFO Row 540: chunking disabled, using 1 chunk
2026-03-03 21:22:30,019 INFO Row 541: chunking disabled, using 1 chunk
2026-03-03 21:22:30,022 INFO Row 542: chunking disabled, using 1 chunk
2026-03-03 21:22:30,026 INFO Row 543: chunking disabled, using 1 chunk
2026-03-03 21:22:30,035 INFO Row 544: chunking disabled, using 1 chunk
2026-03-03 21:22:30,042 INFO Row 545: chunking disabled, using 1 chunk
2026-03-03 21:22:30,045 INFO Row 546: chunking disabled, using 1 chunk
2026-03-03 21:22:30,048 INFO Row 547: chunking disabled, using 1 chunk
2026-03-03 21:22:30,052 INFO Row 548: chunking disabled, using 1 chunk
2026-03-03 21:22:30,055 INFO Row 549: chunking disabled, using 1 chunk
2026-03-03 21:22:30,058 INFO Row 550: chunking disabled, using 1 chunk
2026-03-03 21:22:30,063 INFO Row 551: chunking disabled, using 1 chunk
2026-03-03 21:22:30,066 INFO Row 552: chunking disabled, using 1 chunk
2026-03-03 21:22:30,070 INFO Row 553: chunking disabled, using 1 chunk
2026-03-03 21:22:30,073 INFO Row 554: chunking disabled, using 1 chunk
2026-03-03 21:22:30,076 INFO Row 555: chunking disabled, using 1 chunk
2026-03-03 21:22:30,078 INFO Row 556: chunking disabled, using 1 chunk
2026-03-03 21:22:30,081 INFO Row 557: chunking disabled, using 1 chunk
2026-03-03 21:22:30,085 INFO Row 558: chunking disabled, using 1 chunk
2026-03-03 21:22:30,090 INFO Row 559: chunking disabled, using 1 chunk
2026-03-03 21:22:30,092 INFO Row 560: chunking disabled, using 1 chunk
2026-03-03 21:22:30,108 INFO Row 561: chunking disabled, using 1 chunk
2026-03-03 21:22:30,116 INFO Row 562: chunking disabled, using 1 chunk
2026-03-03 21:22:30,121 INFO Row 563: chunking disabled, using 1 chunk
2026-03-03 21:22:30,123 INFO Row 564: chunking disabled, using 1 chunk
2026-03-03 21:22:30,125 INFO Row 565: chunking disabled, using 1 chunk
2026-03-03 21:22:30,127 INFO Row 566: chunking disabled, using 1 chunk
2026-03-03 21:22:30,129 INFO Row 567: chunking disabled, using 1 chunk
2026-03-03 21:22:30,131 INFO Row 568: chunking disabled, using 1 chunk
2026-03-03 21:22:30,133 INFO Row 569: chunking disabled, using 1 chunk
2026-03-03 21:22:30,135 INFO Row 570: chunking disabled, using 1 chunk
2026-03-03 21:22:30,138 INFO Row 571: chunking disabled, using 1 chunk
2026-03-03 21:22:30,140 INFO Row 572: chunking disabled, using 1 chunk
2026-03-03 21:22:30,143 INFO Row 573: chunking disabled, using 1 chunk
2026-03-03 21:22:30,146 INFO Row 574: chunking disabled, using 1 chunk
2026-03-03 21:22:30,150 INFO Row 575: chunking disabled, using 1 chunk
2026-03-03 21:22:30,153 INFO Row 576: chunking disabled, using 1 chunk
2026-03-03 21:22:30,156 INFO Row 577: chunking disabled, using 1 chunk
2026-03-03 21:22:30,159 INFO Row 578: chunking disabled, using 1 chunk
2026-03-03 21:22:30,161 INFO Row 579: chunking disabled, using 1 chunk
2026-03-03 21:22:30,164 INFO Row 580: chunking disabled, using 1 chunk
2026-03-03 21:22:30,167 INFO Row 581: chunking disabled, using 1 chunk
2026-03-03 21:22:30,170 INFO Row 582: chunking disabled, using 1 chunk
2026-03-03 21:22:30,174 INFO Row 583: chunking disabled, using 1 chunk
2026-03-03 21:22:30,177 INFO Row 584: chunking disabled, using 1 chunk
2026-03-03 21:22:30,184 INFO Row 585: chunking disabled, using 1 chunk
2026-03-03 21:22:30,185 INFO Row 586: chunking disabled, using 1 chunk
2026-03-03 21:22:30,188 INFO Row 587: chunking disabled, using 1 chunk
2026-03-03 21:22:30,191 INFO Row 588: chunking disabled, using 1 chunk
2026-03-03 21:22:30,194 INFO Row 589: chunking disabled, using 1 chunk
2026-03-03 21:22:30,197 INFO Row 590: chunking disabled, using 1 chunk
2026-03-03 21:22:30,200 INFO Row 591: chunking disabled, using 1 chunk
2026-03-03 21:22:30,205 INFO Row 592: chunking disabled, using 1 chunk
2026-03-03 21:22:30,208 INFO Row 593: chunking disabled, using 1 chunk
2026-03-03 21:22:30,211 INFO Row 594: chunking disabled, using 1 chunk
2026-03-03 21:22:30,214 INFO Row 595: chunking disabled, using 1 chunk
2026-03-03 21:22:30,218 INFO Row 596: chunking disabled, using 1 chunk
2026-03-03 21:22:30,221 INFO Row 597: chunking disabled, using 1 chunk
2026-03-03 21:22:30,223 INFO Row 598: chunking disabled, using 1 chunk
2026-03-03 21:22:30,230 INFO Row 599: chunking disabled, using 1 chunk
2026-03-03 21:22:30,233 INFO Row 600: chunking disabled, using 1 chunk
2026-03-03 21:22:30,237 INFO Row 601: chunking disabled, using 1 chunk
2026-03-03 21:22:30,241 INFO Row 602: chunking disabled, using 1 chunk
2026-03-03 21:22:30,244 INFO Row 603: chunking disabled, using 1 chunk
2026-03-03 21:22:30,247 INFO Row 604: chunking disabled, using 1 chunk
2026-03-03 21:22:30,250 INFO Row 605: chunking disabled, using 1 chunk
2026-03-03 21:22:30,253 INFO Row 606: chunking disabled, using 1 chunk
2026-03-03 21:22:30,256 INFO Row 607: chunking disabled, using 1 chunk
2026-03-03 21:22:30,259 INFO Row 608: chunking disabled, using 1 chunk
2026-03-03 21:22:30,262 INFO Row 609: chunking disabled, using 1 chunk
2026-03-03 21:22:30,265 INFO Row 610: chunking disabled, using 1 chunk
2026-03-03 21:22:30,267 INFO Row 611: chunking disabled, using 1 chunk
2026-03-03 21:22:30,270 INFO Row 612: chunking disabled, using 1 chunk
2026-03-03 21:22:30,273 INFO Row 613: chunking disabled, using 1 chunk
2026-03-03 21:22:30,276 INFO Row 614: chunking disabled, using 1 chunk
2026-03-03 21:22:30,281 INFO Row 615: chunking disabled, using 1 chunk
2026-03-03 21:22:30,284 INFO Row 616: chunking disabled, using 1 chunk
2026-03-03 21:22:30,288 INFO Row 617: chunking disabled, using 1 chunk
2026-03-03 21:22:30,291 INFO Row 618: chunking disabled, using 1 chunk
2026-03-03 21:22:30,299 INFO Row 619: chunking disabled, using 1 chunk
2026-03-03 21:22:30,302 INFO Row 620: chunking disabled, using 1 chunk
2026-03-03 21:22:30,306 INFO Row 621: chunking disabled, using 1 chunk
2026-03-03 21:22:30,308 INFO Row 622: chunking disabled, using 1 chunk
2026-03-03 21:22:30,310 INFO Row 623: chunking disabled, using 1 chunk
2026-03-03 21:22:30,311 INFO Row 624: chunking disabled, using 1 chunk
2026-03-03 21:22:30,313 INFO Row 625: chunking disabled, using 1 chunk
2026-03-03 21:22:30,315 INFO Row 626: chunking disabled, using 1 chunk
2026-03-03 21:22:30,317 INFO Row 627: chunking disabled, using 1 chunk
2026-03-03 21:22:30,320 INFO Row 628: chunking disabled, using 1 chunk
2026-03-03 21:22:30,322 INFO Row 629: chunking disabled, using 1 chunk
2026-03-03 21:22:30,326 INFO Row 630: chunking disabled, using 1 chunk
2026-03-03 21:22:30,330 INFO Row 631: chunking disabled, using 1 chunk
2026-03-03 21:22:30,333 INFO Row 632: chunking disabled, using 1 chunk
2026-03-03 21:22:30,336 INFO Row 633: chunking disabled, using 1 chunk
2026-03-03 21:22:30,339 INFO Row 634: chunking disabled, using 1 chunk
2026-03-03 21:22:30,345 INFO Row 635: chunking disabled, using 1 chunk
2026-03-03 21:22:30,348 INFO Row 636: chunking disabled, using 1 chunk
2026-03-03 21:22:30,350 INFO Row 637: chunking disabled, using 1 chunk
2026-03-03 21:22:30,356 INFO Row 638: chunking disabled, using 1 chunk
2026-03-03 21:22:30,359 INFO Row 639: chunking disabled, using 1 chunk
2026-03-03 21:22:30,362 INFO Row 640: chunking disabled, using 1 chunk
2026-03-03 21:22:30,366 INFO Row 641: chunking disabled, using 1 chunk
2026-03-03 21:22:30,369 INFO Row 642: chunking disabled, using 1 chunk
2026-03-03 21:22:30,371 INFO Row 643: chunking disabled, using 1 chunk
2026-03-03 21:22:30,374 INFO Row 644: chunking disabled, using 1 chunk
2026-03-03 21:22:30,377 INFO Row 645: chunking disabled, using 1 chunk
2026-03-03 21:22:30,380 INFO Row 646: chunking disabled, using 1 chunk
2026-03-03 21:22:30,383 INFO Row 647: chunking disabled, using 1 chunk
2026-03-03 21:22:30,386 INFO Row 648: chunking disabled, using 1 chunk
2026-03-03 21:22:30,389 INFO Row 649: chunking disabled, using 1 chunk
2026-03-03 21:22:30,392 INFO Row 650: chunking disabled, using 1 chunk
2026-03-03 21:22:30,395 INFO Row 651: chunking disabled, using 1 chunk
2026-03-03 21:22:30,397 INFO Row 652: chunking disabled, using 1 chunk
2026-03-03 21:22:30,400 INFO Row 653: chunking disabled, using 1 chunk
2026-03-03 21:22:30,404 INFO Row 654: chunking disabled, using 1 chunk
2026-03-03 21:22:30,407 INFO Row 655: chunking disabled, using 1 chunk
2026-03-03 21:22:30,415 INFO Row 656: chunking disabled, using 1 chunk
2026-03-03 21:22:30,419 INFO Row 657: chunking disabled, using 1 chunk
2026-03-03 21:22:30,422 INFO Row 658: chunking disabled, using 1 chunk
2026-03-03 21:22:30,425 INFO Row 659: chunking disabled, using 1 chunk
2026-03-03 21:22:30,428 INFO Row 660: chunking disabled, using 1 chunk
2026-03-03 21:22:30,431 INFO Row 661: chunking disabled, using 1 chunk
2026-03-03 21:22:30,434 INFO Row 662: chunking disabled, using 1 chunk
2026-03-03 21:22:30,437 INFO Row 663: chunking disabled, using 1 chunk
2026-03-03 21:22:30,440 INFO Row 664: chunking disabled, using 1 chunk
2026-03-03 21:22:30,443 INFO Row 665: chunking disabled, using 1 chunk
2026-03-03 21:22:30,447 INFO Row 666: chunking disabled, using 1 chunk
2026-03-03 21:22:30,450 INFO Row 667: chunking disabled, using 1 chunk
2026-03-03 21:22:30,453 INFO Row 668: chunking disabled, using 1 chunk
2026-03-03 21:22:30,456 INFO Row 669: chunking disabled, using 1 chunk
2026-03-03 21:22:30,460 INFO Row 670: chunking disabled, using 1 chunk
2026-03-03 21:22:30,463 INFO Row 671: chunking disabled, using 1 chunk
2026-03-03 21:22:30,466 INFO Row 672: chunking disabled, using 1 chunk
2026-03-03 21:22:30,469 INFO Row 673: chunking disabled, using 1 chunk
2026-03-03 21:22:30,473 INFO Row 674: chunking disabled, using 1 chunk
2026-03-03 21:22:30,476 INFO Row 675: chunking disabled, using 1 chunk
2026-03-03 21:22:30,478 INFO Row 676: chunking disabled, using 1 chunk
2026-03-03 21:22:30,481 INFO Row 677: chunking disabled, using 1 chunk
2026-03-03 21:22:30,485 INFO Row 678: chunking disabled, using 1 chunk
2026-03-03 21:22:30,488 INFO Row 679: chunking disabled, using 1 chunk
2026-03-03 21:22:30,490 INFO Row 680: chunking disabled, using 1 chunk
2026-03-03 21:22:30,492 INFO Row 681: chunking disabled, using 1 chunk
2026-03-03 21:22:30,494 INFO Row 682: chunking disabled, using 1 chunk
2026-03-03 21:22:30,496 INFO Row 683: chunking disabled, using 1 chunk
2026-03-03 21:22:30,498 INFO Row 684: chunking disabled, using 1 chunk
2026-03-03 21:22:30,500 INFO Row 685: chunking disabled, using 1 chunk
2026-03-03 21:22:30,503 INFO Row 686: chunking disabled, using 1 chunk
2026-03-03 21:22:30,506 INFO Row 687: chunking disabled, using 1 chunk
2026-03-03 21:22:30,509 INFO Row 688: chunking disabled, using 1 chunk
2026-03-03 21:22:30,512 INFO Row 689: chunking disabled, using 1 chunk
2026-03-03 21:22:30,515 INFO Row 690: chunking disabled, using 1 chunk
2026-03-03 21:22:30,518 INFO Row 691: chunking disabled, using 1 chunk
2026-03-03 21:22:30,522 INFO Row 692: chunking disabled, using 1 chunk
2026-03-03 21:22:30,525 INFO Row 693: chunking disabled, using 1 chunk
2026-03-03 21:22:30,528 INFO Row 694: chunking disabled, using 1 chunk
2026-03-03 21:22:30,532 INFO Row 695: chunking disabled, using 1 chunk
2026-03-03 21:22:30,535 INFO Row 696: chunking disabled, using 1 chunk
2026-03-03 21:22:30,538 INFO Row 697: chunking disabled, using 1 chunk
2026-03-03 21:22:30,541 INFO Row 698: chunking disabled, using 1 chunk
2026-03-03 21:22:30,544 INFO Row 699: chunking disabled, using 1 chunk
2026-03-03 21:22:30,548 INFO Row 700: chunking disabled, using 1 chunk
2026-03-03 21:22:30,551 INFO Row 701: chunking disabled, using 1 chunk
2026-03-03 21:22:30,554 INFO Row 702: chunking disabled, using 1 chunk
2026-03-03 21:22:30,557 INFO Row 703: chunking disabled, using 1 chunk
2026-03-03 21:22:30,560 INFO Row 704: chunking disabled, using 1 chunk
2026-03-03 21:22:30,566 INFO Row 705: chunking disabled, using 1 chunk
2026-03-03 21:22:30,569 INFO Row 706: chunking disabled, using 1 chunk
2026-03-03 21:22:30,571 INFO Row 707: chunking disabled, using 1 chunk
2026-03-03 21:22:30,575 INFO Row 708: chunking disabled, using 1 chunk
2026-03-03 21:22:30,581 INFO Row 709: chunking disabled, using 1 chunk
2026-03-03 21:22:30,584 INFO Row 710: chunking disabled, using 1 chunk
2026-03-03 21:22:30,587 INFO Row 711: chunking disabled, using 1 chunk
2026-03-03 21:22:30,590 INFO Row 712: chunking disabled, using 1 chunk
2026-03-03 21:22:30,592 INFO Row 713: chunking disabled, using 1 chunk
2026-03-03 21:22:30,595 INFO Row 714: chunking disabled, using 1 chunk
2026-03-03 21:22:30,598 INFO Row 715: chunking disabled, using 1 chunk
2026-03-03 21:22:30,602 INFO Row 716: chunking disabled, using 1 chunk
2026-03-03 21:22:30,607 INFO Row 717: chunking disabled, using 1 chunk
2026-03-03 21:22:30,610 INFO Row 718: chunking disabled, using 1 chunk
2026-03-03 21:22:30,613 INFO Row 719: chunking disabled, using 1 chunk
2026-03-03 21:22:30,616 INFO Row 720: chunking disabled, using 1 chunk
2026-03-03 21:22:30,619 INFO Row 721: chunking disabled, using 1 chunk
2026-03-03 21:22:30,622 INFO Row 722: chunking disabled, using 1 chunk
2026-03-03 21:22:30,626 INFO Row 723: chunking disabled, using 1 chunk
2026-03-03 21:22:30,629 INFO Row 724: chunking disabled, using 1 chunk
2026-03-03 21:22:30,631 INFO Row 725: chunking disabled, using 1 chunk
2026-03-03 21:22:30,634 INFO Row 726: chunking disabled, using 1 chunk
2026-03-03 21:22:30,637 INFO Row 727: chunking disabled, using 1 chunk
2026-03-03 21:22:30,641 INFO Row 728: chunking disabled, using 1 chunk
2026-03-03 21:22:30,644 INFO Row 729: chunking disabled, using 1 chunk
2026-03-03 21:22:30,646 INFO Row 730: chunking disabled, using 1 chunk
2026-03-03 21:22:30,649 INFO Row 731: chunking disabled, using 1 chunk
2026-03-03 21:22:30,652 INFO Row 732: chunking disabled, using 1 chunk
2026-03-03 21:22:30,655 INFO Row 733: chunking disabled, using 1 chunk
2026-03-03 21:22:30,658 INFO Row 734: chunking disabled, using 1 chunk
2026-03-03 21:22:30,661 INFO Row 735: chunking disabled, using 1 chunk
2026-03-03 21:22:30,664 INFO Row 736: chunking disabled, using 1 chunk
2026-03-03 21:22:30,667 INFO Row 737: chunking disabled, using 1 chunk
2026-03-03 21:22:30,669 INFO Row 738: chunking disabled, using 1 chunk
2026-03-03 21:22:30,671 INFO Row 739: chunking disabled, using 1 chunk
2026-03-03 21:22:30,673 INFO Row 740: chunking disabled, using 1 chunk
2026-03-03 21:22:30,675 INFO Row 741: chunking disabled, using 1 chunk
2026-03-03 21:22:30,677 INFO Row 742: chunking disabled, using 1 chunk
2026-03-03 21:22:30,680 INFO Row 743: chunking disabled, using 1 chunk
2026-03-03 21:22:30,684 INFO Row 744: chunking disabled, using 1 chunk
2026-03-03 21:22:30,687 INFO Row 745: chunking disabled, using 1 chunk
2026-03-03 21:22:30,690 INFO Row 746: chunking disabled, using 1 chunk
2026-03-03 21:22:30,693 INFO Row 747: chunking disabled, using 1 chunk
2026-03-03 21:22:30,696 INFO Row 748: chunking disabled, using 1 chunk
2026-03-03 21:22:30,699 INFO Row 749: chunking disabled, using 1 chunk
2026-03-03 21:22:30,703 INFO Row 750: chunking disabled, using 1 chunk
2026-03-03 21:22:30,705 INFO Row 751: chunking disabled, using 1 chunk
2026-03-03 21:22:30,708 INFO Row 752: chunking disabled, using 1 chunk
2026-03-03 21:22:30,711 INFO Row 753: chunking disabled, using 1 chunk
2026-03-03 21:22:30,714 INFO Row 754: chunking disabled, using 1 chunk
2026-03-03 21:22:30,717 INFO Row 755: chunking disabled, using 1 chunk
2026-03-03 21:22:30,720 INFO Row 756: chunking disabled, using 1 chunk
2026-03-03 21:22:30,723 INFO Row 757: chunking disabled, using 1 chunk
2026-03-03 21:22:30,726 INFO Row 758: chunking disabled, using 1 chunk
2026-03-03 21:22:30,729 INFO Row 759: chunking disabled, using 1 chunk
2026-03-03 21:22:30,732 INFO Row 760: chunking disabled, using 1 chunk
2026-03-03 21:22:30,735 INFO Row 761: chunking disabled, using 1 chunk
2026-03-03 21:22:30,738 INFO Row 762: chunking disabled, using 1 chunk
2026-03-03 21:22:30,741 INFO Row 763: chunking disabled, using 1 chunk
2026-03-03 21:22:30,744 INFO Row 764: chunking disabled, using 1 chunk
2026-03-03 21:22:30,748 INFO Row 765: chunking disabled, using 1 chunk
2026-03-03 21:22:30,751 INFO Row 766: chunking disabled, using 1 chunk
2026-03-03 21:22:30,754 INFO Row 767: chunking disabled, using 1 chunk
2026-03-03 21:22:30,758 INFO Row 768: chunking disabled, using 1 chunk
2026-03-03 21:22:30,761 INFO Row 769: chunking disabled, using 1 chunk
2026-03-03 21:22:30,763 INFO Row 770: chunking disabled, using 1 chunk
2026-03-03 21:22:30,767 INFO Row 771: chunking disabled, using 1 chunk
2026-03-03 21:22:30,769 INFO Row 772: chunking disabled, using 1 chunk
2026-03-03 21:22:30,772 INFO Row 773: chunking disabled, using 1 chunk
2026-03-03 21:22:30,775 INFO Row 774: chunking disabled, using 1 chunk
2026-03-03 21:22:30,778 INFO Row 775: chunking disabled, using 1 chunk
2026-03-03 21:22:30,781 INFO Row 776: chunking disabled, using 1 chunk
2026-03-03 21:22:30,784 INFO Row 777: chunking disabled, using 1 chunk
2026-03-03 21:22:30,787 INFO Row 778: chunking disabled, using 1 chunk
2026-03-03 21:22:30,789 INFO Row 779: chunking disabled, using 1 chunk
2026-03-03 21:22:30,793 INFO Row 780: chunking disabled, using 1 chunk
2026-03-03 21:22:30,796 INFO Row 781: chunking disabled, using 1 chunk
2026-03-03 21:22:30,798 INFO Row 782: chunking disabled, using 1 chunk
2026-03-03 21:22:30,801 INFO Row 783: chunking disabled, using 1 chunk
2026-03-03 21:22:30,804 INFO Row 784: chunking disabled, using 1 chunk
2026-03-03 21:22:30,809 INFO Row 785: chunking disabled, using 1 chunk
2026-03-03 21:22:30,812 INFO Row 786: chunking disabled, using 1 chunk
2026-03-03 21:22:30,815 INFO Row 787: chunking disabled, using 1 chunk
2026-03-03 21:22:30,818 INFO Row 788: chunking disabled, using 1 chunk
2026-03-03 21:22:30,821 INFO Row 789: chunking disabled, using 1 chunk
2026-03-03 21:22:30,824 INFO Row 790: chunking disabled, using 1 chunk
2026-03-03 21:22:30,827 INFO Row 791: chunking disabled, using 1 chunk
2026-03-03 21:22:30,830 INFO Row 792: chunking disabled, using 1 chunk
2026-03-03 21:22:30,833 INFO Row 793: chunking disabled, using 1 chunk
2026-03-03 21:22:30,836 INFO Row 794: chunking disabled, using 1 chunk
2026-03-03 21:22:30,837 INFO Row 795: chunking disabled, using 1 chunk
2026-03-03 21:22:30,839 INFO Row 796: chunking disabled, using 1 chunk
2026-03-03 21:22:30,841 INFO Row 797: chunking disabled, using 1 chunk
2026-03-03 21:22:30,843 INFO Row 798: chunking disabled, using 1 chunk
2026-03-03 21:22:30,845 INFO Row 799: chunking disabled, using 1 chunk
2026-03-03 21:22:30,847 INFO Row 800: chunking disabled, using 1 chunk
2026-03-03 21:22:30,849 INFO Row 801: chunking disabled, using 1 chunk
2026-03-03 21:22:30,851 INFO Row 802: chunking disabled, using 1 chunk
2026-03-03 21:22:30,854 INFO Row 803: chunking disabled, using 1 chunk
2026-03-03 21:22:30,858 INFO Row 804: chunking disabled, using 1 chunk
2026-03-03 21:22:30,860 INFO Row 805: chunking disabled, using 1 chunk
2026-03-03 21:22:30,864 INFO Row 806: chunking disabled, using 1 chunk
2026-03-03 21:22:30,866 INFO Row 807: chunking disabled, using 1 chunk
2026-03-03 21:22:30,869 INFO Row 808: chunking disabled, using 1 chunk
2026-03-03 21:22:30,872 INFO Row 809: chunking disabled, using 1 chunk
2026-03-03 21:22:30,875 INFO Row 810: chunking disabled, using 1 chunk
2026-03-03 21:22:30,878 INFO Row 811: chunking disabled, using 1 chunk
2026-03-03 21:22:30,882 INFO Row 812: chunking disabled, using 1 chunk
2026-03-03 21:22:30,885 INFO Row 813: chunking disabled, using 1 chunk
2026-03-03 21:22:30,888 INFO Row 814: chunking disabled, using 1 chunk
2026-03-03 21:22:30,891 INFO Row 815: chunking disabled, using 1 chunk
2026-03-03 21:22:30,894 INFO Row 816: chunking disabled, using 1 chunk
2026-03-03 21:22:30,896 INFO Row 817: chunking disabled, using 1 chunk
2026-03-03 21:22:30,899 INFO Row 818: chunking disabled, using 1 chunk
2026-03-03 21:22:30,902 INFO Row 819: chunking disabled, using 1 chunk
2026-03-03 21:22:30,905 INFO Row 820: chunking disabled, using 1 chunk
2026-03-03 21:22:30,908 INFO Row 821: chunking disabled, using 1 chunk
2026-03-03 21:22:30,911 INFO Row 822: chunking disabled, using 1 chunk
2026-03-03 21:22:30,913 INFO Row 823: chunking disabled, using 1 chunk
2026-03-03 21:22:30,916 INFO Row 824: chunking disabled, using 1 chunk
2026-03-03 21:22:30,921 INFO Row 825: chunking disabled, using 1 chunk
2026-03-03 21:22:30,923 INFO Row 826: chunking disabled, using 1 chunk
2026-03-03 21:22:30,926 INFO Row 827: chunking disabled, using 1 chunk
2026-03-03 21:22:30,929 INFO Row 828: chunking disabled, using 1 chunk
2026-03-03 21:22:30,933 INFO Row 829: chunking disabled, using 1 chunk
2026-03-03 21:22:30,936 INFO Row 830: chunking disabled, using 1 chunk
2026-03-03 21:22:30,938 INFO Row 831: chunking disabled, using 1 chunk
2026-03-03 21:22:30,941 INFO Row 832: chunking disabled, using 1 chunk
2026-03-03 21:22:30,944 INFO Row 833: chunking disabled, using 1 chunk
2026-03-03 21:22:30,947 INFO Row 834: chunking disabled, using 1 chunk
2026-03-03 21:22:30,950 INFO Row 835: chunking disabled, using 1 chunk
2026-03-03 21:22:30,953 INFO Row 836: chunking disabled, using 1 chunk
2026-03-03 21:22:30,957 INFO Row 837: chunking disabled, using 1 chunk
2026-03-03 21:22:30,960 INFO Row 838: chunking disabled, using 1 chunk
2026-03-03 21:22:30,963 INFO Row 839: chunking disabled, using 1 chunk
2026-03-03 21:22:30,966 INFO Row 840: chunking disabled, using 1 chunk
2026-03-03 21:22:30,969 INFO Row 841: chunking disabled, using 1 chunk
2026-03-03 21:22:30,972 INFO Row 842: chunking disabled, using 1 chunk
2026-03-03 21:22:30,975 INFO Row 843: chunking disabled, using 1 chunk
2026-03-03 21:22:30,981 INFO Row 844: chunking disabled, using 1 chunk
2026-03-03 21:22:30,992 INFO Row 845: chunking disabled, using 1 chunk
2026-03-03 21:22:31,009 INFO Row 846: chunking disabled, using 1 chunk
2026-03-03 21:22:31,021 INFO Row 847: chunking disabled, using 1 chunk
2026-03-03 21:22:31,028 INFO Row 848: chunking disabled, using 1 chunk
2026-03-03 21:22:31,029 INFO Row 849: chunking disabled, using 1 chunk
2026-03-03 21:22:31,033 INFO Row 850: chunking disabled, using 1 chunk
2026-03-03 21:22:31,036 INFO Row 851: chunking disabled, using 1 chunk
2026-03-03 21:22:31,039 INFO Row 852: chunking disabled, using 1 chunk
2026-03-03 21:22:31,041 INFO Row 853: chunking disabled, using 1 chunk
2026-03-03 21:22:31,043 INFO Row 854: chunking disabled, using 1 chunk
2026-03-03 21:22:31,045 INFO Row 855: chunking disabled, using 1 chunk
2026-03-03 21:22:31,047 INFO Row 856: chunking disabled, using 1 chunk
2026-03-03 21:22:31,049 INFO Row 857: chunking disabled, using 1 chunk
2026-03-03 21:22:31,051 INFO Row 858: chunking disabled, using 1 chunk
2026-03-03 21:22:31,054 INFO Row 859: chunking disabled, using 1 chunk
2026-03-03 21:22:31,057 INFO Row 860: chunking disabled, using 1 chunk
2026-03-03 21:22:31,060 INFO Row 861: chunking disabled, using 1 chunk
2026-03-03 21:22:31,063 INFO Row 862: chunking disabled, using 1 chunk
2026-03-03 21:22:31,066 INFO Row 863: chunking disabled, using 1 chunk
2026-03-03 21:22:31,069 INFO Row 864: chunking disabled, using 1 chunk
2026-03-03 21:22:31,073 INFO Row 865: chunking disabled, using 1 chunk
2026-03-03 21:22:31,076 INFO Row 866: chunking disabled, using 1 chunk
2026-03-03 21:22:31,079 INFO Row 867: chunking disabled, using 1 chunk
2026-03-03 21:22:31,082 INFO Row 868: chunking disabled, using 1 chunk
2026-03-03 21:22:31,085 INFO Row 869: chunking disabled, using 1 chunk
2026-03-03 21:22:31,088 INFO Row 870: chunking disabled, using 1 chunk
2026-03-03 21:22:31,092 INFO Row 871: chunking disabled, using 1 chunk
2026-03-03 21:22:31,095 INFO Row 872: chunking disabled, using 1 chunk
2026-03-03 21:22:31,098 INFO Row 873: chunking disabled, using 1 chunk
2026-03-03 21:22:31,101 INFO Row 874: chunking disabled, using 1 chunk
2026-03-03 21:22:31,104 INFO Row 875: chunking disabled, using 1 chunk
2026-03-03 21:22:31,107 INFO Row 876: chunking disabled, using 1 chunk
2026-03-03 21:22:31,110 INFO Row 877: chunking disabled, using 1 chunk
2026-03-03 21:22:31,113 INFO Row 878: chunking disabled, using 1 chunk
2026-03-03 21:22:31,116 INFO Row 879: chunking disabled, using 1 chunk
2026-03-03 21:22:31,118 INFO Row 880: chunking disabled, using 1 chunk
2026-03-03 21:22:31,122 INFO Row 881: chunking disabled, using 1 chunk
2026-03-03 21:22:31,124 INFO Row 882: chunking disabled, using 1 chunk
2026-03-03 21:22:31,127 INFO Row 883: chunking disabled, using 1 chunk
2026-03-03 21:22:31,131 INFO Row 884: chunking disabled, using 1 chunk
2026-03-03 21:22:31,133 INFO Row 885: chunking disabled, using 1 chunk
2026-03-03 21:22:31,136 INFO Row 886: chunking disabled, using 1 chunk
2026-03-03 21:22:31,139 INFO Row 887: chunking disabled, using 1 chunk
2026-03-03 21:22:31,143 INFO Row 888: chunking disabled, using 1 chunk
2026-03-03 21:22:31,145 INFO Row 889: chunking disabled, using 1 chunk
2026-03-03 21:22:31,148 INFO Row 890: chunking disabled, using 1 chunk
2026-03-03 21:22:31,152 INFO Row 891: chunking disabled, using 1 chunk
2026-03-03 21:22:31,155 INFO Row 892: chunking disabled, using 1 chunk
2026-03-03 21:22:31,158 INFO Row 893: chunking disabled, using 1 chunk
2026-03-03 21:22:31,161 INFO Row 894: chunking disabled, using 1 chunk
2026-03-03 21:22:31,166 INFO Row 895: chunking disabled, using 1 chunk
2026-03-03 21:22:31,169 INFO Row 896: chunking disabled, using 1 chunk
2026-03-03 21:22:31,173 INFO Row 897: chunking disabled, using 1 chunk
2026-03-03 21:22:31,176 INFO Row 898: chunking disabled, using 1 chunk
2026-03-03 21:22:31,179 INFO Row 899: chunking disabled, using 1 chunk
2026-03-03 21:22:31,182 INFO Row 900: chunking disabled, using 1 chunk
2026-03-03 21:22:31,185 INFO Row 901: chunking disabled, using 1 chunk
2026-03-03 21:22:31,188 INFO Row 902: chunking disabled, using 1 chunk
2026-03-03 21:22:31,206 INFO Row 903: chunking disabled, using 1 chunk
2026-03-03 21:22:31,208 INFO Row 904: chunking disabled, using 1 chunk
2026-03-03 21:22:31,212 INFO Row 905: chunking disabled, using 1 chunk
2026-03-03 21:22:31,225 INFO Row 906: chunking disabled, using 1 chunk
2026-03-03 21:22:31,245 INFO Row 907: chunking disabled, using 1 chunk
2026-03-03 21:22:31,250 INFO Row 908: chunking disabled, using 1 chunk
2026-03-03 21:22:31,261 INFO Row 909: chunking disabled, using 1 chunk
2026-03-03 21:22:31,264 INFO Row 910: chunking disabled, using 1 chunk
2026-03-03 21:22:31,268 INFO Row 911: chunking disabled, using 1 chunk
2026-03-03 21:22:31,277 INFO Row 912: chunking disabled, using 1 chunk
2026-03-03 21:22:31,284 INFO Row 913: chunking disabled, using 1 chunk
2026-03-03 21:22:31,285 INFO Row 914: chunking disabled, using 1 chunk
2026-03-03 21:22:31,296 INFO Row 915: chunking disabled, using 1 chunk
2026-03-03 21:22:31,299 INFO Row 916: chunking disabled, using 1 chunk
2026-03-03 21:22:31,303 INFO Row 917: chunking disabled, using 1 chunk
2026-03-03 21:22:31,307 INFO Row 918: chunking disabled, using 1 chunk
2026-03-03 21:22:31,312 INFO Row 919: chunking disabled, using 1 chunk
2026-03-03 21:22:31,315 INFO Row 920: chunking disabled, using 1 chunk
2026-03-03 21:22:31,319 INFO Row 921: chunking disabled, using 1 chunk
2026-03-03 21:22:31,323 INFO Row 922: chunking disabled, using 1 chunk
2026-03-03 21:22:31,334 INFO Row 923: chunking disabled, using 1 chunk
2026-03-03 21:22:31,351 INFO Row 924: chunking disabled, using 1 chunk
2026-03-03 21:22:31,355 INFO Row 925: chunking disabled, using 1 chunk
2026-03-03 21:22:31,359 INFO Row 926: chunking disabled, using 1 chunk
2026-03-03 21:22:31,364 INFO Row 927: chunking disabled, using 1 chunk
2026-03-03 21:22:31,368 INFO Row 928: chunking disabled, using 1 chunk
2026-03-03 21:22:31,372 INFO Row 929: chunking disabled, using 1 chunk
2026-03-03 21:22:31,376 INFO Row 930: chunking disabled, using 1 chunk
2026-03-03 21:22:31,379 INFO Row 931: chunking disabled, using 1 chunk
2026-03-03 21:22:31,383 INFO Row 932: chunking disabled, using 1 chunk
2026-03-03 21:22:31,387 INFO Row 933: chunking disabled, using 1 chunk
2026-03-03 21:22:31,390 INFO Row 934: chunking disabled, using 1 chunk
2026-03-03 21:22:31,394 INFO Row 935: chunking disabled, using 1 chunk
2026-03-03 21:22:31,398 INFO Row 936: chunking disabled, using 1 chunk
2026-03-03 21:22:31,401 INFO Total 937 chunks to generate
2026-03-03 21:22:31,414 INFO LLM dispatch 1/47 size 20
/opt/mamba/envs/lcc/lib/python3.10/site-packages/vertexai/generative_models/_generative_models.py:433: UserWarning: This feature is deprecated as of June 24, 2025 and will be removed on June 24, 2026. For details, see https://cloud.google.com/vertex-ai/generative-ai/docs/deprecations/genai-vertexai-sdk.
  warning_logs.show_deprecation_warning()
2026-03-03 21:26:57,940 INFO LLM progress 20/937 rate 0.08/s ETA 12220.2s empty 0/20
2026-03-03 21:26:57,940 INFO LLM dispatch 2/47 size 20
2026-03-03 21:29:25,550 INFO LLM progress 40/937 rate 0.10/s ETA 9287.0s empty 0/20
2026-03-03 21:29:25,551 INFO LLM dispatch 3/47 size 20
2026-03-03 21:31:50,772 INFO LLM progress 60/937 rate 0.11/s ETA 8176.0s empty 0/20
2026-03-03 21:31:50,773 INFO LLM dispatch 4/47 size 20
2026-03-03 21:35:04,206 INFO LLM progress 80/937 rate 0.11/s ETA 8064.3s empty 0/20
2026-03-03 21:35:04,206 INFO LLM dispatch 5/47 size 20
2026-03-03 21:37:57,539 INFO LLM progress 100/937 rate 0.11/s ETA 7751.7s empty 0/20
2026-03-03 21:37:57,539 INFO LLM dispatch 6/47 size 20
2026-03-03 21:41:15,840 INFO LLM progress 120/937 rate 0.11/s ETA 7655.5s empty 0/20
2026-03-03 21:41:15,840 INFO LLM dispatch 7/47 size 20
2026-03-03 21:44:23,161 INFO LLM progress 140/937 rate 0.11/s ETA 7467.6s empty 0/20
2026-03-03 21:44:23,161 INFO LLM dispatch 8/47 size 20
2026-03-03 21:47:39,652 INFO LLM progress 160/937 rate 0.11/s ETA 7324.4s empty 0/20
2026-03-03 21:47:39,653 INFO LLM dispatch 9/47 size 20
2026-03-03 21:54:09,528 INFO LLM progress 180/937 rate 0.09/s ETA 7982.6s empty 0/20
2026-03-03 21:54:09,531 INFO LLM dispatch 10/47 size 20
2026-03-03 21:59:49,789 INFO LLM progress 200/937 rate 0.09/s ETA 8248.4s empty 0/20
2026-03-03 21:59:49,790 INFO LLM dispatch 11/47 size 20
2026-03-03 22:02:18,967 INFO LLM progress 220/937 rate 0.09/s ETA 7781.3s empty 0/20
2026-03-03 22:02:18,968 INFO LLM dispatch 12/47 size 20
2026-03-03 22:04:55,339 INFO LLM progress 240/937 rate 0.09/s ETA 7388.0s empty 0/20
2026-03-03 22:04:55,339 INFO LLM dispatch 13/47 size 20
2026-03-03 22:07:30,072 INFO LLM progress 260/937 rate 0.10/s ETA 7026.9s empty 0/20
2026-03-03 22:07:30,072 INFO LLM dispatch 14/47 size 20
2026-03-03 22:09:01,212 INFO LLM progress 280/937 rate 0.10/s ETA 6546.1s empty 0/20
2026-03-03 22:09:01,213 INFO LLM dispatch 15/47 size 20
2026-03-03 22:11:44,730 INFO LLM progress 300/937 rate 0.10/s ETA 6270.9s empty 0/20
2026-03-03 22:11:44,730 INFO LLM dispatch 16/47 size 20
2026-03-03 22:14:52,390 INFO LLM progress 320/937 rate 0.10/s ETA 6056.2s empty 0/20
2026-03-03 22:14:52,390 INFO LLM dispatch 17/47 size 20
2026-03-03 22:16:47,995 INFO LLM progress 340/937 rate 0.10/s ETA 5718.2s empty 0/20
2026-03-03 22:16:47,995 INFO LLM dispatch 18/47 size 20
2026-03-03 22:19:17,315 INFO LLM progress 360/937 rate 0.11/s ETA 5458.9s empty 0/20
2026-03-03 22:19:17,315 INFO LLM dispatch 19/47 size 20
2026-03-03 22:24:16,644 INFO LLM progress 380/937 rate 0.10/s ETA 5431.1s empty 0/20
2026-03-03 22:24:16,645 INFO LLM dispatch 20/47 size 20
E0000 00:00:1772547857.268245  830089 http_connect_handshaker.cc:114] HTTP proxy handshake with [unknown] failed: UNKNOWN: FD Shutdown [type.googleapis.com/grpc.status.children='\x15\x00\x00\x00\x08\x0e\x12\x11\x65ndpoint shutdown']
2026-03-03 22:27:30,089 INFO LLM progress 400/937 rate 0.10/s ETA 5234.0s empty 0/20
2026-03-03 22:27:30,089 INFO LLM dispatch 21/47 size 20
2026-03-03 22:29:07,307 INFO LLM progress 420/937 rate 0.11/s ETA 4918.8s empty 0/20
2026-03-03 22:29:07,307 INFO LLM dispatch 22/47 size 20
2026-03-03 22:32:31,514 INFO LLM progress 440/937 rate 0.10/s ETA 4744.2s empty 0/20
2026-03-03 22:32:31,514 INFO LLM dispatch 23/47 size 20
2026-03-03 22:36:03,067 INFO LLM progress 460/937 rate 0.10/s ETA 4574.7s empty 3/20
2026-03-03 22:36:03,067 INFO LLM dispatch 24/47 size 20
2026-03-03 22:38:40,068 INFO LLM progress 480/937 rate 0.11/s ETA 4349.7s empty 0/20
2026-03-03 22:38:40,068 INFO LLM dispatch 25/47 size 20
2026-03-03 22:40:56,322 INFO LLM progress 500/937 rate 0.11/s ETA 4112.1s empty 0/20
2026-03-03 22:40:56,322 INFO LLM dispatch 26/47 size 20
2026-03-03 22:46:38,508 INFO LLM progress 520/937 rate 0.10/s ETA 4047.4s empty 0/20
2026-03-03 22:46:38,509 INFO LLM dispatch 27/47 size 20
2026-03-03 22:48:59,101 INFO LLM progress 540/937 rate 0.10/s ETA 3813.9s empty 0/20
2026-03-03 22:48:59,102 INFO LLM dispatch 28/47 size 20
2026-03-03 22:51:42,752 INFO LLM progress 560/937 rate 0.10/s ETA 3602.6s empty 0/20
2026-03-03 22:51:42,752 INFO LLM dispatch 29/47 size 20
2026-03-03 22:55:24,489 INFO LLM progress 580/937 rate 0.10/s ETA 3430.3s empty 0/20
2026-03-03 22:55:24,492 INFO LLM dispatch 30/47 size 20
2026-03-03 22:58:00,456 INFO LLM progress 600/937 rate 0.10/s ETA 3217.8s empty 0/20
2026-03-03 22:58:00,456 INFO LLM dispatch 31/47 size 20
2026-03-03 23:01:37,379 INFO LLM progress 620/937 rate 0.10/s ETA 3040.1s empty 0/20
2026-03-03 23:01:37,379 INFO LLM dispatch 32/47 size 20
2026-03-03 23:05:31,226 INFO LLM progress 640/937 rate 0.10/s ETA 2867.8s empty 0/20
2026-03-03 23:05:31,226 INFO LLM dispatch 33/47 size 20
2026-03-03 23:07:59,591 INFO LLM progress 660/937 rate 0.10/s ETA 2655.9s empty 0/20
2026-03-03 23:07:59,591 INFO LLM dispatch 34/47 size 20
2026-03-03 23:12:47,694 INFO LLM progress 680/937 rate 0.10/s ETA 2500.6s empty 0/20
2026-03-03 23:12:47,697 INFO LLM dispatch 35/47 size 20
2026-03-03 23:16:41,078 INFO LLM progress 700/937 rate 0.10/s ETA 2319.1s empty 0/20
2026-03-03 23:16:41,078 INFO LLM dispatch 36/47 size 20
2026-03-03 23:20:33,687 INFO LLM progress 720/937 rate 0.10/s ETA 2134.5s empty 1/20
2026-03-03 23:20:33,687 INFO LLM dispatch 37/47 size 20
2026-03-03 23:23:14,115 INFO LLM progress 740/937 rate 0.10/s ETA 1928.1s empty 0/20
2026-03-03 23:23:14,116 INFO LLM dispatch 38/47 size 20
2026-03-03 23:31:07,117 INFO LLM progress 760/937 rate 0.10/s ETA 1796.9s empty 0/20
2026-03-03 23:31:07,117 INFO LLM dispatch 39/47 size 20
E0000 00:00:1772551867.649255  830090 http_connect_handshaker.cc:114] HTTP proxy handshake with [unknown] failed: UNKNOWN: FD Shutdown [type.googleapis.com/grpc.status.children='\x15\x00\x00\x00\x08\x0e\x12\x11\x65ndpoint shutdown']
2026-03-03 23:34:32,761 INFO LLM progress 780/937 rate 0.10/s ETA 1594.4s empty 0/20
2026-03-03 23:34:32,761 INFO LLM dispatch 40/47 size 20
2026-03-03 23:38:44,678 INFO LLM progress 800/937 rate 0.10/s ETA 1399.7s empty 3/20
2026-03-03 23:38:44,679 INFO LLM dispatch 41/47 size 20
2026-03-03 23:43:19,209 INFO LLM progress 820/937 rate 0.10/s ETA 1205.4s empty 0/20
2026-03-03 23:43:19,209 INFO LLM dispatch 42/47 size 20
2026-03-03 23:46:04,407 INFO LLM progress 840/937 rate 0.10/s ETA 994.6s empty 0/20
2026-03-03 23:46:04,407 INFO LLM dispatch 43/47 size 20
2026-03-03 23:49:37,142 INFO LLM progress 860/937 rate 0.10/s ETA 790.2s empty 3/20
2026-03-03 23:49:37,142 INFO LLM dispatch 44/47 size 20
2026-03-03 23:52:35,803 INFO LLM progress 880/937 rate 0.10/s ETA 583.2s empty 0/20
2026-03-03 23:52:35,803 INFO LLM dispatch 45/47 size 20
2026-03-03 23:55:57,769 INFO LLM progress 900/937 rate 0.10/s ETA 378.5s empty 0/20
2026-03-03 23:55:57,769 INFO LLM dispatch 46/47 size 20
2026-03-04 00:02:41,465 INFO LLM progress 920/937 rate 0.10/s ETA 177.6s empty 0/20
2026-03-04 00:02:41,465 INFO LLM dispatch 47/47 size 17
2026-03-04 00:03:32,993 INFO LLM progress 937/937 rate 0.10/s ETA 0.0s empty 0/17
2026-03-04 00:03:36,503 INFO Generation complete. Output saved to ../other_output/step_0.jsonl
2026-03-04 00:03:36,504 INFO ExtractCategoryProperties stage parse category other
2026-03-04 00:03:40,303 INFO ExtractCategoryProperties complete category other
2026-03-04 00:03:40,303 INFO Running save_results_to_csv category other total 937
2026-03-04 00:03:40,872 INFO save_results_to_csv progress category other 50/937
2026-03-04 00:03:41,769 INFO save_results_to_csv progress category other 100/937
2026-03-04 00:03:42,765 INFO save_results_to_csv progress category other 150/937
2026-03-04 00:03:43,985 INFO save_results_to_csv progress category other 200/937
2026-03-04 00:03:45,113 INFO save_results_to_csv progress category other 250/937
2026-03-04 00:03:46,171 INFO save_results_to_csv progress category other 300/937
2026-03-04 00:03:47,301 INFO save_results_to_csv progress category other 350/937
2026-03-04 00:03:48,003 INFO save_results_to_csv progress category other 400/937
2026-03-04 00:03:48,487 INFO save_results_to_csv progress category other 450/937
2026-03-04 00:03:48,983 INFO save_results_to_csv progress category other 500/937
2026-03-04 00:03:49,450 INFO save_results_to_csv progress category other 550/937
2026-03-04 00:03:49,962 INFO save_results_to_csv progress category other 600/937
2026-03-04 00:03:50,485 INFO save_results_to_csv progress category other 650/937
2026-03-04 00:03:50,985 INFO save_results_to_csv progress category other 700/937
2026-03-04 00:03:51,819 INFO save_results_to_csv progress category other 750/937
2026-03-04 00:03:52,804 INFO save_results_to_csv progress category other 800/937
2026-03-04 00:03:53,674 INFO save_results_to_csv progress category other 850/937
2026-03-04 00:03:54,502 INFO save_results_to_csv progress category other 900/937
2026-03-04 00:03:55,151 INFO save_results_to_csv complete category other total 937 nonempty 847 empty 86 rows 847
